motor,target_ratio,actual_ratio,gearbox,mass,efficiency,cost,ratio_error
U8,4.0,4.0,CPG,0.523,0.963,-0.472849571036611,0.0
U8,4.1,4.099099099099099,CPG,0.533,0.964,-0.461106225775864,0.0009009009009002256
U8,4.2,4.2,CPG,0.525,0.962,-0.4710730902103009,0.0
U8,4.3,4.3,CPG,0.559,0.963,-0.4607418781863992,0.0
U8,4.4,4.4,CPG,0.53,0.956,-0.4653980111549817,0.0
U8,4.5,4.5,CPG,0.526,0.955,-0.4665157531398644,0.0
U8,4.6,4.6,CPG,0.531,0.957,-0.4660498980757127,0.0
U8,4.7,4.699604743083004,CPG,0.604,0.967,-0.4446249606062973,0.0003952569169962672
U8,4.8,4.8,CPG,0.536,0.954,-0.4624732508964043,0.0
U8,4.9,4.9,CPG,0.551,0.959,-0.4609177649790954,0.0
U8,5.0,5.0,CPG,0.538,0.955,-0.4622888716886407,0.0
U8,5.1,5.1,CPG,0.543,0.955,-0.4609748186430586,0.0
U8,5.2,5.2,SSPG,0.544,0.96,-0.46388273610597,0.0
U8,5.3,5.301075268817205,CPG,0.551,0.952,-0.4450708955882207,0.0010752688172050995
U8,5.4,5.4,CPG,0.563,0.956,-0.4546519613017473,0.0
U8,5.5,5.5,SSPG,0.542,0.953,-0.4600186341682135,0.0
U8,5.6,5.6,CPG,0.555,0.956,-0.4575450115227997,0.0
U8,5.7,5.7,SSPG,0.541,0.947,-0.4557245602524411,0.0
U8,5.8,5.8,CPG,0.566,0.956,-0.4542100278007114,0.0
U8,5.9,6.0,SSPG,0.554,0.958,-0.4591332282090046,0.09999999999999964
U8,6.0,6.0,SSPG,0.554,0.958,-0.4591332282090046,0.0
U8,6.1,6.0,SSPG,0.554,0.958,-0.4591332282090046,0.09999999999999964
U8,6.2,6.2,CPG,0.584,0.954,-0.4465586277909159,0.0
U8,6.3,6.3,CPG,0.585,0.957,-0.4481544538694075,0.0
U8,6.4,6.4,CPG,0.624,0.958,-0.4356789748528173,0.0
U8,6.5,6.5,CPG,0.57,0.949,-0.4476200226167456,0.0
U8,6.6,6.6,CPG,0.578,0.952,-0.4474410221896576,0.0
U8,6.7,6.700757575757578,CPG,0.583,0.946,-0.433818852162965,0.0007575757575777331
U8,6.8,6.8,CPG,0.627,0.958,-0.4351084349353462,0.0
U8,6.9,6.9,CPG,0.664,0.958,-0.422947461550029,0.0
U8,7.0,7.0,CPG,0.587,0.946,-0.4404615944125309,0.0
U8,7.1,7.0,SSPG,0.587,0.946,-0.4402779875531576,0.09999999999999964
U8,7.2,7.200000000000001,CPG,0.581,0.942,-0.4396169036116854,8.881784197001252e-16
U8,7.3,7.3,CPG,0.601,0.949,-0.4373720644387686,0.0
U8,7.4,7.4,CPG,0.61,0.953,-0.4374945204538824,0.0
U8,7.5,7.5,CPG,0.601,0.951,-0.4385400265019871,0.0
U8,7.6,7.6,CPG,0.612,0.952,-0.4359596200169768,0.0
U8,7.7,7.69921875,CPG,0.609,0.947,-0.425550126466417,0.0007812500000001776
U8,7.8,7.8,CPG,0.602,0.948,-0.4364022037165074,0.0
U8,7.9,7.901960784313725,CPG,0.597,0.941,-0.4134396657564871,0.001960784313724595
U8,8.0,8.0,CPG,0.605,0.951,-0.4377663760214162,0.0
U8,8.1,8.098765432098766,CPG,0.689,0.959,-0.4027121979619374,0.001234567901233774
U8,8.2,8.2,CPG,0.674,0.954,-0.4166764294343307,0.0
U8,8.3,8.298245614035087,CPG,0.691,0.96,-0.3971397437021123,0.0017543859649133964
U8,8.4,8.4,CPG,0.662,0.948,-0.4165732507887469,0.0
U8,8.5,8.5,CPG,0.663,0.952,-0.419132109981422,0.0
U8,8.6,8.6,CPG,0.657,0.948,-0.4183221272009166,0.0
U8,8.7,8.7,CPG,0.664,0.953,-0.4195167912679556,0.0
U8,8.8,8.8,CPG,0.627,0.948,-0.4280116013497502,0.0
U8,8.9,8.90625,CPG,0.666,0.954,-0.3571094723871512,0.006249999999999645
U8,9.0,8.999999999999998,CPG,0.609,0.939,-0.4286429953822388,1.7763568394002505e-15
U8,9.1,9.1,CPG,0.627,0.945,-0.4261138226996848,0.0
U8,9.2,9.2,CPG,0.698,0.95,-0.4063051130901489,0.0
U8,9.3,9.306122448979592,CPG,0.637,0.945,-0.3617109603552583,0.0061224489795908
U8,9.4,9.4,CPG,0.699,0.951,-0.4067566373291192,0.0
U8,9.5,9.5,CPG,0.703,0.954,-0.4070885814186995,0.0
U8,9.6,9.6,CPG,0.688,0.95,-0.4092606224147153,0.0
U8,9.7,9.696969696969695,CPG,0.669,0.95,-0.3852436786117791,0.003030303030303827
U8,9.8,9.8,CPG,0.699,0.952,-0.407485820127953,0.0
U8,9.9,9.896825396825395,CPG,0.679,0.945,-0.3775369437357384,0.0031746031746049397
U8,10.0,10.0,CPG,0.64,0.943,-0.4203890611152458,0.0
U8,10.1,10.096153846153848,CPG,0.68,0.95,-0.3740258650317226,0.003846153846151168
U8,10.2,10.2,CPG,0.703,0.952,-0.4056131149538376,0.0
U8,10.3,10.29810298102981,CPG,0.709,0.954,-0.3863690439464474,0.001897018970190345
U8,10.4,10.4,CPG,0.722,0.953,-0.4002646759141168,0.0
U8,10.5,10.5,CPG,0.695,0.944,-0.4036257265816393,0.0
U8,10.6,10.603658536585366,CPG,0.725,0.951,-0.361571295586233,0.003658536585366079
U8,10.7,10.703448275862067,CPG,0.714,0.948,-0.3655248824656857,0.003448275862067973
U8,10.8,10.8,CPG,0.718,0.945,-0.3960202377705524,0.0
U8,10.9,10.89,CPG,0.713,0.949,-0.3007842016703912,0.009999999999999787
U8,11.0,11.0,CPG,0.668,0.939,-0.4089038060994726,0.0
U8,11.1,11.099099099099098,CPG,0.72,0.941,-0.3838746766511022,0.0009009009009020019
U8,11.2,11.2,CPG,0.685,0.937,-0.4015743056790092,0.0
U8,11.3,11.302083333333334,CPG,0.734,0.949,-0.3723376478986192,0.002083333333333215
U8,11.4,11.314285714285717,WPG,0.757,0.903,-0.3551082235024654,0.08571428571428363
U8,11.5,11.5,CPG,0.738,0.947,-0.3909830770141254,0.0
U8,11.6,11.555555555555555,WPG,0.723,0.913,-0.3730888957052506,0.04444444444444429
U8,11.7,11.700980392156865,CPG,0.727,0.939,-0.3797246784772204,0.0009803921568654062
U8,11.8,11.801242236024844,CPG,0.751,0.949,-0.3757626484350724,0.0012422360248436348
U8,11.9,11.815384615384616,WPG,0.728,0.902,-0.3638411615932885,0.08461538461538431
U8,12.0,12.0,CPG,0.708,0.944,-0.3990202253774983,0.0
U8,12.1,12.1,WPG,0.771,0.886,-0.3393777558017696,0.0
U8,12.2,12.212121212121213,WPG,0.727,0.911,-0.370472880527252,0.012121212121213532
U8,12.3,12.212121212121213,WPG,0.727,0.911,-0.370472880527252,0.08787878787878789
U8,12.4,12.4,CPG,0.731,0.941,-0.3891905397137567,0.0
U8,12.5,12.5,CPG,0.721,0.945,-0.3949996430433178,0.0
U8,12.6,12.597402597402596,CPG,0.759,0.949,-0.3590901924921692,0.0025974025974040416
U8,12.7,12.692307692307692,WPG,0.771,0.902,-0.3496000212912637,0.007692307692307665
U8,12.8,12.9,WPG,0.767,0.912,-0.3576887730735849,0.09999999999999964
U8,12.9,12.9,WPG,0.767,0.912,-0.3576887730735849,0.0
U8,13.0,13.0,CPG,0.741,0.936,-0.3827710141997848,0.0
U8,13.1,13.090909090909092,WPG,0.74,0.911,-0.3664422923002559,0.009090909090907928
U8,13.2,13.142857142857142,WPG,0.822,0.881,-0.3188529434845984,0.05714285714285694
U8,13.3,13.333333333333334,WPG,0.738,0.917,-0.3706004110192435,0.033333333333333215
U8,13.4,13.333333333333334,WPG,0.738,0.917,-0.3706004110192435,0.06666666666666643
U8,13.5,13.5,WPG,0.774,0.91,-0.3546954374438504,0.0
U8,13.6,13.6,CPG,0.763,0.944,-0.3807650123877471,0.0
U8,13.7,13.75,WPG,0.749,0.882,-0.3440157451559033,0.05000000000000071
U8,13.8,13.75,WPG,0.749,0.882,-0.3440157451559033,0.05000000000000071
U8,13.9,13.92,WPG,0.702,0.897,-0.369544673647013,0.019999999999999574
U8,14.0,14.0,WPG,0.787,0.892,-0.3381482105508727,0.0
U8,14.1,14.090909090909092,WPG,0.751,0.899,-0.354360934350274,0.009090909090907928
U8,14.2,14.192307692307692,WPG,0.782,0.909,-0.3510151227435629,0.007692307692307665
U8,14.3,14.3,WPG,0.758,0.9,-0.3530962741559441,0.0
U8,14.4,14.425925925925926,WPG,0.784,0.915,-0.3541011160825552,0.02592592592592524
U8,14.5,14.5,WPG,0.712,0.881,-0.3552599419563832,0.0
U8,14.6,14.577777777777778,WPG,0.793,0.891,-0.335285816831708,0.022222222222222143
U8,14.7,14.761904761904765,WPG,0.771,0.857,-0.319675932734338,0.06190476190476524
U8,14.8,14.823529411764708,WPG,0.804,0.878,-0.3227201222468804,0.023529411764707575
U8,14.9,14.909090909090908,WPG,0.79,0.918,-0.3547280964402646,0.009090909090907928
U8,15.0,15.0,WPG,0.715,0.907,-0.3721373657376983,0.0
U8,15.1,15.085714285714284,WPG,0.8,0.903,-0.3407755542814073,0.014285714285716011
U8,15.2,15.238095238095235,WPG,0.757,0.89,-0.3463372380783006,0.038095238095236184
U8,15.3,15.353535353535351,WPG,0.752,0.913,-0.3632945711796206,0.05353535353535044
U8,15.4,15.4,WPG,0.721,0.879,-0.3509231347494415,0.0
U8,15.5,15.494736842105263,WPG,0.85,0.879,-0.3084882958421919,0.005263157894736636
U8,15.6,15.583333333333334,WPG,0.811,0.892,-0.3302915000970606,0.01666666666666572
U8,15.7,15.711538461538462,WPG,0.805,0.909,-0.343329355408674,0.011538461538462386
U8,15.8,15.785714285714286,WPG,0.761,0.899,-0.3508438302565532,0.014285714285714235
U8,15.9,15.954545454545457,WPG,0.762,0.906,-0.3554300424617284,0.05454545454545645
U8,16.0,16.0,WPG,0.761,0.916,-0.3628128538205144,0.0
U8,16.1,16.11111111111111,WPG,0.729,0.895,-0.3592722303236365,0.011111111111109295
U8,16.2,16.2,WPG,0.713,0.893,-0.362788002352385,0.0
U8,16.3,16.244444444444444,WPG,0.818,0.891,-0.3270413591610032,0.055555555555557135
U8,16.4,16.466666666666665,WPG,0.768,0.911,-0.3566116808491906,0.06666666666666643
U8,16.5,16.5,WPG,0.719,0.877,-0.3502787565653618,0.0
U8,16.6,16.615384615384617,WPG,0.819,0.9,-0.3327718115397626,0.01538461538461533
U8,16.7,16.675,WPG,0.738,0.879,-0.3454181543308998,0.02499999999999858
U8,16.8,16.77922077922078,WPG,0.776,0.897,-0.3449029595057061,0.020779220779221674
U8,16.9,16.88888888888889,WPG,0.78,0.887,-0.3368567269708379,0.011111111111109295
U8,17.0,16.96969696969697,WPG,0.776,0.919,-0.3596033197535971,0.030303030303031164
U8,17.1,17.1,WPG,0.779,0.904,-0.3484483063277379,0.0
U8,17.2,17.185185185185187,WPG,0.79,0.908,-0.3473981576730193,0.014814814814812394
U8,17.3,17.333333333333332,WPG,0.781,0.914,-0.3546399968521608,0.03333333333333144
U8,17.4,17.333333333333332,WPG,0.781,0.914,-0.3546399968521608,0.06666666666666643
U8,17.5,17.5,WPG,0.746,0.893,-0.3520055042670869,0.0
U8,17.6,17.571428571428573,WPG,0.788,0.899,-0.341943344274949,0.02857142857142847
U8,17.7,17.704545454545453,WPG,0.789,0.906,-0.3466201229610109,0.004545454545453964
U8,17.8,17.82716049382716,WPG,0.789,0.908,-0.3481683519501596,0.027160493827160792
U8,17.9,17.88888888888889,WPG,0.753,0.877,-0.3392462776527548,0.011111111111109295
U8,18.0,18.0,WPG,0.756,0.879,-0.3395929788988611,0.0
U8,18.1,18.05128205128205,WPG,0.809,0.855,-0.3059737420321525,0.04871794871795032
U8,18.2,18.22222222222222,WPG,0.795,0.911,-0.3477012179105748,0.022222222222222143
U8,18.3,18.22222222222222,WPG,0.795,0.911,-0.3477012179105748,0.07777777777777928
U8,18.4,18.416666666666668,WPG,0.812,0.882,-0.3231486157831378,0.016666666666669272
U8,18.5,18.5,WPG,0.8,0.901,-0.3396394468727667,0.0
U8,18.6,18.6,WPG,0.763,0.895,-0.3479402305383776,0.0
U8,18.7,18.7012987012987,WPG,0.805,0.897,-0.3353346793647984,0.0012987012987011326
U8,18.8,18.742857142857144,WPG,0.812,0.874,-0.317614513495058,0.05714285714285694
U8,18.9,18.88888888888889,WPG,0.81,0.887,-0.3270172359264448,0.011111111111109295
U8,19.0,19.0,WPG,0.807,0.911,-0.3441290864393082,0.0
U8,19.1,19.133333333333333,WPG,0.809,0.914,-0.3454442880845383,0.03333333333333144
U8,19.2,19.2,WPG,0.8,0.883,-0.3275220910297482,0.0
U8,19.3,19.33333333333333,WPG,0.772,0.877,-0.3329056796400454,0.033333333333327886
U8,19.4,19.40625,WPG,0.757,0.875,-0.336155913301585,0.006250000000001421
U8,19.5,19.52777777777778,WPG,0.816,0.905,-0.3373202389133359,0.027777777777778567
U8,19.6,19.6,WPG,0.779,0.851,-0.3127917227245022,0.0
U8,19.7,19.692307692307693,WPG,0.826,0.873,-0.3122566521308914,0.007692307692305889
U8,19.8,19.753086419753085,WPG,0.819,0.908,-0.3384061896159963,0.04691358024691539
U8,19.9,19.91111111111111,WPG,0.826,0.895,-0.3272452796230924,0.011111111111112848
U8,20.0,20.0,WPG,0.786,0.852,-0.3119039441542069,0.0
U8,20.1,20.09090909090909,WPG,0.828,0.885,-0.3198577126651887,0.009090909090911481
U8,20.2,20.25,WPG,0.813,0.898,-0.3333838593104581,0.05000000000000071
U8,20.3,20.25,WPG,0.813,0.898,-0.3333838593104581,0.05000000000000071
U8,20.4,20.428571428571427,WPG,0.829,0.916,-0.3400783853832296,0.02857142857142847
U8,20.5,20.5,WPG,0.845,0.853,-0.2926092056465353,0.0
U8,20.6,20.58333333333333,WPG,0.832,0.901,-0.3291699077972821,0.016666666666672825
U8,20.7,20.727272727272727,WPG,0.834,0.912,-0.3358309014861806,0.027272727272727337
U8,20.8,20.8,WPG,0.842,0.871,-0.3057494219346983,0.0
U8,20.9,20.88571428571429,WPG,0.889,0.874,-0.2924245764602317,0.014285714285708906
U8,21.0,21.0,WPG,0.838,0.911,-0.3339251609599253,0.0
U8,21.1,21.142857142857142,WPG,0.841,0.907,-0.3302966443468918,0.04285714285714093
U8,21.2,21.25,WPG,0.799,0.889,-0.332258864391168,0.05000000000000071
U8,21.3,21.25,WPG,0.799,0.889,-0.332258864391168,0.05000000000000071
U8,21.4,21.357142857142858,WPG,0.762,0.871,-0.3323421362732734,0.04285714285714093
U8,21.5,21.53333333333333,WPG,0.851,0.883,-0.3109909578568501,0.03333333333333144
U8,21.6,21.60606060606061,WPG,0.807,0.852,-0.3049266430574713,0.006060606060607654
U8,21.7,21.714285714285715,WPG,0.836,0.901,-0.3281050361447465,0.014285714285716011
U8,21.8,21.77777777777778,WPG,0.851,0.908,-0.327877026166204,0.022222222222222143
U8,21.9,21.923076923076923,WPG,0.902,0.889,-0.2976197403772326,0.02307692307692477
U8,22.0,22.0,WPG,0.795,0.829,-0.29329397580139,0.0
U8,22.1,22.10909090909091,WPG,0.863,0.869,-0.2977903879374363,0.009090909090907928
U8,22.2,22.257142857142856,WPG,0.86,0.895,-0.3159081748304094,0.05714285714285694
U8,22.3,22.275,WPG,0.859,0.879,-0.3054950181980498,0.02500000000000213
U8,22.4,22.38888888888889,WPG,0.814,0.877,-0.3190837333448836,0.011111111111109295
U8,22.5,22.5,WPG,0.851,0.894,-0.3185329210843633,0.0
U8,22.6,22.5625,WPG,0.864,0.898,-0.3167077404610797,0.03750000000000142
U8,22.7,22.666666666666668,WPG,0.818,0.878,-0.3180019354552209,0.03333333333333144
U8,22.8,22.77777777777778,WPG,0.867,0.901,-0.3178569072196728,0.022222222222222143
U8,22.9,22.857142857142858,WPG,0.867,0.912,-0.3249097957394167,0.04285714285714093
U8,23.0,23.0,WPG,0.824,0.851,-0.2981569288811415,0.0
U8,23.1,23.142857142857142,WPG,0.923,0.874,-0.2809389082682822,0.04285714285714093
U8,23.2,23.22222222222222,WPG,0.921,0.887,-0.2903517154922759,0.022222222222222143
U8,23.3,23.296296296296298,WPG,0.864,0.881,-0.3049114099881891,0.0037037037037030984
U8,23.4,23.4,WPG,0.876,0.907,-0.3187853173228467,0.0
U8,23.5,23.5,WPG,0.968,0.855,-0.2532949768313486,0.0
U8,23.6,23.59183673469388,WPG,0.829,0.885,-0.3195377315810165,0.008163265306119882
U8,23.7,23.68,WPG,0.873,0.867,-0.2930060243770037,0.019999999999999574
U8,23.8,23.785714285714285,WPG,0.87,0.889,-0.3086753482976974,0.014285714285716011
U8,23.9,23.916666666666668,WPG,0.884,0.905,-0.3147851719591337,0.016666666666669272
U8,24.0,24.0,WPG,0.873,0.902,-0.3165538282187352,0.0
U8,24.1,24.126984126984127,WPG,0.889,0.902,-0.3108250256924534,0.026984126984125112
U8,24.2,24.126984126984127,WPG,0.889,0.902,-0.3108250256924534,0.07301587301587276
U8,24.3,24.369230769230768,WPG,0.941,0.873,-0.2741916655163336,0.06923076923076721
U8,24.4,24.369230769230768,WPG,0.941,0.873,-0.2741916655163336,0.03076923076923066
U8,24.5,24.571428571428573,WPG,0.896,0.895,-0.3037949038415197,0.07142857142857295
U8,24.6,24.571428571428573,WPG,0.896,0.895,-0.3037949038415197,0.02857142857142847
U8,24.7,24.703703703703702,WPG,0.846,0.849,-0.2894465396670204,0.0037037037037030984
U8,24.8,24.8,WPG,0.848,0.851,-0.2901807506044025,0.0
U8,24.9,24.88888888888889,WPG,0.92,0.818,-0.2441473303555445,0.011111111111109295
U8,25.0,25.0,WPG,0.902,0.898,-0.3041330128867133,0.0
U8,25.1,25.107142857142858,WPG,0.891,0.895,-0.3054047709858681,0.007142857142856229
U8,25.2,25.142857142857142,WPG,0.852,0.874,-0.3044125196465854,0.05714285714285694
U8,25.3,25.27777777777778,WPG,0.866,0.813,-0.2590093473655096,0.022222222222222143
U8,25.5,25.5,WPG,0.855,0.89,-0.3138005538294951,0.0
U8,25.6,25.6,WPG,0.859,0.865,-0.2959024195907921,0.0
U8,25.7,25.666666666666668,WPG,0.864,0.842,-0.2790186152259454,0.03333333333333144
U8,25.8,25.8,WPG,0.919,0.871,-0.2805920077494877,0.0
U8,25.9,25.88235294117647,WPG,0.979,0.82,-0.2260572934679273,0.017647058823527573
U8,26.0,26.0,WPG,0.921,0.881,-0.2861997296338845,0.0
U8,26.1,26.133333333333333,WPG,0.935,0.732,-0.1815229438249557,0.03333333333333144
U8,26.2,26.133333333333333,WPG,0.935,0.732,-0.1815229438249557,0.06666666666666643
U8,26.3,26.363636363636363,WPG,0.875,0.801,-0.2476289481791614,0.0636363636363626
U8,26.4,26.363636363636363,WPG,0.875,0.801,-0.2476289481791614,0.036363636363635266
U8,26.5,26.52,WPG,0.931,0.867,-0.2738074820671546,0.019999999999999574
U8,26.6,26.6,WPG,0.929,0.883,-0.2850931339878364,0.0
U8,26.7,26.714285714285715,WPG,0.872,0.881,-0.3021293947747551,0.014285714285716011
U8,26.8,26.78787878787879,WPG,0.922,0.852,-0.2669490154432624,0.012121212121211755
U8,26.9,26.892307692307693,WPG,0.981,0.873,-0.261025229222903,0.007692307692305889
U8,27.0,27.0,WPG,0.881,0.845,-0.2752572962009091,0.0
U8,27.1,27.125,WPG,0.885,0.802,-0.2454026855685942,0.02499999999999858
U8,27.2,27.23809523809524,WPG,0.831,0.843,-0.2904986423572894,0.03809523809524151
U8,27.3,27.272727272727277,WPG,0.985,0.885,-0.2681486745795308,0.027272727272723785
U8,27.4,27.40740740740741,WPG,0.928,0.897,-0.2946350964664603,0.00740740740740975
U8,27.5,27.49090909090909,WPG,0.945,0.87,-0.2706770000923265,0.009090909090911481
U8,27.6,27.5625,WPG,0.944,0.898,-0.2905678832124855,0.03750000000000142
U8,27.8,27.857142857142858,WPG,0.949,0.895,-0.2861456715007682,0.05714285714285694
U8,27.9,27.857142857142858,WPG,0.949,0.895,-0.2861456715007682,0.04285714285714093
U8,28.0,28.0,WPG,0.892,0.862,-0.2832711624953103,0.0
U8,28.1,28.115384615384617,WPG,0.958,0.85,-0.2534261537518659,0.01538461538461533
U8,28.2,28.2,WPG,1.005,0.853,-0.2395341431990088,0.0
U8,28.3,28.33333333333333,WPG,0.895,0.874,-0.2902336914080795,0.033333333333327886
U8,28.4,28.444444444444443,WPG,0.883,0.869,-0.2908965145857965,0.04444444444444429
U8,28.5,28.5,WPG,0.948,0.89,-0.2832405439932404,0.0
U8,28.6,28.6,WPG,0.91,0.809,-0.241865746336641,0.0
U8,28.7,28.703703703703702,WPG,0.9,0.849,-0.2715001550924026,0.0037037037037030984
U8,28.8,28.85185185185185,WPG,0.966,0.881,-0.2714120048702083,0.05185185185185048
U8,28.9,28.85185185185185,WPG,0.966,0.881,-0.2714120048702083,0.048148148148147385
U8,29.0,29.0,WPG,0.889,0.846,-0.273497953281507,0.0
U8,29.1,29.166666666666668,WPG,0.91,0.842,-0.2640433026147841,0.06666666666666643
U8,29.2,29.166666666666668,WPG,0.91,0.842,-0.2640433026147841,0.03333333333333144
U8,29.3,29.285714285714285,WPG,0.972,0.89,-0.2751164255604677,0.014285714285716011
U8,29.4,29.33333333333333,WPG,0.972,0.902,-0.2833751878531891,0.06666666666666998
U8,29.5,29.46938775510204,WPG,0.962,0.886,-0.2758884385519006,0.03061224489795933
U8,29.6,29.571428571428573,WPG,0.86,0.843,-0.2811926716528318,0.02857142857142847
U8,29.7,29.6875,WPG,0.863,0.794,-0.247223491962191,0.01249999999999929
U8,29.8,29.75,WPG,0.984,0.849,-0.2439355680409121,0.05000000000000071
U8,30.0,30.0,WPG,0.918,0.881,-0.2873077779197926,0.0
U8,30.3,30.4,WPG,0.991,0.87,-0.2554539826339531,0.09999999999999787
U8,30.4,30.4,WPG,0.991,0.87,-0.2554539826339531,0.0
U8,30.5,30.545454545454547,WPG,0.933,0.811,-0.235707908544264,0.045454545454546746
U8,30.6,30.6,WPG,0.973,0.851,-0.2488318162841503,0.0
U8,30.7,30.75,WPG,0.996,0.895,-0.2708056912297836,0.05000000000000071
U8,30.8,30.814814814814813,WPG,0.93,0.849,-0.2617261753847164,0.014814814814812394
U8,30.9,30.814814814814813,WPG,0.93,0.849,-0.2617261753847164,0.08518518518518547
U8,31.0,31.0,WPG,0.922,0.853,-0.2673645549865909,0.0
U8,31.1,31.085714285714285,WPG,0.935,0.858,-0.2665962551207996,0.014285714285716011
U8,31.2,31.25,WPG,0.936,0.846,-0.2582154693288525,0.05000000000000071
U8,31.3,31.25,WPG,0.936,0.846,-0.2582154693288525,0.05000000000000071
U8,31.4,31.45,WPG,0.939,0.862,-0.2677433114266649,0.05000000000000071
U8,31.5,31.45,WPG,0.939,0.862,-0.2677433114266649,0.05000000000000071
U8,31.6,31.666666666666668,WPG,0.998,0.89,-0.2668347902407682,0.06666666666666643
U8,31.7,31.714285714285715,WPG,1.003,0.874,-0.2548737798280232,0.014285714285716011
U8,31.8,31.85185185185185,WPG,1.015,0.881,-0.255449231371416,0.05185185185185048
U8,31.9,31.875,WPG,0.947,0.839,-0.2496093504049768,0.02499999999999858
U8,32.0,32.0,WPG,1.019,0.865,-0.2432333482596883,0.0
U8,32.1,32.111111111111114,WPG,0.948,0.869,-0.2695293004856563,0.011111111111112848
U8,32.2,32.25,WPG,1.021,0.89,-0.2591528246286543,0.04999999999999716
U8,32.3,32.25,WPG,1.021,0.89,-0.2591528246286543,0.04999999999999716
U8,32.5,32.5,WPG,0.895,0.794,-0.2367220603634,0.0
U8,32.6,32.57142857142857,WPG,0.882,0.791,-0.2388321732134627,0.028571428571432023
U8,32.7,32.68,WPG,1.028,0.868,-0.2418976051070569,0.020000000000003126
U8,32.8,32.76190476190476,WPG,1.036,0.816,-0.2049257641704893,0.03809523809523796
U8,32.9,32.888888888888886,WPG,0.96,0.842,-0.247637743786735,0.011111111111112848
U8,33.0,33.0,WPG,0.961,0.849,-0.2513923969487844,0.0
U8,33.1,33.1578947368421,WPG,1.107,0.759,-0.14325775519323,0.057894736842101224
U8,33.2,33.1578947368421,WPG,1.107,0.759,-0.14325775519323,0.0421052631579002
U8,33.3,33.291666666666664,WPG,1.089,0.818,-0.189086237004968,0.00833333333333286
U8,33.4,33.476190476190474,WPG,1.031,0.881,-0.2500594143243286,0.07619047619047592
U8,33.5,33.476190476190474,WPG,1.031,0.881,-0.2500594143243286,0.0238095238095255
U8,33.6,33.583333333333336,WPG,0.92,0.803,-0.2347819156532018,0.01666666666666572
U8,33.7,33.785714285714285,WPG,1.046,0.895,-0.2542923151395759,0.08571428571428186
U8,33.8,33.785714285714285,WPG,1.046,0.895,-0.2542923151395759,0.014285714285712459
U8,34.0,34.0,WPG,1.054,0.845,-0.2182672529015515,0.0
U8,34.2,34.22222222222222,WPG,0.919,0.722,-0.180703213763864,0.02222222222221859
U8,34.3,34.34615384615385,WPG,1.1,0.85,-0.2064709793607212,0.04615384615384954
U8,34.4,34.34615384615385,WPG,1.1,0.85,-0.2064709793607212,0.05384615384615188
U8,34.5,34.46153846153846,WPG,1.063,0.815,-0.195109787148989,0.0384615384615401
U8,34.6,34.61538461538461,WPG,1.062,0.803,-0.1878635204254918,0.015384615384611777
U8,34.7,34.75555555555555,WPG,1.11,0.817,-0.1812239120569684,0.05555555555555003
U8,34.8,34.75555555555555,WPG,1.11,0.817,-0.1812239120569684,0.04444444444444429
U8,34.9,34.97142857142857,WPG,0.988,0.858,-0.2490733570936884,0.0714285714285694
U8,35.0,35.0,WPG,0.935,0.83,-0.2479749491452239,0.0
U10,4.0,4.0,CPG,0.829,0.963,-0.3714488117650367,0.0
U10,4.1,4.099099099099099,CPG,0.849,0.964,-0.3568793384278323,0.0009009009009002256
U10,4.2,4.2,CPG,0.838,0.962,-0.3676170766333099,0.0
U10,4.3,4.3,CPG,0.88,0.963,-0.354721664768501,0.0
U10,4.4,4.4,SSPG,0.827,0.956,-0.3675146342522011,0.0
U10,4.5,4.5,CPG,0.838,0.958,-0.3651366873757354,0.0
U10,4.6,4.6,SSPG,0.836,0.957,-0.3653526553504592,0.0
U10,4.7,4.699604743083004,CPG,0.918,0.967,-0.340846805562377,0.0003952569169962672
U10,4.8,4.8,SSPG,0.855,0.958,-0.3598699818353869,0.0
U10,4.9,4.9,CPG,0.867,0.959,-0.3565677476835713,0.0
U10,5.0,5.0,SSPG,0.852,0.959,-0.3615368830043379,0.0
U10,5.1,5.1,CPG,0.866,0.955,-0.3543352039105265,0.0
U10,5.2,5.2,SSPG,0.849,0.96,-0.3631371146702543,0.0
U10,5.3,5.301075268817205,CPG,0.876,0.952,-0.3378395801149919,0.0010752688172050995
U10,5.4,5.4,SSPG,0.844,0.945,-0.3548657666569918,0.0
U10,5.5,5.5,SSPG,0.844,0.953,-0.3603894847637776,0.0
U10,5.6,5.6,CPG,0.884,0.956,-0.3490268174249904,0.0
U10,5.7,5.7,SSPG,0.839,0.947,-0.3573017468739512,0.0
U10,5.8,5.8,SSPG,0.894,0.962,-0.3499217530760418,0.0
U10,5.9,6.0,SSPG,0.853,0.952,-0.3562969814254954,0.09999999999999964
U10,6.0,6.0,SSPG,0.853,0.952,-0.3562969814254954,0.0
U10,6.1,6.0,SSPG,0.853,0.952,-0.3562969814254954,0.09999999999999964
U10,6.2,6.2,CPG,0.917,0.954,-0.3366689063760756,0.0
U10,6.3,6.3,SSPG,0.884,0.949,-0.3441084293483868,0.0
U10,6.4,6.4,CPG,0.951,0.958,-0.3279060345301823,0.0
U10,6.5,6.5,CPG,0.896,0.949,-0.34003265782837,0.0
U10,6.6,6.6,CPG,0.89,0.946,-0.3398459835869502,0.0
U10,6.7,6.700757575757578,CPG,0.916,0.946,-0.3241646420588212,0.0007575757575777331
U10,6.8,6.8,CPG,0.955,0.958,-0.3267636136648555,0.0
U10,6.9,6.9,CPG,0.99,0.958,-0.3152886786560627,0.0
U10,7.0,7.0,SSPG,0.895,0.946,-0.3386064926670414,0.0
U10,7.1,7.0,SSPG,0.895,0.946,-0.3386064926670414,0.09999999999999964
U10,7.2,7.200000000000001,CPG,0.913,0.942,-0.3300247565916497,8.881784197001252e-16
U10,7.3,7.3,CPG,0.944,0.949,-0.324415110991727,0.0
U10,7.4,7.4,CPG,0.955,0.953,-0.3234499344936054,0.0
U10,7.5,7.5,CPG,0.943,0.951,-0.3256217795496278,0.0
U10,7.6,7.6,CPG,0.958,0.952,-0.32151320462504,0.0
U10,7.7,7.69921875,CPG,0.956,0.947,-0.3112609760272044,0.0007812500000001776
U10,7.8,7.8,CPG,0.945,0.948,-0.3232289059367865,0.0
U10,7.9,7.901960784313725,CPG,0.938,0.941,-0.3011604283430171,0.001960784313724595
U10,8.0,8.0,CPG,0.949,0.951,-0.3241407021419445,0.0
U10,8.1,8.098765432098766,CPG,1.028,0.959,-0.2909509897900202,0.001234567901233774
U10,8.2,8.198198198198199,CPG,0.94,0.942,-0.3030819337020539,0.0018018018018004511
U10,8.3,8.297872340425531,CPG,1.016,0.959,-0.2858900414873431,0.002127659574469476
U10,8.4,8.4,CPG,0.994,0.948,-0.3068314350290467,0.0
U10,8.5,8.5,CPG,1.013,0.956,-0.3060901463352324,0.0
U10,8.6,8.6,CPG,1.001,0.948,-0.304808405776227,0.0
U10,8.7,8.7,CPG,1.011,0.953,-0.3049599526777785,0.0
U10,8.8,8.8,CPG,0.983,0.948,-0.3107245062083011,0.0
U10,8.9,8.90625,CPG,1.014,0.954,-0.2422564372671516,0.006249999999999645
U10,9.0,8.999999999999998,CPG,0.955,0.939,-0.3144095984802739,1.7763568394002505e-15
U10,9.1,9.1,CPG,0.983,0.945,-0.3087349140328727,0.0
U10,9.2,9.2,CPG,1.043,0.95,-0.2927132017696423,0.0
U10,9.3,9.306122448979592,CPG,0.997,0.945,-0.2427542557676009,0.0061224489795908
U10,9.4,9.4,CPG,1.043,0.951,-0.2931046051637017,0.0
U10,9.5,9.5,CPG,1.049,0.954,-0.2927976716611911,0.0
U10,9.6,9.6,CPG,1.036,0.951,-0.2955523216810183,0.0
U10,9.7,9.696969696969695,CPG,1.019,0.95,-0.2696693032960554,0.003030303030303827
U10,9.8,9.8,CPG,1.044,0.952,-0.2936657391062514,0.0
U10,9.9,9.896825396825395,CPG,1.035,0.945,-0.2602461166578023,0.0031746031746049397
U10,10.0,10.0,CPG,1.003,0.943,-0.3007481257298767,0.0
U10,10.1,10.096153846153848,CPG,1.035,0.95,-0.2567182958552526,0.003846153846151168
U10,10.2,10.2,CPG,1.05,0.952,-0.2910566178910988,0.0
U10,10.3,10.29810298102981,CPG,1.058,0.954,-0.2709624490318263,0.001897018970190345
U10,10.4,10.4,CPG,1.077,0.953,-0.2828413263199426,0.0
U10,10.5,10.5,CPG,1.057,0.944,-0.2838563610349963,0.0
U10,10.6,10.603658536585366,CPG,1.082,0.951,-0.2436280739775045,0.003658536585366079
U10,10.7,10.703448275862067,CPG,1.066,0.948,-0.2492540137125281,0.003448275862067973
U10,10.8,10.8,CPG,1.072,0.945,-0.2792898487058015,0.0
U10,10.9,10.89,CPG,1.065,0.949,-0.1845700357390751,0.009999999999999787
U10,11.0,11.0,CPG,1.044,0.939,-0.2847350480258976,0.0
U10,11.1,11.099099099099098,CPG,1.075,0.941,-0.2666996451576249,0.0009009009009020019
U10,11.2,11.2,CPG,1.043,0.937,-0.2834332115769205,0.0
U10,11.3,11.302083333333334,CPG,1.097,0.949,-0.2527307219666619,0.002083333333333215
U10,11.4,11.314285714285717,WPG,1.106,0.903,-0.2400387185870898,0.08571428571428363
U10,11.5,11.5,CPG,1.103,0.947,-0.2706991935240429,0.0
U10,11.6,11.555555555555555,WPG,1.072,0.913,-0.2576957680733225,0.04444444444444429
U10,11.7,11.700980392156865,CPG,1.085,0.939,-0.2614368030162508,0.0009803921568654062
U10,11.8,11.801242236024844,CPG,1.122,0.949,-0.253428083277578,0.0012422360248436348
U10,11.9,11.815384615384616,WPG,1.08,0.902,-0.2476560618716581,0.08461538461538431
U10,12.0,12.0,CPG,1.078,0.944,-0.2768779010484507,0.0
U10,12.1,12.1,WPG,1.126,0.886,-0.2222189170640387,0.0
U10,12.2,12.212121212121213,WPG,1.082,0.911,-0.2535675314800928,0.012121212121213532
U10,12.3,12.212121212121213,WPG,1.082,0.911,-0.2535675314800928,0.08787878787878789
U10,12.4,12.4,CPG,1.112,0.941,-0.2634096371202962,0.0
U10,12.5,12.5,CPG,1.098,0.945,-0.2706778496309402,0.0
U10,12.6,12.597402597402596,CPG,1.134,0.949,-0.2353825515699395,0.0025974025974040416
U10,12.7,12.692307692307692,WPG,1.128,0.902,-0.2317841349826854,0.007692307692307665
U10,12.8,12.9,WPG,1.141,0.912,-0.2343307831594537,0.09999999999999964
U10,12.9,12.9,WPG,1.141,0.912,-0.2343307831594537,0.0
U10,13.0,13.0,CPG,1.107,0.936,-0.2620473139669516,0.0
U10,13.1,13.090909090909092,WPG,1.099,0.911,-0.247852746278737,0.009090909090907928
U10,13.2,13.115384615384617,WPG,1.106,0.884,-0.2270668801384838,0.08461538461538254
U10,13.3,13.333333333333334,WPG,1.1,0.917,-0.2511920896681698,0.033333333333333215
U10,13.4,13.333333333333334,WPG,1.1,0.917,-0.2511920896681698,0.06666666666666643
U10,13.5,13.5,WPG,1.152,0.91,-0.229725170098749,0.0
U10,13.6,13.6,CPG,1.14,0.944,-0.2562782567270854,0.0
U10,13.7,13.75,WPG,1.116,0.882,-0.2230859110450337,0.05000000000000071
U10,13.8,13.75,WPG,1.116,0.882,-0.2230859110450337,0.05000000000000071
U10,13.9,13.92,WPG,1.069,0.897,-0.248405430081952,0.019999999999999574
U10,14.0,13.962962962962964,WPG,1.067,0.907,-0.2557652722091423,0.03703703703703631
U10,14.1,14.090909090909092,WPG,1.118,0.899,-0.2333094849509158,0.009090909090907928
U10,14.2,14.192307692307692,WPG,1.166,0.909,-0.2241530827181561,0.007692307692307665
U10,14.3,14.3,WPG,1.125,0.9,-0.2319507146259443,0.0
U10,14.4,14.425925925925926,WPG,1.169,0.915,-0.2268605051152765,0.02592592592592524
U10,14.5,14.5,WPG,1.084,0.881,-0.2325213677137978,0.0
U10,14.6,14.577777777777778,WPG,1.183,0.891,-0.2067211382638103,0.022222222222222143
U10,14.7,14.636363636363637,WPG,1.123,0.859,-0.2049761281485327,0.0636363636363626
U10,14.8,14.823529411764708,WPG,1.197,0.878,-0.1930360951848771,0.023529411764707575
U10,14.9,14.909090909090908,WPG,1.179,0.918,-0.2264053303909581,0.009090909090907928
U10,15.0,15.0,WPG,1.088,0.907,-0.2490241636733242,0.0
U10,15.1,15.085714285714284,WPG,1.19,0.903,-0.2120049970304385,0.014285714285716011
U10,15.2,15.238095238095235,WPG,1.152,0.89,-0.2159326825571811,0.038095238095236184
U10,15.3,15.353535353535351,WPG,1.146,0.913,-0.2334837332403961,0.05353535353535044
U10,15.4,15.4,WPG,1.1,0.879,-0.2259625094948438,0.0
U10,15.5,15.494736842105263,WPG,1.246,0.879,-0.1778709431118537,0.005263157894736636
U10,15.6,15.583333333333334,WPG,1.206,0.892,-0.1998896013988534,0.01666666666666572
U10,15.7,15.681818181818182,WPG,1.106,0.881,-0.2251638674281102,0.018181818181817633
U10,15.8,15.785714285714286,WPG,1.16,0.899,-0.2192218374889215,0.014285714285714235
U10,15.9,15.954545454545457,WPG,1.161,0.906,-0.2236416034145675,0.05454545454545645
U10,16.0,16.0,WPG,1.159,0.916,-0.2314710511324048,0.0
U10,16.1,16.11111111111111,WPG,1.11,0.895,-0.2333438914015924,0.011111111111109295
U10,16.2,16.2,WPG,1.097,0.893,-0.236005023591037,0.0
U10,16.3,16.346153846153847,WPG,1.199,0.884,-0.1962831795887497,0.04615384615384599
U10,16.4,16.346153846153847,WPG,1.199,0.884,-0.1962831795887497,0.05384615384615188
U10,16.5,16.5,WPG,1.106,0.877,-0.2225454092206774,0.0
U10,16.6,16.615384615384617,WPG,1.222,0.9,-0.199826040114956,0.01538461538461533
U10,16.7,16.675,WPG,1.124,0.879,-0.2180125261156727,0.02499999999999858
U10,16.8,16.77922077922078,WPG,1.183,0.897,-0.2104358302847511,0.020779220779221674
U10,16.9,16.88888888888889,WPG,1.189,0.887,-0.2017296237029324,0.011111111111109295
U10,17.0,16.96969696969697,WPG,1.181,0.919,-0.2258352184012628,0.030303030303031164
U10,17.1,17.1,WPG,1.188,0.904,-0.2133970061265512,0.0
U10,17.2,17.185185185185187,WPG,1.176,0.908,-0.2198122883155754,0.014814814814812394
U10,17.3,17.333333333333332,WPG,1.19,0.914,-0.2195689138715882,0.03333333333333144
U10,17.4,17.333333333333332,WPG,1.19,0.914,-0.2195689138715882,0.06666666666666643
U10,17.5,17.5,WPG,1.138,0.893,-0.2226393833606798,0.0
U10,17.6,17.571428571428573,WPG,1.199,0.899,-0.206330291184372,0.02857142857142847
U10,17.7,17.704545454545453,WPG,1.2,0.906,-0.2108795983368578,0.004545454545453964
U10,17.8,17.82716049382716,WPG,1.203,0.908,-0.2113780504727574,0.027160493827160792
U10,17.9,17.88888888888889,WPG,1.148,0.877,-0.2088115649131661,0.011111111111109295
U10,18.0,18.0,WPG,1.15,0.879,-0.2095861047756811,0.0
U10,18.1,18.05128205128205,WPG,1.204,0.855,-0.1758924775642176,0.04871794871795032
U10,18.2,18.22222222222222,WPG,1.21,0.911,-0.2107612741756556,0.022222222222222143
U10,18.3,18.22222222222222,WPG,1.21,0.911,-0.2107612741756556,0.07777777777777928
U10,18.4,18.416666666666668,WPG,1.206,0.882,-0.193149932242268,0.016666666666669272
U10,18.5,18.5,WPG,1.222,0.901,-0.2005555256121073,0.0
U10,18.6,18.6,WPG,1.16,0.895,-0.2169567908156656,0.0
U10,18.7,18.7012987012987,WPG,1.225,0.897,-0.196527578666538,0.0012987012987011326
U10,18.8,18.742857142857144,WPG,1.235,0.874,-0.1781883850739163,0.05714285714285694
U10,18.9,18.88888888888889,WPG,1.233,0.887,-0.1874215602760136,0.011111111111109295
U10,19.0,19.0,WPG,1.23,0.911,-0.204352335199802,0.0
U10,19.1,19.133333333333333,WPG,1.231,0.914,-0.2062200768577952,0.03333333333333144
U10,19.2,19.2,WPG,1.23,0.883,-0.1855883973292748,0.0
U10,19.3,19.33333333333333,WPG,1.176,0.877,-0.1995961943520356,0.033333333333327886
U10,19.4,19.40625,WPG,1.164,0.875,-0.2018692592189917,0.006250000000001421
U10,19.5,19.5,WPG,1.225,0.881,-0.185865849940912,0.0
U10,19.6,19.6,WPG,1.18,0.851,-0.1806271021880106,0.0
U10,19.7,19.692307692307693,WPG,1.257,0.873,-0.1701196520839781,0.007692307692305889
U10,19.8,19.753086419753085,WPG,1.247,0.908,-0.197169904895568,0.04691358024691539
U10,19.9,19.91111111111111,WPG,1.231,0.895,-0.1934989197032401,0.011111111111112848
U10,20.0,20.0,WPG,1.194,0.852,-0.1771092435056379,0.0
U10,20.1,20.09090909090909,WPG,1.262,0.885,-0.1768023704680216,0.009090909090911481
U10,20.2,20.25,WPG,1.25,0.898,-0.1892091729864667,0.05000000000000071
U10,20.3,20.25,WPG,1.25,0.898,-0.1892091729864667,0.05000000000000071
U10,20.4,20.428571428571427,WPG,1.263,0.916,-0.1969757556782687,0.02857142857142847
U10,20.5,20.5,WPG,1.283,0.853,-0.14792587586217,0.0
U10,20.6,20.58333333333333,WPG,1.268,0.901,-0.1852758337500846,0.016666666666672825
U10,20.7,20.727272727272727,WPG,1.271,0.912,-0.1915333490732784,0.027272727272727337
U10,20.8,20.8,WPG,1.25,0.879,-0.1766627088970285,0.0
U10,20.9,20.88571428571429,WPG,1.326,0.874,-0.1481614418600241,0.014285714285708906
U10,21.0,21.0,WPG,1.195,0.875,-0.1916553324999333,0.0
U10,21.1,21.142857142857142,WPG,1.283,0.907,-0.1844196358694521,0.04285714285714093
U10,21.2,21.25,WPG,1.215,0.889,-0.194853343744042,0.05000000000000071
U10,21.3,21.25,WPG,1.215,0.889,-0.194853343744042,0.05000000000000071
U10,21.4,21.357142857142858,WPG,1.159,0.871,-0.2012958351410186,0.04285714285714093
U10,21.5,21.53333333333333,WPG,1.297,0.883,-0.1637332205198717,0.03333333333333144
U10,21.6,21.60606060606061,WPG,1.225,0.852,-0.1669688141666931,0.006060606060607654
U10,21.7,21.714285714285715,WPG,1.284,0.901,-0.1801335404907791,0.014285714285716011
U10,21.8,21.77777777777778,WPG,1.293,0.908,-0.1818227731986326,0.022222222222222143
U10,21.9,21.923076923076923,WPG,1.345,0.889,-0.1515268308441564,0.02307692307692477
U10,22.0,22.0,WPG,1.18,0.829,-0.1660384274062735,0.0
U10,22.1,22.10909090909091,WPG,1.315,0.869,-0.1485939685677598,0.009090909090907928
U10,22.2,22.257142857142856,WPG,1.308,0.895,-0.1680507485675854,0.05714285714285694
U10,22.3,22.272727272727277,WPG,1.246,0.847,-0.156112091007546,0.027272727272723785
U10,22.4,22.38888888888889,WPG,1.237,0.877,-0.1794686834394929,0.011111111111109295
U10,22.5,22.5,WPG,1.308,0.894,-0.1677561894586346,0.0
U10,22.6,22.5625,WPG,1.317,0.898,-0.1671298833105558,0.03750000000000142
U10,22.7,22.666666666666668,WPG,1.249,0.865,-0.1673184869027699,0.03333333333333144
U10,22.8,22.77777777777778,WPG,1.319,0.901,-0.1687435709742464,0.022222222222222143
U10,22.9,22.857142857142858,WPG,1.32,0.912,-0.1755836422148223,0.04285714285714093
U10,23.0,23.0,WPG,1.252,0.851,-0.1567401793952094,0.0
U10,23.1,23.142857142857142,WPG,1.377,0.874,-0.1314248805045292,0.04285714285714093
U10,23.2,23.22222222222222,WPG,1.375,0.887,-0.1406274221072395,0.022222222222222143
U10,23.3,23.296296296296298,WPG,1.326,0.881,-0.1524612761902,0.0037037037037030984
U10,23.4,23.4,WPG,1.334,0.907,-0.1675738149079425,0.0
U10,23.5,23.5,WPG,1.424,0.855,-0.1027443605416637,0.0
U10,23.6,23.59183673469388,WPG,1.263,0.885,-0.1764640162219708,0.008163265306119882
U10,23.7,23.68,WPG,1.339,0.867,-0.1391341155325037,0.019999999999999574
U10,23.8,23.8,WPG,1.277,0.844,-0.1445296910691719,0.0
U10,23.9,23.916666666666668,WPG,1.345,0.905,-0.1627158956481559,0.016666666666669272
U10,24.0,24.0,WPG,1.34,0.902,-0.162485006436865,0.0
U10,24.1,24.126984126984127,WPG,1.354,0.902,-0.1571475245103133,0.026984126984125112
U10,24.2,24.181818181818183,WPG,1.264,0.801,-0.1193706388518456,0.018181818181815856
U10,24.3,24.369230769230768,WPG,1.405,0.873,-0.1212421583438667,0.06923076923076721
U10,24.4,24.369230769230768,WPG,1.405,0.873,-0.1212421583438667,0.03076923076923066
U10,24.5,24.571428571428573,WPG,1.361,0.895,-0.1503327622942713,0.07142857142857295
U10,24.6,24.571428571428573,WPG,1.361,0.895,-0.1503327622942713,0.02857142857142847
U10,24.7,24.703703703703702,WPG,1.265,0.849,-0.1510189713045377,0.0037037037037030984
U10,24.8,24.8,WPG,1.287,0.851,-0.1450889806498499,0.0
U10,24.9,24.88888888888889,WPG,1.398,0.818,-0.0866135951361044,0.011111111111109295
U10,25.0,25.0,WPG,1.225,0.843,-0.1605445281453308,0.0
U10,25.1,25.107142857142858,WPG,1.366,0.895,-0.1484600167548358,0.007142857142856229
U10,25.2,25.142857142857142,WPG,1.298,0.874,-0.1571981380973716,0.05714285714285694
U10,25.3,25.27777777777778,WPG,1.315,0.813,-0.1108181836792052,0.022222222222222143
U10,25.5,25.5,WPG,1.302,0.878,-0.1585017035496127,0.0
U10,25.6,25.6,WPG,1.306,0.865,-0.1486172750423953,0.0
U10,25.7,25.666666666666668,WPG,1.316,0.842,-0.1299277178910584,0.03333333333333144
U10,25.8,25.8,WPG,1.395,0.871,-0.1235809550400478,0.0
U10,25.9,25.88235294117647,WPG,1.46,0.82,-0.0675633808576142,0.017647058823527573
U10,26.0,26.0,WPG,1.402,0.881,-0.1273333372447177,0.0
U10,26.1,26.133333333333333,WPG,1.366,0.732,-0.0392735677654068,0.03333333333333144
U10,26.2,26.133333333333333,WPG,1.366,0.732,-0.0392735677654068,0.06666666666666643
U10,26.3,26.363636363636363,WPG,1.331,0.801,-0.0972703617894722,0.0636363636363626
U10,26.4,26.363636363636363,WPG,1.331,0.801,-0.0972703617894722,0.036363636363635266
U10,26.5,26.52,WPG,1.418,0.867,-0.1132793445553461,0.019999999999999574
U10,26.6,26.6,WPG,1.412,0.883,-0.125760068942367,0.0
U10,26.7,26.714285714285715,WPG,1.329,0.881,-0.1514261743050675,0.014285714285716011
U10,26.8,26.83333333333333,WPG,1.301,0.846,-0.1376059702352374,0.033333333333327886
U10,26.9,26.892307692307693,WPG,1.463,0.873,-0.1019782272749227,0.007692307692305889
U10,27.0,27.0,WPG,1.338,0.845,-0.1245158953041213,0.0
U10,27.1,27.125,WPG,1.342,0.802,-0.0946183770317808,0.02499999999999858
U10,27.2,27.23809523809524,WPG,1.264,0.843,-0.1477969639303125,0.03809523809524151
U10,27.3,27.23809523809524,WPG,1.264,0.843,-0.1477969639303125,0.06190476190475991
U10,27.4,27.40740740740741,WPG,1.422,0.897,-0.13153054163108,0.00740740740740975
U10,27.5,27.49090909090909,WPG,1.436,0.87,-0.1088078122325653,0.009090909090911481
U10,27.6,27.5625,WPG,1.434,0.898,-0.1287819693139587,0.03750000000000142
U10,27.8,27.857142857142858,WPG,1.445,0.895,-0.1225082842347808,0.05714285714285694
U10,27.9,27.857142857142858,WPG,1.445,0.895,-0.1225082842347808,0.04285714285714093
U10,28.0,28.0,WPG,1.356,0.862,-0.1300964683672624,0.0
U10,28.1,28.115384615384617,WPG,1.453,0.85,-0.0899876311197261,0.01538461538461533
U10,28.2,28.2,WPG,1.498,0.853,-0.0770961172363851,0.0
U10,28.3,28.33333333333333,WPG,1.361,0.874,-0.1364153614771339,0.033333333333327886
U10,28.4,28.444444444444443,WPG,1.354,0.869,-0.1354767540621065,0.04444444444444429
U10,28.5,28.5,WPG,1.454,0.89,-0.116404642491087,0.0
U10,28.6,28.6,WPG,1.384,0.809,-0.0853070103036236,0.0
U10,28.7,28.703703703703702,WPG,1.367,0.849,-0.1174034993243686,0.0037037037037030984
U10,28.8,28.85185185185185,WPG,1.469,0.881,-0.1055807147858741,0.05185185185185048
U10,28.9,28.85185185185185,WPG,1.469,0.881,-0.1055807147858741,0.048148148148147385
U10,29.0,29.0,WPG,1.34,0.846,-0.1247009375703586,0.0
U10,29.1,29.166666666666668,WPG,1.383,0.842,-0.1079453943091068,0.06666666666666643
U10,29.2,29.166666666666668,WPG,1.383,0.842,-0.1079453943091068,0.03333333333333144
U10,29.3,29.285714285714285,WPG,1.478,0.89,-0.1081787793942501,0.014285714285716011
U10,29.4,29.33333333333333,WPG,1.477,0.902,-0.1168332926480067,0.06666666666666998
U10,29.5,29.46938775510204,WPG,1.474,0.886,-0.1071828768463988,0.03061224489795933
U10,29.6,29.571428571428573,WPG,1.305,0.843,-0.1341738628058629,0.02857142857142847
U10,29.7,29.6875,WPG,1.296,0.794,-0.1040856233608757,0.01249999999999929
U10,29.8,29.75,WPG,1.493,0.849,-0.075772660387416,0.05000000000000071
U10,30.0,30.0,WPG,1.395,0.881,-0.1296827586199742,0.0
U10,30.3,30.4,WPG,1.448,0.845,-0.0880528759990628,0.09999999999999787
U10,30.4,30.4,WPG,1.448,0.845,-0.0880528759990628,0.0
U10,30.5,30.545454545454547,WPG,1.416,0.811,-0.076420452434523,0.045454545454546746
U10,30.6,30.6,WPG,1.45,0.851,-0.0913008566150613,0.0
U10,30.7,30.75,WPG,1.514,0.895,-0.0999247213830573,0.05000000000000071
U10,30.8,30.814814814814813,WPG,1.411,0.849,-0.1030492633176999,0.014814814814812394
U10,30.9,30.814814814814813,WPG,1.411,0.849,-0.1030492633176999,0.08518518518518547
U10,31.0,31.0,WPG,1.344,0.853,-0.1281528688423077,0.0
U10,31.1,31.085714285714285,WPG,1.422,0.858,-0.1057675654432859,0.014285714285716011
U10,31.2,31.25,WPG,1.422,0.846,-0.0976502833712104,0.05000000000000071
U10,31.3,31.25,WPG,1.422,0.846,-0.0976502833712104,0.05000000000000071
U10,31.4,31.45,WPG,1.425,0.862,-0.1073133296921372,0.05000000000000071
U10,31.5,31.45,WPG,1.425,0.862,-0.1073133296921372,0.05000000000000071
U10,31.6,31.666666666666668,WPG,1.527,0.89,-0.092196859795408,0.06666666666666643
U10,31.7,31.714285714285715,WPG,1.535,0.874,-0.0791594312285464,0.014285714285716011
U10,31.8,31.85185185185185,WPG,1.54,0.881,-0.0820779686685071,0.05185185185185048
U10,31.9,31.875,WPG,1.441,0.839,-0.0867307233774151,0.02499999999999858
U10,32.0,32.0,WPG,1.55,0.865,-0.0681972322344037,0.0
U10,32.1,32.111111111111114,WPG,1.442,0.869,-0.1064145518421999,0.011111111111112848
U10,32.2,32.111111111111114,WPG,1.442,0.869,-0.1064145518421999,0.08888888888888857
U10,32.3,32.30769230769231,WPG,1.486,0.803,-0.0479645912240411,0.007692307692309441
U10,32.4,32.30769230769231,WPG,1.486,0.803,-0.0479645912240411,0.09230769230769198
U10,32.5,32.5,WPG,1.359,0.794,-0.0836400418825129,0.0
U10,32.6,32.57142857142857,WPG,1.34,0.791,-0.0876755783066101,0.028571428571432023
U10,32.7,32.6530612244898,WPG,1.564,0.886,-0.0774149229874067,0.0469387755102062
U10,32.8,32.888888888888886,WPG,1.456,0.842,-0.0838446018612307,0.08888888888888857
U10,32.9,32.888888888888886,WPG,1.456,0.842,-0.0838446018612307,0.011111111111112848
U10,33.0,33.0,WPG,1.304,0.786,-0.0964521403798372,0.0
U10,33.1,33.142857142857146,WPG,1.473,0.73,-0.0026409806612495,0.04285714285714448
U10,33.2,33.142857142857146,WPG,1.473,0.73,-0.0026409806612495,0.05714285714285694
U10,33.3,33.291666666666664,WPG,1.623,0.818,-0.0129664536663889,0.00833333333333286
U10,33.4,33.476190476190474,WPG,1.578,0.881,-0.0696149374509655,0.07619047619047592
U10,33.5,33.476190476190474,WPG,1.578,0.881,-0.0696149374509655,0.0238095238095255
U10,33.6,33.583333333333336,WPG,1.397,0.803,-0.0773590724678889,0.01666666666666572
U10,33.7,33.785714285714285,WPG,1.588,0.895,-0.0755936422724822,0.08571428571428186
U10,33.8,33.785714285714285,WPG,1.588,0.895,-0.0755936422724822,0.014285714285712459
U10,34.0,34.0,WPG,1.601,0.845,-0.0375928258210549,0.0
U10,34.2,34.22222222222222,WPG,1.372,0.722,-0.031105606407421,0.02222222222221859
U10,34.3,34.34615384615385,WPG,1.642,0.85,-0.027796867813834,0.04615384615384954
U10,34.4,34.34615384615385,WPG,1.642,0.85,-0.027796867813834,0.05384615384615188
U10,34.5,34.54545454545455,WPG,1.537,0.812,-0.036655381768717,0.045454545454546746
U10,34.6,34.54545454545455,WPG,1.537,0.812,-0.036655381768717,0.054545454545454675
U10,34.7,34.75555555555555,WPG,1.657,0.817,-0.0010043158136737,0.05555555555555003
U10,34.8,34.75555555555555,WPG,1.657,0.817,-0.0010043158136737,0.04444444444444429
U10,34.9,34.97142857142857,WPG,1.501,0.858,-0.0799700752154657,0.0714285714285694
U10,35.0,35.0,WPG,1.421,0.83,-0.087361607417939,0.0
U12,4.0,4.0,CPG,1.232,0.949,-0.2292955504601456,0.0
U12,4.1,4.1,SSPG,1.295,0.964,-0.2181797556094135,0.0
U12,4.2,4.2,CPG,1.26,0.948,-0.2195654378281782,0.0
U12,4.3,4.300813008130081,CPG,1.283,0.947,-0.2031358123340888,0.0008130081300814496
U12,4.4,4.4,SSPG,1.289,0.956,-0.2151094648651839,0.0
U12,4.5,4.5,CPG,1.302,0.958,-0.2120915758570434,0.0
U12,4.6,4.6,SSPG,1.322,0.957,-0.2049809473754986,0.0
U12,4.7,4.7,CPG,1.402,0.967,-0.1854321549592558,0.0
U12,4.8,4.8,SSPG,1.308,0.951,-0.2057029868072818,0.0
U12,4.9,4.9,CPG,1.354,0.955,-0.1932277936433594,0.0
U12,5.0,5.0,SSPG,1.324,0.959,-0.2060354139072725,0.0
U12,5.1,5.1,SSPG,1.328,0.943,-0.1939261403059727,0.0
U12,5.2,5.2,SSPG,1.345,0.96,-0.1994795410771097,0.0
U12,5.3,5.3023255813953485,SSPG,1.388,0.971,-0.1695841116515203,0.0023255813953486637
U12,5.4,5.4,SSPG,1.317,0.945,-0.1985497057942276,0.0
U12,5.5,5.5,SSPG,1.348,0.953,-0.1941068957043273,0.0
U12,5.6,5.6,SSPG,1.354,0.962,-0.1975210804486448,0.0
U12,5.7,5.7,SSPG,1.336,0.947,-0.1933500202929712,0.0
U12,5.8,5.8,SSPG,1.396,0.962,-0.1842839896943068,0.0
U12,5.9,6.0,SSPG,1.363,0.955,-0.1903949223959814,0.09999999999999964
U12,6.0,6.0,SSPG,1.363,0.955,-0.1903949223959814,0.0
U12,6.1,6.0,SSPG,1.363,0.955,-0.1903949223959814,0.09999999999999964
U12,6.2,6.2,SSPG,1.408,0.964,-0.1809278500087743,0.0
U12,6.3,6.3,SSPG,1.368,0.949,-0.1844197776986664,0.0
U12,6.4,6.4,SSPG,1.441,0.964,-0.1702902466162997,0.0
U12,6.5,6.5,SSPG,1.391,0.957,-0.1821496157524855,0.0
U12,6.6,6.6,SSPG,1.393,0.95,-0.1766335074393927,0.0
U12,6.7,6.698924731182796,CPG,1.449,0.954,-0.1505122168672664,0.0010752688172042113
U12,6.8,6.8,SSPG,1.476,0.965,-0.1592630551985416,0.0
U12,6.9,6.9,SSPG,1.409,0.951,-0.1720890448603116,0.0
U12,7.0,7.0,SSPG,1.419,0.946,-0.1658199093400166,0.0
U12,7.1,7.100840336134452,CPG,1.456,0.945,-0.1444942683480247,0.0008403361344520022
U12,7.2,7.2,SSPG,1.444,0.96,-0.166538530853926,0.0
U12,7.3,7.2,SSPG,1.444,0.96,-0.166538530853926,0.09999999999999964
U12,7.4,7.399999999999999,CPG,1.531,0.96,-0.138101692331941,1.7763568394002505e-15
U12,7.5,7.5,CPG,1.513,0.952,-0.1385480628023706,0.0
U12,7.6,7.6,CPG,1.535,0.963,-0.1387104544391051,0.0
U12,7.7,7.699218750000001,CPG,1.489,0.947,-0.1352473179542591,0.0007812499999992895
U12,7.8,7.800000000000001,CPG,1.494,0.945,-0.140251352385417,8.881784197001252e-16
U12,7.9,7.901960784313725,CPG,1.492,0.941,-0.1181514988054239,0.001960784313724595
U12,8.0,8.0,CPG,1.467,0.938,-0.1442830989212351,0.0
U12,8.1,8.098765432098764,CPG,1.601,0.959,-0.1018577343316567,0.0012345679012355504
U12,8.2,8.198198198198199,CPG,1.51,0.942,-0.114894594894652,0.0018018018018004511
U12,8.3,8.300536672629695,CPG,1.621,0.962,-0.1044354222583674,0.000536672629694479
U12,8.4,8.4,CPG,1.562,0.958,-0.1266487519323684,0.0
U12,8.5,8.500000000000002,CPG,1.562,0.952,-0.1225470993008406,1.7763568394002505e-15
U12,8.6,8.6,CPG,1.565,0.948,-0.1188020478983105,0.0
U12,8.7,8.700000000000001,CPG,1.598,0.953,-0.1111713610898375,1.7763568394002505e-15
U12,8.8,8.799999999999999,CPG,1.565,0.949,-0.1192565718975571,1.7763568394002505e-15
U12,8.9,8.90625,WPG,1.649,0.933,-0.0809875752339202,0.006249999999999645
U12,9.0,9.000000000000002,CPG,1.528,0.939,-0.1253395354991829,1.7763568394002505e-15
U12,9.1,9.1,CPG,1.552,0.945,-0.1209704346646742,0.0
U12,9.2,9.2,CPG,1.633,0.95,-0.0979261060491942,0.0
U12,9.3,9.25,WPG,1.65,0.932,-0.0801041863952614,0.05000000000000071
U12,9.4,9.4,CPG,1.634,0.951,-0.0981548819506802,0.0
U12,9.5,9.5,CPG,1.646,0.954,-0.0957769077977467,0.0
U12,9.6,9.6,CPG,1.62,0.951,-0.1029193038374662,0.0
U12,9.7,9.676923076923076,WPG,1.662,0.94,-0.0811078653986581,0.023076923076922995
U12,9.8,9.8,CPG,1.636,0.952,-0.0982281639005956,0.0
U12,9.9,9.846153846153848,WPG,1.669,0.935,-0.0759866482339127,0.05384615384615188
U12,10.0,9.999999999999998,CPG,1.572,0.941,-0.1117319414514735,1.7763568394002505e-15
U12,10.1,10.090909090909092,WPG,1.679,0.942,-0.0771860902466191,0.009090909090907928
U12,10.2,10.2,CPG,1.65,0.952,-0.0932429953686927,0.0
U12,10.3,10.29810298102981,CPG,1.666,0.954,-0.0703144936330916,0.001897018970190345
U12,10.4,10.4,CPG,1.673,0.954,-0.0872562159750722,0.0
U12,10.5,10.5,CPG,1.628,0.944,-0.0955746390147079,0.0
U12,10.6,10.625,WPG,1.672,0.929,-0.0705446274455311,0.025000000000000355
U12,10.7,10.710743801652892,WPG,1.704,0.941,-0.0679150180531488,0.010743801652893126
U12,10.8,10.8,CPG,1.712,0.945,-0.0680938456948518,0.0
U12,10.9,10.9010989010989,CPG,1.75,0.958,-0.0532405209304731,0.0010989010988993186
U12,11.0,11.0,CPG,1.629,0.939,-0.0916682676156369,0.0
U12,11.1,11.099099099099098,CPG,1.7,0.941,-0.0605295570937457,0.0009009009009020019
U12,11.2,11.2,CPG,1.643,0.937,-0.0851541452065881,0.0
U12,11.3,11.302083333333334,WPG,1.701,0.929,-0.0608339849070473,0.002083333333333215
U12,11.4,11.4,CPG,1.768,0.955,-0.0564399541833355,0.0
U12,11.5,11.5,CPG,1.759,0.947,-0.054218825227697,0.0
U12,11.6,11.636363636363637,WPG,1.687,0.92,-0.059862162879046,0.03636363636363704
U12,11.7,11.666666666666666,WPG,1.716,0.933,-0.058725211484511,0.033333333333333215
U12,11.8,11.8,CPG,1.814,0.957,-0.0425742729246328,0.0
U12,11.9,11.88,WPG,1.659,0.916,-0.0661271991428947,0.019999999999999574
U12,12.0,12.0,WPG,1.701,0.926,-0.0587750101397559,0.0
U12,12.1,12.1,WPG,1.739,0.907,-0.0336527082063571,0.0
U12,12.2,12.212121212121213,WPG,1.718,0.911,-0.0436367171837736,0.012121212121213532
U12,12.3,12.272727272727272,WPG,1.688,0.903,-0.0476869528956961,0.027272727272729114
U12,12.4,12.4,CPG,1.717,0.941,-0.0635635378360929,0.0
U12,12.5,12.5,CPG,1.774,0.949,-0.0508356942846996,0.0
U12,12.6,12.6,CPG,1.827,0.954,-0.0361281038038235,0.0
U12,12.7,12.704081632653065,CPG,1.734,0.939,-0.0160272677079327,0.00408163265306527
U12,12.8,12.7875,WPG,1.767,0.926,-0.0370768432419917,0.012500000000001066
U12,12.9,12.916666666666666,WPG,1.744,0.923,-0.0432229294634987,0.01666666666666572
U12,13.0,13.0,WPG,1.684,0.901,-0.0478883251189002,0.0
U12,13.1,13.090909090909092,WPG,1.756,0.911,-0.0311926663175136,0.009090909090907928
U12,13.2,13.22222222222222,WPG,1.757,0.913,-0.0317859290631769,0.022222222222220367
U12,13.3,13.333333333333334,WPG,1.767,0.917,-0.0309433787071862,0.033333333333333215
U12,13.4,13.384615384615383,WPG,1.799,0.914,-0.0187608487940085,0.015384615384617106
U12,13.5,13.5,CPG,1.817,0.946,-0.034363737540345,0.0
U12,13.6,13.599999999999998,CPG,1.837,0.944,-0.0261038357012752,1.7763568394002505e-15
U12,13.7,13.681818181818182,WPG,1.889,0.925,0.0037683125842513,0.018181818181817633
U12,13.8,13.77777777777778,WPG,1.762,0.924,-0.037443635997409,0.022222222222220367
U12,13.9,13.92,WPG,1.763,0.897,-0.019260048788681,0.019999999999999574
U12,14.0,14.000000000000002,CPG,1.808,0.938,-0.0319913382757597,1.7763568394002505e-15
U12,14.1,14.09722222222222,WPG,1.83,0.913,-0.0076240074170721,0.0027777777777799884
U12,14.2,14.192307692307692,WPG,1.873,0.909,0.0089912208717395,0.007692307692307665
U12,14.3,14.3,WPG,1.814,0.9,-0.0044389950166779,0.0
U12,14.4,14.392857142857142,WPG,1.876,0.915,0.0061404520487434,0.007142857142858006
U12,14.5,14.5,WPG,1.769,0.881,-0.0063496922590601,0.0
U12,14.6,14.578512396694215,WPG,1.881,0.923,0.0021092592588869,0.021487603305784475
U12,14.7,14.694444444444445,WPG,1.965,0.929,0.0260829245510124,0.005555555555554648
U12,14.8,14.8,WPG,1.897,0.903,0.0211941648971367,0.0
U12,14.9,14.933333333333334,WPG,1.744,0.895,-0.0240032459771265,0.033333333333333215
U12,15.0,15.0,WPG,1.781,0.897,-0.0134312206490492,0.0
U12,15.1,15.102564102564102,WPG,1.906,0.914,0.0168407537238642,0.002564102564102555
U12,15.2,15.166666666666666,WPG,1.751,0.905,-0.0285073876197484,0.033333333333333215
U12,15.3,15.3,WPG,1.882,0.926,0.0009633680881818,0.0
U12,15.4,15.4,WPG,1.765,0.879,-0.0065772689428653,0.0
U12,15.5,15.507692307692308,WPG,1.898,0.902,0.0223540574674712,0.007692307692307665
U12,15.6,15.6,CPG,1.989,0.939,0.0270607812122246,0.0
U12,15.7,15.681818181818182,WPG,1.79,0.881,0.000350794641128,0.018181818181817633
U12,15.8,15.785714285714286,WPG,1.921,0.899,0.0319930317879167,0.014285714285714235
U12,15.9,15.909090909090908,WPG,1.913,0.911,0.0206930974607836,0.009090909090907928
U12,16.0,16.0,WPG,1.772,0.875,-0.0017985160284409,0.0
U12,16.1,16.11111111111111,WPG,1.796,0.895,-0.0068752985635589,0.011111111111109295
U12,16.2,16.2,WPG,1.786,0.893,-0.0087184753145941,0.0
U12,16.3,16.3125,WPG,1.83,0.905,-0.0024051659671107,0.01249999999999929
U12,16.4,16.38095238095238,WPG,2.03,0.929,0.0474123722722154,0.01904761904761898
U12,16.5,16.5,WPG,1.8,0.877,0.0062794050696107,0.0
U12,16.6,16.615384615384617,WPG,1.84,0.838,0.0460871474046794,0.01538461538461533
U12,16.7,16.692307692307693,WPG,1.858,0.855,0.0398635144703295,0.007692307692305889
U12,16.8,16.77922077922078,WPG,1.9,0.897,0.0261358368413421,0.020779220779221674
U12,16.9,16.90909090909091,WPG,1.89,0.881,0.0334343298212014,0.009090909090911481
U12,17.0,17.0,WPG,1.893,0.91,0.0152028618624018,0.0
U12,17.1,17.1,WPG,1.909,0.904,0.0246093624276215,0.0
U12,17.2,17.185185185185187,WPG,1.896,0.908,0.0177887782087732,0.014814814814812394
U12,17.3,17.30909090909091,WPG,1.905,0.899,0.0265636225856163,0.009090909090907928
U12,17.4,17.4,WPG,1.984,0.9,0.0517220287090428,0.0
U12,17.5,17.5,WPG,1.833,0.893,0.0067257211501526,0.0
U12,17.6,17.64,WPG,2.021,0.916,0.0529928489823742,0.03999999999999915
U12,17.7,17.704545454545453,WPG,2.001,0.906,0.0533357835954672,0.004545454545453964
U12,17.8,17.82857142857143,WPG,1.813,0.889,0.002223184575293,0.02857142857142847
U12,17.9,17.875,WPG,1.801,0.874,0.0083955242558831,0.02499999999999858
U12,18.0,18.0,WPG,1.866,0.879,0.0268218161731009,0.0
U12,18.1,18.08333333333333,WPG,2.016,0.91,0.0558146381435971,0.016666666666672825
U12,18.2,18.22222222222222,WPG,2.022,0.911,0.0569609580860902,0.022222222222222143
U12,18.3,18.33333333333333,WPG,2.024,0.92,0.0518978843262,0.033333333333327886
U12,18.4,18.416666666666668,WPG,1.952,0.882,0.0528924793495967,0.016666666666669272
U12,18.5,18.5,WPG,2.016,0.901,0.061414017812268,0.0
U12,18.6,18.6,WPG,1.924,0.895,0.0350694510847904,0.0
U12,18.7,18.7012987012987,WPG,2.052,0.897,0.0764211017822534,0.0012987012987011326
U12,18.8,18.85,WPG,1.883,0.893,0.023193149216988,0.05000000000000071
U12,18.9,18.88888888888889,WPG,1.998,0.887,0.0651772664871278,0.011111111111109295
U12,19.0,19.0,WPG,2.168,0.911,0.1050688350322148,0.0
U12,19.1,19.133333333333333,WPG,2.063,0.914,0.0682625179661285,0.03333333333333144
U12,19.2,19.2,WPG,1.972,0.883,0.05907614264236,0.0
U12,19.3,19.33333333333333,WPG,1.9,0.877,0.0393503980737189,0.033333333333327886
U12,19.4,19.40625,WPG,1.871,0.875,0.0313482761703122,0.006250000000001421
U12,19.5,19.5,WPG,1.992,0.881,0.0673039160615708,0.0
U12,19.6,19.642857142857142,WPG,1.844,0.871,0.0247158805328455,0.04285714285714093
U12,19.7,19.72,WPG,2.002,0.897,0.0597257200210961,0.019999999999999574
U12,19.8,19.753086419753085,WPG,2.095,0.908,0.0828965151670686,0.04691358024691539
U12,19.9,19.91111111111111,WPG,2.007,0.895,0.0627242156875723,0.011111111111112848
U12,20.0,20.0,WPG,1.94,0.852,0.0692120457340219,0.0
U12,20.1,20.09090909090909,WPG,2.036,0.885,0.0786508632784437,0.009090909090911481
U12,20.2,20.25,WPG,2.008,0.898,0.0609099837891682,0.05000000000000071
U12,20.3,20.25,WPG,2.008,0.898,0.0609099837891682,0.05000000000000071
U12,20.4,20.444444444444443,WPG,1.87,0.831,0.0600149534763406,0.04444444444444429
U12,20.5,20.5,WPG,2.126,0.916,0.0880750161218292,0.0
U12,20.6,20.58333333333333,WPG,2.14,0.901,0.1022951541401538,0.016666666666672825
U12,20.7,20.74074074074074,WPG,2.036,0.881,0.0819745804143838,0.04074074074074119
U12,20.8,20.8,WPG,2.07,0.871,0.0995038351694842,0.0
U12,20.9,20.863636363636363,WPG,2.048,0.881,0.0857814164781717,0.036363636363635266
U12,21.0,21.0,WPG,2.153,0.911,0.100120853989949,0.0
U12,21.1,21.142857142857142,WPG,2.137,0.907,0.0975223818975249,0.04285714285714093
U12,21.2,21.192307692307693,WPG,2.165,0.883,0.1224730413634713,0.007692307692305889
U12,21.3,21.25,WPG,2.053,0.889,0.0818654153406652,0.05000000000000071
U12,21.4,21.357142857142858,WPG,1.901,0.871,0.0435847590601297,0.04285714285714093
U12,21.5,21.53333333333333,WPG,2.166,0.883,0.1232108676045461,0.03333333333333144
U12,21.6,21.60606060606061,WPG,1.997,0.852,0.0879450590957678,0.006060606060607654
U12,21.7,21.714285714285715,WPG,2.099,0.892,0.0947029326135664,0.014285714285716011
U12,21.8,21.77777777777778,WPG,2.189,0.908,0.1137052052778883,0.022222222222222143
U12,21.9,21.923076923076923,WPG,2.231,0.889,0.1408021024229805,0.02307692307692477
U12,22.0,22.0,WPG,1.871,0.829,0.0617944632569972,0.0
U12,22.1,22.10909090909091,WPG,2.123,0.869,0.1180482206813019,0.009090909090907928
U12,22.2,22.272727272727277,WPG,2.045,0.847,0.107753142248827,0.07272727272727764
U12,22.3,22.272727272727277,WPG,2.045,0.847,0.107753142248827,0.027272727272723785
U12,22.4,22.38888888888889,WPG,2.08,0.877,0.0986048367379771,0.011111111111109295
U12,22.5,22.5,WPG,2.104,0.894,0.0949777708547114,0.0
U12,22.6,22.5625,WPG,2.133,0.898,0.1019352726221048,0.03750000000000142
U12,22.7,22.666666666666668,WPG,2.051,0.865,0.0974709993847409,0.03333333333333144
U12,22.8,22.814814814814813,WPG,2.024,0.849,0.0994686801885781,0.014814814814812394
U12,22.9,22.857142857142858,WPG,1.919,0.843,0.0685128409905415,0.04285714285714093
U12,23.0,23.0,WPG,2.249,0.914,0.1294125890935764,0.0
U12,23.1,23.142857142857142,WPG,2.006,0.872,0.0780412590144297,0.04285714285714093
U12,23.2,23.22222222222222,WPG,2.263,0.911,0.1364711089300992,0.022222222222222143
U12,23.3,23.296296296296298,WPG,2.138,0.881,0.1156176623493497,0.0037037037037030984
U12,23.4,23.4,WPG,2.272,0.907,0.141749281007519,0.0
U12,23.5,23.545454545454547,WPG,2.253,0.907,0.1356797486726002,0.045454545454546746
U12,23.6,23.59183673469388,WPG,2.155,0.885,0.1177982014892005,0.008163265306119882
U12,23.7,23.68,WPG,2.159,0.867,0.1312777912330585,0.019999999999999574
U12,23.8,23.785714285714285,WPG,2.157,0.889,0.1158373283811647,0.014285714285716011
U12,23.9,23.901234567901238,WPG,2.319,0.908,0.1567181223781483,0.001234567901239103
U12,24.0,24.0,WPG,2.164,0.902,0.1095110090720066,0.0
U12,24.1,24.11111111111111,WPG,2.19,0.895,0.1229695070190498,0.011111111111109295
U12,24.2,24.181818181818183,WPG,2.036,0.801,0.1355241003204197,0.018181818181815856
U12,24.3,24.375,WPG,2.085,0.875,0.1018711204550999,0.07499999999999929
U12,24.4,24.375,WPG,2.085,0.875,0.1018711204550999,0.02499999999999858
U12,24.5,24.5,WPG,2.363,0.9,0.1766354357121954,0.0
U12,24.6,24.62962962962963,WPG,2.193,0.897,0.1229342355560166,0.02962962962962834
U12,24.7,24.703703703703702,WPG,2.092,0.849,0.1217765058327148,0.0037037037037030984
U12,24.8,24.8,WPG,2.108,0.851,0.1258264010945829,0.0
U12,24.9,24.88888888888889,WPG,2.274,0.818,0.2027652932370701,0.011111111111109295
U12,25.0,25.0,WPG,2.018,0.843,0.1011261214239694,0.0
U12,25.1,25.107142857142858,WPG,2.212,0.895,0.1304886607661965,0.007142857142856229
U12,25.2,25.2,WPG,2.019,0.788,0.1383895397653035,0.0
U12,25.3,25.27777777777778,WPG,2.228,0.854,0.1633750731257536,0.022222222222222143
U12,25.4,25.375,WPG,2.237,0.879,0.1493418413271126,0.02499999999999858
U12,25.5,25.5,WPG,2.233,0.878,0.1489146983802215,0.0
U12,25.6,25.55555555555556,WPG,1.969,0.839,0.0879067528604292,0.044444444444440734
U12,25.7,25.666666666666668,WPG,2.234,0.842,0.1732436046627116,0.03333333333333144
U12,25.8,25.77142857142857,WPG,2.383,0.907,0.1784809742362685,0.028571428571432023
U12,26.0,26.0,WPG,2.397,0.907,0.1832717001987627,0.0
U12,26.1,26.15625,WPG,2.239,0.875,0.1528931840785667,0.05624999999999858
U12,26.2,26.15625,WPG,2.239,0.875,0.1528931840785667,0.04374999999999929
U12,26.3,26.27777777777778,WPG,2.407,0.905,0.1876284742341226,0.022222222222222143
U12,26.4,26.448979591836736,WPG,2.369,0.886,0.1884558038562311,0.04897959183673706
U12,26.5,26.52,WPG,2.304,0.867,0.1789595200903784,0.019999999999999574
U12,26.6,26.6,WPG,2.401,0.902,0.1877296263669354,0.0
U12,26.7,26.714285714285715,WPG,2.262,0.881,0.1563277275641499,0.014285714285716011
U12,26.8,26.83333333333333,WPG,2.14,0.846,0.1392409622373841,0.033333333333327886
U12,26.9,26.83333333333333,WPG,2.14,0.846,0.1392409622373841,0.06666666666666998
U12,27.0,27.0,WPG,2.025,0.794,0.136596494529259,0.0
U12,27.1,27.125,WPG,2.197,0.802,0.1875991384184988,0.02499999999999858
U12,27.2,27.23809523809524,WPG,2.092,0.843,0.1257158789886974,0.03809523809524151
U12,27.3,27.23809523809524,WPG,2.092,0.843,0.1257158789886974,0.06190476190475991
U12,27.4,27.428571428571427,WPG,2.202,0.858,0.1519681278104816,0.02857142857142847
U12,27.5,27.444444444444443,WPG,2.101,0.797,0.1595902316211742,0.055555555555557135
U12,27.6,27.6,WPG,2.343,0.806,0.233518541529407,0.0
U12,27.7,27.6,WPG,2.343,0.806,0.233518541529407,0.09999999999999787
U12,27.8,27.857142857142858,WPG,2.465,0.895,0.2140731180169137,0.05714285714285694
U12,27.9,27.857142857142858,WPG,2.465,0.895,0.2140731180169137,0.04285714285714093
U12,28.0,28.0,WPG,2.131,0.799,0.1681826683207692,0.0
U12,28.1,28.115384615384617,WPG,2.508,0.85,0.2581887388965208,0.01538461538461533
U12,28.2,28.257142857142856,WPG,2.503,0.907,0.2181197667346659,0.05714285714285694
U12,28.3,28.33333333333333,WPG,2.358,0.874,0.1925891635702581,0.033333333333327886
U12,28.4,28.444444444444443,WPG,2.239,0.869,0.1566012641965826,0.04444444444444429
U12,28.5,28.5,WPG,2.013,0.757,0.1574082899249211,0.0
U12,28.6,28.6,WPG,2.289,0.809,0.2133765251584138,0.0
U12,28.7,28.703703703703702,WPG,2.251,0.849,0.1742033873434527,0.0037037037037030984
U12,28.8,28.77777777777778,WPG,2.3,0.813,0.2140896593581593,0.022222222222222143
U12,28.9,28.85185185185185,WPG,2.543,0.881,0.2490145128720343,0.048148148148147385
U12,29.0,29.0,WPG,2.25,0.846,0.1754824252474444,0.0
U12,29.1,29.166666666666668,WPG,2.295,0.842,0.1932211050200427,0.06666666666666643
U12,29.2,29.166666666666668,WPG,2.295,0.842,0.1932211050200427,0.03333333333333144
U12,29.3,29.33333333333333,WPG,2.562,0.903,0.240655036903175,0.033333333333327886
U12,29.4,29.33333333333333,WPG,2.562,0.903,0.240655036903175,0.06666666666666998
U12,29.5,29.46938775510204,WPG,2.4,0.886,0.1985034954737087,0.03061224489795933
U12,29.6,29.571428571428573,WPG,2.173,0.843,0.1521131829886282,0.02857142857142847
U12,29.7,29.6875,WPG,2.172,0.794,0.1847610190814903,0.01249999999999929
U12,29.8,29.75,WPG,2.45,0.849,0.2398340241008956,0.05000000000000071
U12,29.9,29.90909090909091,WPG,2.615,0.885,0.269633754589459,0.009090909090911481
U12,30.0,30.0,WPG,2.429,0.881,0.2113090017451596,0.0
U12,30.2,30.25,WPG,2.605,0.899,0.257653062439367,0.05000000000000071
U12,30.3,30.33333333333333,WPG,2.134,0.759,0.1959619485187215,0.033333333333327886
U12,30.4,30.4,WPG,2.443,0.845,0.2401315182483675,0.0
U12,30.5,30.545454545454547,WPG,2.354,0.811,0.2330115720135612,0.045454545454546746
U12,30.6,30.6,WPG,2.45,0.851,0.2384537578337699,0.0
U12,30.7,30.75,WPG,2.635,0.895,0.2700700347222242,0.05000000000000071
U12,30.8,30.814814814814813,WPG,2.263,0.806,0.2063281482674744,0.014814814814812394
U12,30.9,30.814814814814813,WPG,2.263,0.806,0.2063281482674744,0.08518518518518547
U12,31.0,31.0,WPG,2.344,0.853,0.2018158691895739,0.0
U12,31.1,31.085714285714285,WPG,2.368,0.858,0.2065063860742736,0.014285714285716011
U12,31.2,31.25,WPG,2.336,0.846,0.2037738548343129,0.05000000000000071
U12,31.3,31.25,WPG,2.336,0.846,0.2037738548343129,0.05000000000000071
U12,31.4,31.45,WPG,2.489,0.862,0.2437374523990689,0.05000000000000071
U12,31.5,31.45,WPG,2.489,0.862,0.2437374523990689,0.05000000000000071
U12,31.6,31.666666666666668,WPG,2.496,0.89,0.2273682582192686,0.06666666666666643
U12,31.7,31.714285714285715,WPG,2.5,0.874,0.2393015232879092,0.014285714285716011
U12,31.8,31.875,WPG,2.4,0.839,0.2296548069093898,0.07499999999999929
U12,31.9,31.875,WPG,2.4,0.839,0.2296548069093898,0.02499999999999858
U12,32.0,32.0,WPG,2.335,0.843,0.205457489785778,0.0
U12,32.1,32.111111111111114,WPG,2.408,0.869,0.2122515632848816,0.011111111111112848
U12,32.2,32.2,WPG,2.701,0.903,0.2866918131272861,0.0
U12,32.3,32.30769230769231,WPG,2.451,0.752,0.3048190512047255,0.007692307692309441
U12,32.4,32.30769230769231,WPG,2.451,0.752,0.3048190512047255,0.09230769230769198
U12,32.5,32.5,WPG,2.262,0.794,0.2143984987489189,0.0
U12,32.6,32.57142857142857,WPG,2.178,0.791,0.1890760624303782,0.028571428571432023
U12,32.7,32.666666666666664,WPG,2.279,0.797,0.2181749256021916,0.033333333333338544
U12,32.8,32.76190476190476,WPG,2.581,0.816,0.304958416199156,0.03809523809523796
U12,32.9,32.888888888888886,WPG,2.553,0.842,0.2779675710366998,0.011111111111112848
U12,33.0,33.0,WPG,2.13,0.786,0.1758999437948254,0.0
U12,33.1,33.142857142857146,WPG,2.446,0.73,0.3184138659361056,0.04285714285714448
U12,33.2,33.142857142857146,WPG,2.446,0.73,0.3184138659361056,0.05714285714285694
U12,33.3,33.291666666666664,WPG,2.785,0.818,0.3706656509772625,0.00833333333333286
U12,33.4,33.407407407407405,WPG,2.767,0.897,0.3120737077163226,0.007407407407406197
U12,33.5,33.476190476190474,WPG,2.577,0.881,0.2602043338464352,0.0238095238095255
U12,33.6,33.583333333333336,WPG,2.358,0.803,0.2398034484090198,0.01666666666666572
U12,33.7,33.785714285714285,WPG,2.785,0.895,0.3194422700874206,0.08571428571428186
U12,33.8,33.785714285714285,WPG,2.785,0.895,0.3194422700874206,0.014285714285712459
U12,34.0,34.0,WPG,2.621,0.845,0.2989773214661366,0.0
U12,34.1,34.09090909090909,WPG,2.361,0.761,0.2690475689850665,0.009090909090907928
U12,34.2,34.22222222222222,WPG,2.218,0.722,0.248212405185502,0.02222222222221859
U12,34.3,34.34615384615385,WPG,2.829,0.85,0.3638096758869605,0.04615384615384954
U12,34.4,34.34615384615385,WPG,2.829,0.85,0.3638096758869605,0.05384615384615188
U12,34.5,34.54545454545455,WPG,2.624,0.812,0.322300523019236,0.045454545454546746
U12,34.6,34.61538461538461,WPG,2.617,0.803,0.3254185155297121,0.015384615384611777
U12,34.7,34.61538461538461,WPG,2.617,0.803,0.3254185155297121,0.08461538461538964
U12,34.8,34.8,WPG,2.634,0.851,0.299472925668783,0.0
U12,35.0,35.0,WPG,2.385,0.83,0.2305892404287809,0.0
MN8014,4.0,4.0,SSPG,0.739,0.962,-0.4006232460682331,0.0
MN8014,4.1,4.1,SSPG,0.794,0.964,-0.3834824025998126,0.0
MN8014,4.2,4.2,SSPG,0.739,0.954,-0.3954172523935486,0.0
MN8014,4.3,4.2991913746630726,CPG,0.765,0.955,-0.3794083994724287,0.0008086253369272711
MN8014,4.4,4.4,SSPG,0.735,0.956,-0.3978253593234152,0.0
MN8014,4.5,4.5,SSPG,0.746,0.954,-0.3930012121250663,0.0
MN8014,4.6,4.6,SSPG,0.756,0.957,-0.3919569505390883,0.0
MN8014,4.7,4.699604743083004,CPG,0.849,0.967,-0.3638708151244277,0.0003952569169962672
MN8014,4.8,4.8,SSPG,0.736,0.941,-0.3877385361083623,0.0
MN8014,4.9,4.9,CPG,0.79,0.955,-0.3792554464217887,0.0
MN8014,5.0,5.0,SSPG,0.772,0.959,-0.3880472610709858,0.0
MN8014,5.1,5.1,SSPG,0.764,0.943,-0.3799341462421978,0.0
MN8014,5.2,5.2,SSPG,0.769,0.96,-0.3895803457755871,0.0
MN8014,5.3,5.301075268817205,CPG,0.82,0.952,-0.356170388481526,0.0010752688172050995
MN8014,5.4,5.4,SSPG,0.76,0.945,-0.3824623594802069,0.0
MN8014,5.5,5.5,SSPG,0.762,0.953,-0.3873753590093339,0.0
MN8014,5.6,5.6,SSPG,0.817,0.962,-0.3747022427868884,0.0
MN8014,5.7,5.7,SSPG,0.756,0.947,-0.3848011220271137,0.0
MN8014,5.8,5.8,SSPG,0.814,0.962,-0.3760909783458876,0.0
MN8014,5.9,6.0,SSPG,0.776,0.952,-0.381618394065151,0.09999999999999964
MN8014,6.0,6.0,SSPG,0.776,0.952,-0.381618394065151,0.0
MN8014,6.1,6.0,SSPG,0.776,0.952,-0.381618394065151,0.09999999999999964
MN8014,6.2,6.199999999999999,CPG,0.871,0.954,-0.3520234514581595,8.881784197001252e-16
MN8014,6.3,6.3,SSPG,0.801,0.949,-0.3713495847067445,0.0
MN8014,6.4,6.4,CPG,0.898,0.958,-0.345248834938583,0.0
MN8014,6.5,6.5,CPG,0.842,0.949,-0.3577087965568445,0.0
MN8014,6.6,6.6,CPG,0.835,0.946,-0.3580782244542134,0.0
MN8014,6.7,6.700757575757578,CPG,0.871,0.946,-0.3390415323163245,0.0007575757575777331
MN8014,6.8,6.8,CPG,0.905,0.958,-0.3433325960748779,0.0
MN8014,6.9,6.9,CPG,0.937,0.958,-0.3327595697949729,0.0
MN8014,7.0,7.0,SSPG,0.819,0.946,-0.3637961838444977,0.0
MN8014,7.1,7.100840336134454,CPG,0.86,0.945,-0.3412501987810455,0.0008403361344546667
MN8014,7.2,7.2,SSPG,0.847,0.96,-0.3633624178485882,0.0
MN8014,7.3,7.2,SSPG,0.847,0.96,-0.3633624178485882,0.09999999999999964
MN8014,7.4,7.4,CPG,0.929,0.953,-0.332294411476091,0.0
MN8014,7.5,7.5,CPG,0.912,0.951,-0.3358078486242867,0.0
MN8014,7.6,7.6,CPG,0.933,0.952,-0.3297505096921157,0.0
MN8014,7.7,7.699218750000001,CPG,0.906,0.947,-0.3275491117259361,0.0007812499999992895
MN8014,7.8,7.8,CPG,0.916,0.948,-0.3329272939430427,0.0
MN8014,7.9,7.901960784313727,CPG,0.901,0.941,-0.3131430287408813,0.0019607843137263714
MN8014,8.0,8.0,CPG,0.921,0.951,-0.3333725889792187,0.0
MN8014,8.1,8.098765432098766,CPG,0.991,0.959,-0.3029150906739063,0.001234567901233774
MN8014,8.2,8.198198198198199,CPG,0.907,0.942,-0.3139102211211599,0.0018018018018004511
MN8014,8.3,8.297872340425531,CPG,0.975,0.959,-0.299322637582337,0.002127659574469476
MN8014,8.4,8.4,CPG,0.944,0.948,-0.3234013946489163,0.0
MN8014,8.5,8.5,CPG,0.972,0.956,-0.3197551514959589,0.0
MN8014,8.6,8.6,CPG,0.973,0.948,-0.3139756415098019,0.0
MN8014,8.7,8.7,CPG,0.987,0.953,-0.3129725219853249,0.0
MN8014,8.8,8.8,CPG,0.97,0.948,-0.3149032278370405,0.0
MN8014,8.9,8.90625,CPG,0.991,0.954,-0.2499009822510675,0.006249999999999645
MN8014,9.0,8.999999999999998,CPG,0.929,0.939,-0.3228196680472052,1.7763568394002505e-15
MN8014,9.1,9.1,CPG,0.971,0.945,-0.3125854054965552,0.0
MN8014,9.2,9.2,CPG,1.015,0.95,-0.3018136691012334,0.0
MN8014,9.3,9.306122448979592,CPG,0.992,0.945,-0.2445302689935934,0.0061224489795908
MN8014,9.4,9.4,CPG,1.016,0.951,-0.3021358989038258,0.0
MN8014,9.5,9.5,CPG,1.024,0.954,-0.3010883336383536,0.0
MN8014,9.6,9.6,CPG,1.006,0.951,-0.305508652508138,0.0
MN8014,9.7,9.696969696969695,CPG,1.0,0.95,-0.2760598936076375,0.003030303030303827
MN8014,9.8,9.8,CPG,1.017,0.952,-0.3024929077983585,0.0
MN8014,9.9,9.896825396825395,CPG,1.011,0.945,-0.2681065584794029,0.0031746031746049397
MN8014,10.0,10.0,CPG,0.976,0.941,-0.3085385844704424,0.0
MN8014,10.1,10.096153846153848,CPG,1.023,0.95,-0.2608303936893815,0.003846153846151168
MN8014,10.2,10.2,CPG,1.027,0.952,-0.2988384574038921,0.0
MN8014,10.3,10.29810298102981,CPG,1.038,0.954,-0.2777212848045695,0.001897018970190345
MN8014,10.4,10.4,CPG,1.065,0.953,-0.2868957922335793,0.0
MN8014,10.5,10.5,CPG,1.038,0.944,-0.2902687185302234,0.0
MN8014,10.6,10.603658536585366,CPG,1.072,0.951,-0.2468950351172298,0.003658536585366079
MN8014,10.7,10.703448275862067,CPG,1.05,0.948,-0.2545669612887777,0.003448275862067973
MN8014,10.8,10.8,CPG,1.056,0.945,-0.2844704367029708,0.0
MN8014,10.9,10.89,CPG,1.049,0.949,-0.1899794502094696,0.009999999999999787
MN8014,11.0,11.0,CPG,1.058,0.951,-0.2881963534967488,0.0
MN8014,11.1,11.099099099099098,CPG,1.062,0.941,-0.2711233680567969,0.0009009009009020019
MN8014,11.2,11.2,CPG,1.034,0.937,-0.2863651977564153,0.0
MN8014,11.3,11.302083333333334,CPG,1.094,0.949,-0.253592718074544,0.002083333333333215
MN8014,11.4,11.314285714285717,WPG,1.081,0.903,-0.2480858636847963,0.08571428571428363
MN8014,11.5,11.5,CPG,1.103,0.947,-0.2705769485745072,0.0
MN8014,11.6,11.555555555555555,WPG,1.049,0.913,-0.2653074333102314,0.04444444444444429
MN8014,11.7,11.700980392156865,CPG,1.077,0.939,-0.2642594593062248,0.0009803921568654062
MN8014,11.8,11.815384615384616,WPG,1.06,0.902,-0.2541848018471961,0.01538461538461533
MN8014,11.9,11.815384615384616,WPG,1.06,0.902,-0.2541848018471961,0.08461538461538431
MN8014,12.0,12.0,CPG,1.087,0.944,-0.2740727900675918,0.0
MN8014,12.1,12.1,WPG,1.11,0.886,-0.2274301023180053,0.0
MN8014,12.2,12.212121212121213,WPG,1.065,0.911,-0.2591259039062247,0.012121212121213532
MN8014,12.3,12.272727272727272,WPG,1.067,0.903,-0.2526565515877225,0.027272727272729114
MN8014,12.4,12.4,WPG,1.068,0.919,-0.2629875367501367,0.0
MN8014,12.5,12.5,CPG,1.115,0.945,-0.2650260391089601,0.0
MN8014,12.6,12.571428571428571,WPG,1.088,0.885,-0.2339388887545306,0.02857142857142847
MN8014,12.7,12.692307692307692,WPG,1.115,0.902,-0.2361182653178467,0.007692307692307665
MN8014,12.8,12.9,WPG,1.15,0.912,-0.2311230520844907,0.09999999999999964
MN8014,12.9,12.9,WPG,1.15,0.912,-0.2311230520844907,0.0
MN8014,13.0,13.0,CPG,1.108,0.936,-0.2613951298384901,0.0
MN8014,13.1,13.090909090909092,WPG,1.089,0.911,-0.251145363206588,0.009090909090907928
MN8014,13.2,13.115384615384617,WPG,1.1,0.884,-0.2291681343050431,0.08461538461538254
MN8014,13.3,13.333333333333334,WPG,1.093,0.917,-0.2533736736597049,0.033333333333333215
MN8014,13.4,13.333333333333334,WPG,1.093,0.917,-0.2533736736597049,0.06666666666666643
MN8014,13.5,13.5,CPG,1.144,0.946,-0.2565346688318592,0.0
MN8014,13.6,13.6,CPG,1.158,0.944,-0.2501944643401883,0.0
MN8014,13.7,13.75,WPG,1.115,0.882,-0.2231564542642694,0.05000000000000071
MN8014,13.8,13.75,WPG,1.115,0.882,-0.2231564542642694,0.05000000000000071
MN8014,13.9,13.92,WPG,1.069,0.897,-0.2481988757673858,0.019999999999999574
MN8014,14.0,13.962962962962964,WPG,1.068,0.907,-0.2556718798943696,0.03703703703703631
MN8014,14.1,14.090909090909092,WPG,1.118,0.899,-0.2332471533124964,0.009090909090907928
MN8014,14.2,14.192307692307692,WPG,1.191,0.909,-0.2161802325426272,0.007692307692307665
MN8014,14.3,14.3,WPG,1.126,0.9,-0.2317855156237809,0.0
MN8014,14.4,14.425925925925926,WPG,1.195,0.915,-0.2183896274186507,0.02592592592592524
MN8014,14.5,14.5,WPG,1.091,0.881,-0.2301291401526495,0.0
MN8014,14.6,14.577777777777778,WPG,1.214,0.891,-0.1964132747005859,0.022222222222222143
MN8014,14.7,14.636363636363637,WPG,1.102,0.859,-0.2121889420175368,0.0636363636363626
MN8014,14.8,14.823529411764708,WPG,1.233,0.878,-0.1812121454487546,0.023529411764707575
MN8014,14.9,14.909090909090908,WPG,1.209,0.918,-0.2164850440871726,0.009090909090907928
MN8014,15.0,15.0,WPG,1.096,0.907,-0.2461821718422725,0.0
MN8014,15.1,15.127272727272729,WPG,1.147,0.899,-0.2237917624185972,0.027272727272729114
MN8014,15.2,15.23076923076923,WPG,1.156,0.884,-0.2105402816067131,0.03076923076923066
MN8014,15.3,15.353535353535351,WPG,1.182,0.913,-0.2215230157821396,0.05353535353535044
MN8014,15.4,15.4,WPG,1.117,0.879,-0.2205462625196496,0.0
MN8014,15.5,15.494736842105263,WPG,1.286,0.879,-0.1648365028335712,0.005263157894736636
MN8014,15.6,15.583333333333334,WPG,1.244,0.892,-0.1871310284060661,0.01666666666666572
MN8014,15.7,15.681818181818182,WPG,1.123,0.881,-0.219759871600613,0.018181818181817633
MN8014,15.8,15.785714285714286,WPG,1.204,0.899,-0.2047603979755245,0.014285714285714235
MN8014,15.9,15.954545454545457,WPG,1.206,0.906,-0.2089734371559476,0.05454545454545645
MN8014,16.0,16.0,WPG,1.079,0.875,-0.2305065108749776,0.0
MN8014,16.1,16.11111111111111,WPG,1.13,0.895,-0.2266602106796136,0.011111111111109295
MN8014,16.2,16.2,WPG,1.121,0.893,-0.2281331602525635,0.0
MN8014,16.3,16.346153846153847,WPG,1.218,0.884,-0.1901370971733197,0.04615384615384599
MN8014,16.4,16.346153846153847,WPG,1.218,0.884,-0.1901370971733197,0.05384615384615188
MN8014,16.5,16.5,WPG,1.134,0.877,-0.2133573649936277,0.0
MN8014,16.6,16.615384615384617,WPG,1.271,0.9,-0.1836122423614541,0.01538461538461533
MN8014,16.7,16.675,WPG,1.151,0.879,-0.209303920737555,0.02499999999999858
MN8014,16.8,16.77922077922078,WPG,1.239,0.897,-0.1921047309879742,0.020779220779221674
MN8014,16.9,16.90909090909091,WPG,1.2,0.881,-0.194222878972305,0.009090909090911481
MN8014,17.0,16.96969696969697,WPG,1.233,0.919,-0.2085553728616247,0.030303030303031164
MN8014,17.1,17.1,WPG,1.246,0.904,-0.1942959974954618,0.0
MN8014,17.2,17.185185185185187,WPG,1.203,0.908,-0.21095739824807,0.014814814814812394
MN8014,17.3,17.333333333333332,WPG,1.248,0.914,-0.2004956130687245,0.03333333333333144
MN8014,17.4,17.333333333333332,WPG,1.248,0.914,-0.2004956130687245,0.06666666666666643
MN8014,17.5,17.5,WPG,1.172,0.893,-0.2112903772127141,0.0
MN8014,17.6,17.571428571428573,WPG,1.259,0.899,-0.186491320072993,0.02857142857142847
MN8014,17.7,17.704545454545453,WPG,1.261,0.906,-0.1908881271770803,0.004545454545453964
MN8014,17.8,17.82716049382716,WPG,1.268,0.908,-0.1899438171146544,0.027160493827160792
MN8014,17.9,17.88888888888889,WPG,1.159,0.877,-0.205119761372574,0.011111111111109295
MN8014,18.0,18.0,WPG,1.187,0.879,-0.1973766439391074,0.0
MN8014,18.1,18.05128205128205,WPG,1.241,0.855,-0.1635897344255295,0.04871794871795032
MN8014,18.2,18.22222222222222,WPG,1.276,0.911,-0.1891669210718424,0.022222222222222143
MN8014,18.3,18.22222222222222,WPG,1.276,0.911,-0.1891669210718424,0.07777777777777928
MN8014,18.4,18.416666666666668,WPG,1.243,0.882,-0.1810201353298141,0.016666666666669272
MN8014,18.5,18.5,WPG,1.296,0.901,-0.1759770654336821,0.0
MN8014,18.6,18.6,WPG,1.201,0.895,-0.2034741684784881,0.0
MN8014,18.7,18.7012987012987,WPG,1.299,0.897,-0.1723486042939354,0.0012987012987011326
MN8014,18.8,18.742857142857144,WPG,1.311,0.874,-0.153141714771999,0.05714285714285694
MN8014,18.9,18.88888888888889,WPG,1.31,0.887,-0.1621509915039802,0.011111111111109295
MN8014,19.0,19.0,WPG,1.307,0.911,-0.1788981144351089,0.0
MN8014,19.1,19.133333333333333,WPG,1.306,0.914,-0.1815566366130757,0.03333333333333144
MN8014,19.2,19.2,WPG,1.317,0.883,-0.1570758078867477,0.0
MN8014,19.3,19.33333333333333,WPG,1.226,0.877,-0.182901154509087,0.033333333333327886
MN8014,19.4,19.40625,WPG,1.195,0.875,-0.1914875348354047,0.006250000000001421
MN8014,19.5,19.52777777777778,WPG,1.33,0.905,-0.1676206079693395,0.027777777777778567
MN8014,19.6,19.6,WPG,1.205,0.851,-0.1721906955689495,0.0
MN8014,19.7,19.692307692307693,WPG,1.344,0.873,-0.1413805020875387,0.007692307692305889
MN8014,19.8,19.753086419753085,WPG,1.33,0.908,-0.1697490672860288,0.04691358024691539
MN8014,19.9,19.91111111111111,WPG,1.283,0.895,-0.17630292951527,0.011111111111112848
MN8014,20.0,20.0,WPG,1.251,0.852,-0.1583890464841079,0.0
MN8014,20.1,20.09090909090909,WPG,1.352,0.885,-0.1468267875077027,0.009090909090911481
MN8014,20.2,20.25,WPG,1.346,0.898,-0.157717294919726,0.05000000000000071
MN8014,20.3,20.25,WPG,1.346,0.898,-0.157717294919726,0.05000000000000071
MN8014,20.4,20.428571428571427,WPG,1.353,0.916,-0.1670819672489239,0.02857142857142847
MN8014,20.5,20.5,WPG,1.381,0.853,-0.1157296579899317,0.0
MN8014,20.6,20.58333333333333,WPG,1.362,0.901,-0.1542179529319327,0.016666666666672825
MN8014,20.7,20.727272727272727,WPG,1.367,0.912,-0.1599861991583326,0.027272727272727337
MN8014,20.8,20.8,WPG,1.31,0.879,-0.1567831718556871,0.0
MN8014,20.9,20.923076923076923,WPG,1.319,0.855,-0.1378111765541543,0.02307692307692477
MN8014,21.0,21.0,WPG,1.235,0.875,-0.1783237138616482,0.0
MN8014,21.1,21.142857142857142,WPG,1.385,0.907,-0.1506945959856218,0.04285714285714093
MN8014,21.2,21.25,WPG,1.282,0.889,-0.1726484348783139,0.05000000000000071
MN8014,21.3,21.25,WPG,1.282,0.889,-0.1726484348783139,0.05000000000000071
MN8014,21.4,21.357142857142858,WPG,1.2,0.871,-0.1877415094574826,0.04285714285714093
MN8014,21.5,21.53333333333333,WPG,1.405,0.883,-0.1280439454765439,0.03333333333333144
MN8014,21.6,21.60606060606061,WPG,1.294,0.852,-0.1439922806384004,0.006060606060607654
MN8014,21.7,21.714285714285715,WPG,1.395,0.901,-0.1435279062912885,0.014285714285716011
MN8014,21.8,21.77777777777778,WPG,1.396,0.908,-0.1479196554182269,0.022222222222222143
MN8014,21.9,21.923076923076923,WPG,1.448,0.889,-0.1175508103107338,0.02307692307692477
MN8014,22.0,22.0,WPG,1.206,0.829,-0.1576436793639827,0.0
MN8014,22.1,22.10909090909091,WPG,1.354,0.869,-0.1357654447905781,0.009090909090907928
MN8014,22.2,22.257142857142856,WPG,1.418,0.895,-0.1316396774268518,0.05714285714285694
MN8014,22.3,22.272727272727277,WPG,1.327,0.847,-0.1294465007154962,0.027272727272723785
MN8014,22.4,22.38888888888889,WPG,1.313,0.877,-0.1542933834419455,0.011111111111109295
MN8014,22.5,22.5,WPG,1.318,0.894,-0.1643769898417088,0.0
MN8014,22.6,22.5625,WPG,1.435,0.898,-0.1283596200715734,0.03750000000000142
MN8014,22.7,22.666666666666668,WPG,1.328,0.878,-0.1496082297740701,0.03333333333333144
MN8014,22.8,22.814814814814813,WPG,1.282,0.849,-0.1453399597441369,0.014814814814812394
MN8014,22.9,22.857142857142858,WPG,1.221,0.843,-0.1618266663206281,0.04285714285714093
MN8014,23.0,23.0,WPG,1.336,0.851,-0.1290615828411624,0.0
MN8014,23.1,23.142857142857142,WPG,1.494,0.874,-0.0927945836226416,0.04285714285714093
MN8014,23.2,23.22222222222222,WPG,1.493,0.887,-0.1017214730285773,0.022222222222222143
MN8014,23.3,23.296296296296298,WPG,1.385,0.881,-0.132893434750881,0.0037037037037030984
MN8014,23.4,23.4,WPG,1.458,0.907,-0.1266683882112174,0.0
MN8014,23.5,23.59183673469388,WPG,1.354,0.885,-0.1465770991085632,0.09183673469388154
MN8014,23.6,23.59183673469388,WPG,1.354,0.885,-0.1465770991085632,0.008163265306119882
MN8014,23.7,23.68,WPG,1.4,0.867,-0.119219671695884,0.019999999999999574
MN8014,23.8,23.8,WPG,1.373,0.844,-0.1127346464662861,0.0
MN8014,23.9,23.916666666666668,WPG,1.473,0.905,-0.1206629265817033,0.016666666666669272
MN8014,24.0,24.0,WPG,1.475,0.902,-0.1176547384232798,0.0
MN8014,24.1,24.126984126984127,WPG,1.489,0.902,-0.1128584356565368,0.026984126984125112
MN8014,24.2,24.181818181818183,WPG,1.327,0.801,-0.098524107677081,0.018181818181815856
MN8014,24.3,24.369230769230768,WPG,1.536,0.873,-0.0779429346480775,0.06923076923076721
MN8014,24.4,24.369230769230768,WPG,1.536,0.873,-0.0779429346480775,0.03076923076923066
MN8014,24.5,24.571428571428573,WPG,1.495,0.895,-0.1063813298038757,0.07142857142857295
MN8014,24.6,24.571428571428573,WPG,1.495,0.895,-0.1063813298038757,0.02857142857142847
MN8014,24.7,24.703703703703702,WPG,1.329,0.849,-0.1298506209962442,0.0037037037037030984
MN8014,24.8,24.8,WPG,1.386,0.851,-0.1124673268528089,0.0
MN8014,24.9,24.88888888888889,WPG,1.548,0.818,-0.0369351129087478,0.011111111111109295
MN8014,25.0,25.0,WPG,1.297,0.843,-0.1366271669093707,0.0
MN8014,25.1,25.107142857142858,WPG,1.514,0.895,-0.0996949862507176,0.007142857142856229
MN8014,25.2,25.142857142857142,WPG,1.405,0.874,-0.1216574500892266,0.05714285714285694
MN8014,25.3,25.27777777777778,WPG,1.427,0.813,-0.0738862699444867,0.022222222222222143
MN8014,25.5,25.5,WPG,1.408,0.878,-0.123441901700096,0.0
MN8014,25.6,25.6,WPG,1.414,0.865,-0.1130147100590905,0.0
MN8014,25.7,25.666666666666668,WPG,1.431,0.842,-0.0917672311726113,0.03333333333333144
MN8014,25.8,25.8,WPG,1.542,0.871,-0.0747633778234914,0.0
MN8014,25.9,25.88235294117647,WPG,1.614,0.82,-0.0166922920349098,0.017647058823527573
MN8014,26.0,26.0,WPG,1.558,0.881,-0.0759437776998899,0.0
MN8014,26.1,26.133333333333333,WPG,1.453,0.732,-0.0105925311921014,0.03333333333333144
MN8014,26.2,26.133333333333333,WPG,1.453,0.732,-0.0105925311921014,0.06666666666666643
MN8014,26.3,26.363636363636363,WPG,1.409,0.801,-0.0714906091893194,0.0636363636363626
MN8014,26.4,26.363636363636363,WPG,1.409,0.801,-0.0714906091893194,0.036363636363635266
MN8014,26.5,26.448979591836736,WPG,1.435,0.886,-0.1197654478990903,0.051020408163264364
MN8014,26.6,26.6,WPG,1.57,0.883,-0.0738135327809378,0.0
MN8014,26.7,26.714285714285715,WPG,1.451,0.881,-0.1112007649790221,0.014285714285716011
MN8014,26.8,26.83333333333333,WPG,1.383,0.846,-0.1103845871614906,0.033333333333327886
MN8014,26.9,26.892307692307693,WPG,1.619,0.873,-0.0504769064363191,0.007692307692305889
MN8014,27.0,27.0,WPG,1.317,0.794,-0.0971880033584945,0.0
MN8014,27.1,27.125,WPG,1.464,0.802,-0.0542384486494418,0.02499999999999858
MN8014,27.2,27.23809523809524,WPG,1.353,0.843,-0.1184596174431372,0.03809523809524151
MN8014,27.3,27.23809523809524,WPG,1.353,0.843,-0.1184596174431372,0.06190476190475991
MN8014,27.4,27.40740740740741,WPG,1.595,0.897,-0.0744621544949848,0.00740740740740975
MN8014,27.5,27.49090909090909,WPG,1.604,0.87,-0.0533910920579083,0.009090909090911481
MN8014,27.6,27.5625,WPG,1.601,0.898,-0.0735866362383683,0.03750000000000142
MN8014,27.8,27.857142857142858,WPG,1.62,0.895,-0.0647351072312748,0.05714285714285694
MN8014,27.9,27.857142857142858,WPG,1.62,0.895,-0.0647351072312748,0.04285714285714093
MN8014,28.0,28.0,WPG,1.491,0.839,-0.0700236568361426,0.0
MN8014,28.1,28.115384615384617,WPG,1.628,0.85,-0.0324305075875844,0.01538461538461533
MN8014,28.2,28.2,WPG,1.668,0.853,-0.0209961700981802,0.0
MN8014,28.3,28.33333333333333,WPG,1.496,0.874,-0.0919918908719508,0.033333333333327886
MN8014,28.4,28.444444444444443,WPG,1.495,0.869,-0.0888079466971863,0.04444444444444429
MN8014,28.5,28.5,WPG,1.642,0.89,-0.0542218333738472,0.0
MN8014,28.6,28.6,WPG,1.531,0.809,-0.0369774638990768,0.0
MN8014,28.7,28.711111111111112,WPG,1.546,0.865,-0.0693181224932624,0.011111111111112848
MN8014,28.8,28.77777777777778,WPG,1.564,0.813,-0.0288835810920135,0.022222222222222143
MN8014,28.9,28.85185185185185,WPG,1.653,0.881,-0.0448173604839068,0.048148148148147385
MN8014,29.0,29.0,WPG,1.439,0.846,-0.0920333166738792,0.0
MN8014,29.1,29.166666666666668,WPG,1.527,0.842,-0.0603543794015399,0.06666666666666643
MN8014,29.2,29.166666666666668,WPG,1.527,0.842,-0.0603543794015399,0.03333333333333144
MN8014,29.3,29.285714285714285,WPG,1.667,0.89,-0.0459581729732121,0.014285714285716011
MN8014,29.4,29.33333333333333,WPG,1.664,0.902,-0.0552421926801632,0.06666666666666998
MN8014,29.5,29.46938775510204,WPG,1.67,0.886,-0.0424859891643879,0.03061224489795933
MN8014,29.6,29.571428571428573,WPG,1.412,0.843,-0.0990377979818282,0.02857142857142847
MN8014,29.7,29.6875,WPG,1.375,0.794,-0.078279309589446,0.01249999999999929
MN8014,29.8,29.75,WPG,1.687,0.849,-0.0117910166591339,0.05000000000000071
MN8014,30.0,30.0,WPG,1.546,0.881,-0.0801500633344742,0.0
MN8014,30.3,30.4,WPG,1.599,0.845,-0.0383890335169452,0.09999999999999787
MN8014,30.4,30.4,WPG,1.599,0.845,-0.0383890335169452,0.0
MN8014,30.5,30.545454545454547,WPG,1.573,0.811,-0.0244900536936417,0.045454545454546746
MN8014,30.6,30.6,WPG,1.6,0.851,-0.0419631578887562,0.0
MN8014,30.7,30.75,WPG,1.718,0.895,-0.032409226968017,0.05000000000000071
MN8014,30.8,30.814814814814813,WPG,1.515,0.806,-0.0404104441286428,0.014814814814812394
MN8014,30.9,30.814814814814813,WPG,1.515,0.806,-0.0404104441286428,0.08518518518518547
MN8014,31.0,31.0,WPG,1.472,0.835,-0.0736781429064128,0.0
MN8014,31.1,31.085714285714285,WPG,1.586,0.858,-0.0517949883860965,0.014285714285716011
MN8014,31.2,31.25,WPG,1.585,0.846,-0.0440847077963074,0.05000000000000071
MN8014,31.3,31.25,WPG,1.585,0.846,-0.0440847077963074,0.05000000000000071
MN8014,31.4,31.45,WPG,1.587,0.862,-0.0539668460729861,0.05000000000000071
MN8014,31.5,31.45,WPG,1.587,0.862,-0.0539668460729861,0.05000000000000071
MN8014,31.6,31.666666666666668,WPG,1.748,0.89,-0.0195125446987196,0.06666666666666643
MN8014,31.7,31.714285714285715,WPG,1.594,0.874,-0.0595406253139372,0.014285714285716011
MN8014,31.8,31.875,WPG,1.613,0.839,-0.0299329705652928,0.07499999999999929
MN8014,31.9,31.875,WPG,1.613,0.839,-0.0299329705652928,0.02499999999999858
MN8014,32.0,32.0,WPG,1.772,0.865,0.0050995357812952,0.0
MN8014,32.1,32.111111111111114,WPG,1.615,0.869,-0.0493952360929939,0.011111111111112848
MN8014,32.2,32.2,WPG,1.496,0.76,-0.0154309547374613,0.0
MN8014,32.3,32.30769230769231,WPG,1.648,0.803,0.0055736457379913,0.007692307692309441
MN8014,32.4,32.30769230769231,WPG,1.648,0.803,0.0055736457379913,0.09230769230769198
MN8014,32.5,32.5,WPG,1.49,0.794,-0.0402073399320143,0.0
MN8014,32.6,32.57142857142857,WPG,1.44,0.791,-0.0545558607882397,0.028571428571432023
MN8014,32.7,32.6530612244898,WPG,1.793,0.886,-0.0020042847500337,0.0469387755102062
MN8014,32.8,32.888888888888886,WPG,1.632,0.842,-0.0259045865845867,0.08888888888888857
MN8014,32.9,32.888888888888886,WPG,1.632,0.842,-0.0259045865845867,0.011111111111112848
MN8014,33.0,33.0,WPG,1.38,0.786,-0.0715633485513805,0.0
MN8014,33.1,33.142857142857146,WPG,1.609,0.73,0.0420448327141791,0.04285714285714448
MN8014,33.2,33.142857142857146,WPG,1.609,0.73,0.0420448327141791,0.05714285714285694
MN8014,33.3,33.291666666666664,WPG,1.849,0.818,0.061684188370496,0.00833333333333286
MN8014,33.4,33.476190476190474,WPG,1.822,0.881,0.0110049628282097,0.07619047619047592
MN8014,33.5,33.476190476190474,WPG,1.822,0.881,0.0110049628282097,0.0238095238095255
MN8014,33.6,33.583333333333336,WPG,1.546,0.803,-0.0280011402785915,0.01666666666666572
MN8014,33.7,33.785714285714285,WPG,1.824,0.895,0.0024289733470113,0.08571428571428186
MN8014,33.8,33.785714285714285,WPG,1.824,0.895,0.0024289733470113,0.014285714285712459
MN8014,34.0,34.0,WPG,1.847,0.845,0.0433964895604441,0.0
MN8014,34.2,34.22222222222222,WPG,1.483,0.722,0.0056470924614289,0.02222222222221859
MN8014,34.3,34.34615384615385,WPG,1.878,0.85,0.0502536981179423,0.04615384615384954
MN8014,34.4,34.34615384615385,WPG,1.878,0.85,0.0502536981179423,0.05384615384615188
MN8014,34.5,34.54545454545455,WPG,1.727,0.812,0.026103520135827,0.045454545454546746
MN8014,34.6,34.61538461538461,WPG,1.745,0.803,0.0376663124474586,0.015384615384611777
MN8014,34.7,34.75555555555555,WPG,1.9,0.817,0.0792251543872436,0.05555555555555003
MN8014,34.8,34.75555555555555,WPG,1.9,0.817,0.0792251543872436,0.04444444444444429
MN8014,34.9,34.97142857142857,WPG,1.698,0.858,-0.0148721076596405,0.0714285714285694
MN8014,35.0,35.0,WPG,1.584,0.83,-0.0337161565186679,0.0
VT8020,4.0,4.0,CPG,1.084,0.963,-0.2874373503533564,0.0
VT8020,4.1,4.099099099099099,CPG,1.109,0.964,-0.2711652761630635,0.0009009009009002256
VT8020,4.2,4.2,CPG,1.098,0.962,-0.2820033773187309,0.0
VT8020,4.3,4.299191374663073,CPG,1.1,0.955,-0.2686909063309486,0.0008086253369263829
VT8020,4.4,4.4,SSPG,1.084,0.956,-0.2827481785900431,0.0
VT8020,4.5,4.5,CPG,1.094,0.958,-0.2805525595556388,0.0
VT8020,4.6,4.6,SSPG,1.097,0.957,-0.2793005941063453,0.0
VT8020,4.7,4.699604743083004,CPG,1.178,0.967,-0.2552804201855805,0.0003952569169962672
VT8020,4.8,4.8,SSPG,1.116,0.958,-0.2738129684870173,0.0
VT8020,4.9,4.9,CPG,1.128,0.959,-0.2704285790837007,0.0
VT8020,5.0,5.0,SSPG,1.113,0.959,-0.2754708550385,0.0
VT8020,5.1,5.1,CPG,1.13,0.955,-0.2672118762464532,0.0
VT8020,5.2,5.2,SSPG,1.11,0.96,-0.2770583175169608,0.0
VT8020,5.3,5.301075268817205,CPG,1.139,0.952,-0.2509438603496081,0.0010752688172050995
VT8020,5.4,5.4,SSPG,1.103,0.945,-0.2691863436518751,0.0
VT8020,5.5,5.5,SSPG,1.104,0.953,-0.2745084648035015,0.0
VT8020,5.6,5.6,SSPG,1.158,0.962,-0.2623154442651788,0.0
VT8020,5.7,5.7,SSPG,1.099,0.947,-0.2716036954983962,0.0
VT8020,5.8,5.8,SSPG,1.155,0.962,-0.263784354771899,0.0
VT8020,5.9,6.0,SSPG,1.115,0.952,-0.269862045466708,0.09999999999999964
VT8020,6.0,6.0,SSPG,1.115,0.952,-0.269862045466708,0.0
VT8020,6.1,6.0,SSPG,1.115,0.952,-0.269862045466708,0.09999999999999964
VT8020,6.2,6.2,SSPG,1.19,0.964,-0.2529018154808973,0.0
VT8020,6.3,6.3,SSPG,1.144,0.949,-0.2583552301512981,0.0
VT8020,6.4,6.4,CPG,1.216,0.958,-0.2402930872490958,0.0
VT8020,6.5,6.5,CPG,1.161,0.949,-0.2526550070827026,0.0
VT8020,6.6,6.6,CPG,1.155,0.946,-0.252434123746708,0.0
VT8020,6.7,6.700757575757578,CPG,1.183,0.946,-0.2360110008334939,0.0007575757575777331
VT8020,6.8,6.8,CPG,1.221,0.958,-0.238937235564481,0.0
VT8020,6.9,6.9,CPG,1.256,0.958,-0.2276649205538648,0.0
VT8020,7.0,7.0,SSPG,1.157,0.946,-0.2521806892202646,0.0
VT8020,7.1,7.100840336134454,CPG,1.174,0.945,-0.2374078012130663,0.0008403361344546667
VT8020,7.2,7.2,SSPG,1.179,0.96,-0.2539305087660398,0.0
VT8020,7.3,7.2,SSPG,1.179,0.96,-0.2539305087660398,0.09999999999999964
VT8020,7.4,7.4,CPG,1.228,0.953,-0.23347331078636,0.0
VT8020,7.5,7.5,CPG,1.216,0.951,-0.2356971708229324,0.0
VT8020,7.6,7.6,CPG,1.232,0.952,-0.2312587252672122,0.0
VT8020,7.7,7.699218750000001,CPG,1.222,0.947,-0.2232240122575707,0.0007812499999992895
VT8020,7.8,7.8,CPG,1.219,0.948,-0.2329213400845979,0.0
VT8020,7.9,7.901960784313725,CPG,1.209,0.941,-0.2116357002372482,0.001960784313724595
VT8020,8.0,8.0,CPG,1.223,0.951,-0.233958210617486,0.0
VT8020,8.1,8.098765432098766,CPG,1.298,0.959,-0.2018859308785699,0.001234567901233774
VT8020,8.2,8.198198198198199,CPG,1.211,0.942,-0.2135406449801135,0.0018018018018004511
VT8020,8.3,8.297872340425531,CPG,1.285,0.959,-0.1971310938814713,0.002127659574469476
VT8020,8.4,8.4,CPG,1.261,0.948,-0.2188453750988841,0.0
VT8020,8.5,8.5,CPG,1.282,0.956,-0.2171509653352907,0.0
VT8020,8.6,8.6,CPG,1.275,0.948,-0.2142313299913845,0.0
VT8020,8.7,8.7,CPG,1.285,0.953,-0.2145118767185628,0.0
VT8020,8.8,8.8,CPG,1.261,0.948,-0.2189768711669713,0.0
VT8020,8.9,8.90625,CPG,1.288,0.954,-0.1517638531741144,0.006249999999999645
VT8020,9.0,8.999999999999998,CPG,1.229,0.939,-0.2240014177754616,1.7763568394002505e-15
VT8020,9.1,9.1,CPG,1.262,0.945,-0.2165412867475032,0.0
VT8020,9.2,9.2,CPG,1.317,0.95,-0.2021856091849293,0.0
VT8020,9.3,9.306122448979592,CPG,1.278,0.945,-0.1500942006880856,0.0061224489795908
VT8020,9.4,9.4,CPG,1.317,0.951,-0.2025791164307338,0.0
VT8020,9.5,9.5,CPG,1.323,0.954,-0.2022836734123099,0.0
VT8020,9.6,9.6,CPG,1.31,0.951,-0.2052389158252752,0.0
VT8020,9.7,9.696969696969695,CPG,1.296,0.95,-0.1783469696139419,0.003030303030303827
VT8020,9.8,9.8,CPG,1.318,0.952,-0.2031244209988301,0.0
VT8020,9.9,9.896825396825395,CPG,1.315,0.945,-0.1679511839832407,0.0031746031746049397
VT8020,10.0,10.0,CPG,1.277,0.941,-0.2092407347477138,0.0
VT8020,10.1,10.1,CPG,1.391,0.956,-0.1813509929305581,0.0
VT8020,10.2,10.2,CPG,1.326,0.952,-0.2001419520786671,0.0
VT8020,10.3,10.29810298102981,CPG,1.334,0.954,-0.1799873650586374,0.001897018970190345
VT8020,10.4,10.4,CPG,1.355,0.953,-0.1911634254404563,0.0
VT8020,10.5,10.5,CPG,1.356,0.954,-0.1919140277037374,0.0
VT8020,10.6,10.603658536585366,CPG,1.361,0.951,-0.1515867258287204,0.003658536585366079
VT8020,10.7,10.703448275862067,CPG,1.344,0.948,-0.1573989039244835,0.003448275862067973
VT8020,10.8,10.8,CPG,1.348,0.945,-0.1882505434784113,0.0
VT8020,10.9,10.88,WPG,1.371,0.904,-0.1532269703708218,0.019999999999999574
VT8020,11.0,11.0,CPG,1.35,0.951,-0.1918207613190616,0.0
VT8020,11.1,11.099099099099098,CPG,1.353,0.941,-0.1751815521153757,0.0009009009009020019
VT8020,11.2,11.2,CPG,1.322,0.937,-0.1911826181273803,0.0
VT8020,11.3,11.302083333333334,CPG,1.379,0.949,-0.1597585022005618,0.002083333333333215
VT8020,11.4,11.314285714285717,WPG,1.376,0.903,-0.1508710275580465,0.08571428571428363
VT8020,11.5,11.5,CPG,1.386,0.947,-0.1773367842044483,0.0
VT8020,11.6,11.636363636363637,WPG,1.342,0.92,-0.1736168161140246,0.03636363636363704
VT8020,11.7,11.700980392156865,CPG,1.364,0.939,-0.1693113784720901,0.0009803921568654062
VT8020,11.8,11.801242236024844,CPG,1.406,0.949,-0.1597311868808574,0.0012422360248436348
VT8020,11.9,11.815384615384616,WPG,1.352,0.902,-0.1580541311519844,0.08461538461538431
VT8020,12.0,12.0,CPG,1.364,0.944,-0.1824829196720232,0.0
VT8020,12.1,12.104166666666666,CPG,1.366,0.942,-0.1388411541830299,0.00416666666666643
VT8020,12.2,12.212121212121213,WPG,1.354,0.911,-0.1637052904692232,0.012121212121213532
VT8020,12.3,12.272727272727272,WPG,1.365,0.903,-0.1541364933940764,0.027272727272729114
VT8020,12.4,12.4,CPG,1.39,0.941,-0.1716589325316143,0.0
VT8020,12.5,12.5,CPG,1.393,0.949,-0.1764696067104255,0.0
VT8020,12.6,12.597402597402596,CPG,1.42,0.949,-0.1410210732399658,0.0025974025974040416
VT8020,12.7,12.692307692307692,WPG,1.402,0.902,-0.141597837321118,0.007692307692307665
VT8020,12.8,12.818181818181818,WPG,1.509,0.882,-0.0925936355527907,0.018181818181817633
VT8020,12.9,12.916666666666666,WPG,1.367,0.923,-0.1677115315505536,0.01666666666666572
VT8020,13.0,13.0,CPG,1.39,0.936,-0.1686522459994101,0.0
VT8020,13.1,13.090909090909092,WPG,1.373,0.911,-0.1573884719108728,0.009090909090907928
VT8020,13.2,13.257142857142858,WPG,1.375,0.919,-0.1616051897362428,0.057142857142858716
VT8020,13.3,13.333333333333334,WPG,1.375,0.917,-0.1604159228310918,0.033333333333333215
VT8020,13.4,13.333333333333334,WPG,1.375,0.917,-0.1604159228310918,0.06666666666666643
VT8020,13.5,13.5,CPG,1.417,0.946,-0.166226359143351,0.0
VT8020,13.6,13.6,CPG,1.429,0.944,-0.1607938530725164,0.0
VT8020,13.7,13.75,WPG,1.393,0.882,-0.1316365710154109,0.05000000000000071
VT8020,13.8,13.75,WPG,1.393,0.882,-0.1316365710154109,0.05000000000000071
VT8020,13.9,13.92,WPG,1.346,0.897,-0.1568905501248074,0.019999999999999574
VT8020,14.0,14.0,WPG,1.393,0.911,-0.1507179527015753,0.0
VT8020,14.1,14.090909090909092,WPG,1.395,0.899,-0.1418786221418457,0.009090909090907928
VT8020,14.2,14.192307692307692,WPG,1.45,0.909,-0.130456677257617,0.007692307692307665
VT8020,14.3,14.3,WPG,1.402,0.9,-0.1405340610647616,0.0
VT8020,14.4,14.425925925925926,WPG,1.454,0.915,-0.1330514821276994,0.02592592592592524
VT8020,14.5,14.5,WPG,1.363,0.881,-0.1403660802759613,0.0
VT8020,14.6,14.577777777777778,WPG,1.469,0.891,-0.1123265153556377,0.022222222222222143
VT8020,14.7,14.636363636363637,WPG,1.394,0.859,-0.1156593001629008,0.0636363636363626
VT8020,14.8,14.823529411764708,WPG,1.484,0.878,-0.0982207436368755,0.023529411764707575
VT8020,14.9,14.909090909090908,WPG,1.464,0.918,-0.1322224165020319,0.009090909090907928
VT8020,15.0,15.0,WPG,1.367,0.907,-0.1568442572191313,0.0
VT8020,15.1,15.085714285714284,WPG,1.476,0.903,-0.1176337950785621,0.014285714285716011
VT8020,15.2,15.238095238095235,WPG,1.418,0.917,-0.146318245484264,0.038095238095236184
VT8020,15.3,15.3,WPG,1.455,0.9,-0.1229241761909319,0.0
VT8020,15.4,15.4,WPG,1.382,0.879,-0.1329430104136382,0.0
VT8020,15.5,15.494736842105263,WPG,1.534,0.879,-0.0828129012607953,0.005263157894736636
VT8020,15.6,15.583333333333334,WPG,1.494,0.892,-0.1048803896702869,0.01666666666666572
VT8020,15.7,15.681818181818182,WPG,1.388,0.881,-0.1322037389648126,0.018181818181817633
VT8020,15.8,15.785714285714286,WPG,1.45,0.899,-0.1236525890562487,0.014285714285714235
VT8020,15.9,15.925925925925926,WPG,1.491,0.915,-0.1208412756869808,0.02592592592592524
VT8020,16.0,16.0,WPG,1.448,0.916,-0.136140943297478,0.0
VT8020,16.1,16.11111111111111,WPG,1.393,0.895,-0.140047880782326,0.011111111111109295
VT8020,16.2,16.2,WPG,1.381,0.893,-0.1423260462638317,0.0
VT8020,16.3,16.346153846153847,WPG,1.481,0.884,-0.1032238149467862,0.04615384615384599
VT8020,16.4,16.346153846153847,WPG,1.481,0.884,-0.1032238149467862,0.05384615384615188
VT8020,16.5,16.5,WPG,1.391,0.877,-0.1284508300811139,0.0
VT8020,16.6,16.615384615384617,WPG,1.513,0.9,-0.1038410903870087,0.01538461538461533
VT8020,16.7,16.675,WPG,1.409,0.879,-0.1241128111042169,0.02499999999999858
VT8020,16.8,16.77922077922078,WPG,1.476,0.897,-0.1137647230887265,0.020779220779221674
VT8020,16.9,16.88888888888889,WPG,1.483,0.887,-0.1047649266600691,0.011111111111109295
VT8020,17.0,16.96969696969697,WPG,1.472,0.919,-0.1296374182729727,0.030303030303031164
VT8020,17.1,17.1,WPG,1.481,0.904,-0.1165492864150876,0.0
VT8020,17.2,17.185185185185187,WPG,1.461,0.908,-0.1260420373523325,0.014814814814812394
VT8020,17.3,17.30909090909091,WPG,1.467,0.899,-0.1182257000666759,0.009090909090907928
VT8020,17.4,17.333333333333332,WPG,1.42,0.895,-0.1312113634481485,0.06666666666666643
VT8020,17.5,17.5,WPG,1.424,0.893,-0.1280329366879329,0.0
VT8020,17.6,17.571428571428573,WPG,1.493,0.899,-0.109317575944324,0.02857142857142847
VT8020,17.7,17.704545454545453,WPG,1.494,0.906,-0.1138595896887591,0.004545454545453964
VT8020,17.8,17.82716049382716,WPG,1.499,0.908,-0.1139213232863352,0.027160493827160792
VT8020,17.9,17.88888888888889,WPG,1.436,0.877,-0.1137440137067181,0.011111111111109295
VT8020,18.0,18.0,WPG,1.437,0.879,-0.1147537438922643,0.0
VT8020,18.1,18.05128205128205,WPG,1.491,0.855,-0.081047221900734,0.04871794871795032
VT8020,18.2,18.22222222222222,WPG,1.506,0.911,-0.1133340890431908,0.022222222222222143
VT8020,18.3,18.33333333333333,WPG,1.508,0.92,-0.1186184082935803,0.033333333333327886
VT8020,18.4,18.416666666666668,WPG,1.493,0.882,-0.0984588630100123,0.016666666666669272
VT8020,18.5,18.5,WPG,1.52,0.901,-0.1021607781661604,0.0
VT8020,18.6,18.6,WPG,1.448,0.895,-0.1218572124066328,0.0
VT8020,18.7,18.7012987012987,WPG,1.523,0.897,-0.098286363521499,0.0012987012987011326
VT8020,18.8,18.742857142857144,WPG,1.533,0.874,-0.0796555141058327,0.05714285714285694
VT8020,18.9,18.88888888888889,WPG,1.532,0.887,-0.0888365364227815,0.011111111111109295
VT8020,19.0,19.0,WPG,1.529,0.911,-0.1058234207973597,0.0
VT8020,19.1,19.133333333333333,WPG,1.529,0.914,-0.1079843089865821,0.03333333333333144
VT8020,19.2,19.2,WPG,1.532,0.883,-0.085972757817483,0.0
VT8020,19.3,19.33333333333333,WPG,1.467,0.877,-0.1034974841471653,0.033333333333327886
VT8020,19.4,19.40625,WPG,1.455,0.875,-0.105943891823569,0.006250000000001421
VT8020,19.5,19.52777777777778,WPG,1.546,0.905,-0.0963497187256675,0.027777777777778567
VT8020,19.6,19.6,WPG,1.464,0.851,-0.0869319071909925,0.0
VT8020,19.7,19.72,WPG,1.52,0.897,-0.099559648417441,0.019999999999999574
VT8020,19.8,19.753086419753085,WPG,1.547,0.908,-0.0981130131706892,0.04691358024691539
VT8020,19.9,19.91111111111111,WPG,1.522,0.895,-0.0974189584005398,0.011111111111112848
VT8020,20.0,20.0,WPG,1.487,0.852,-0.0804250196720078,0.0
VT8020,20.1,20.09090909090909,WPG,1.564,0.885,-0.0768784326465368,0.009090909090911481
VT8020,20.2,20.25,WPG,1.554,0.898,-0.0888640751089311,0.05000000000000071
VT8020,20.3,20.25,WPG,1.554,0.898,-0.0888640751089311,0.05000000000000071
VT8020,20.4,20.428571428571427,WPG,1.565,0.916,-0.0973280098451895,0.02857142857142847
VT8020,20.5,20.5,WPG,1.564,0.916,-0.0974023112669535,0.0
VT8020,20.6,20.58333333333333,WPG,1.572,0.901,-0.0851449044225438,0.016666666666672825
VT8020,20.7,20.727272727272727,WPG,1.575,0.912,-0.091366092785637,0.027272727272727337
VT8020,20.8,20.8,WPG,1.543,0.879,-0.0797971560505179,0.0
VT8020,20.9,20.88571428571429,WPG,1.63,0.874,-0.0478824852559652,0.014285714285708906
VT8020,21.0,21.0,WPG,1.491,0.875,-0.0939512555780545,0.0
VT8020,21.1,21.142857142857142,WPG,1.589,0.907,-0.0835808718329554,0.04285714285714093
VT8020,21.2,21.25,WPG,1.511,0.889,-0.0972915529574516,0.05000000000000071
VT8020,21.3,21.25,WPG,1.511,0.889,-0.0972915529574516,0.05000000000000071
VT8020,21.4,21.357142857142858,WPG,1.448,0.871,-0.1061997160944402,0.04285714285714093
VT8020,21.5,21.53333333333333,WPG,1.562,0.883,-0.076306340651344,0.03333333333333144
VT8020,21.6,21.60606060606061,WPG,1.521,0.852,-0.0691519425387092,0.006060606060607654
VT8020,21.7,21.714285714285715,WPG,1.593,0.901,-0.0784193490882797,0.014285714285716011
VT8020,21.8,21.77777777777778,WPG,1.599,0.908,-0.0810423348620335,0.022222222222222143
VT8020,21.9,21.923076923076923,WPG,1.65,0.889,-0.0506904515677097,0.02307692307692477
VT8020,22.0,22.0,WPG,1.464,0.829,-0.0724180199148978,0.0
VT8020,22.1,22.10909090909091,WPG,1.578,0.869,-0.0618524669696297,0.009090909090907928
VT8020,22.2,22.257142857142856,WPG,1.615,0.895,-0.0664601856207582,0.05714285714285694
VT8020,22.3,22.272727272727277,WPG,1.579,0.881,-0.0691796682419823,0.027272727272723785
VT8020,22.4,22.38888888888889,WPG,1.535,0.877,-0.0811212977847137,0.011111111111109295
VT8020,22.5,22.5,WPG,1.538,0.894,-0.0917311425226089,0.0
VT8020,22.6,22.5625,WPG,1.627,0.898,-0.064834253841691,0.03750000000000142
VT8020,22.7,22.666666666666668,WPG,1.546,0.878,-0.0778473323070495,0.03333333333333144
VT8020,22.8,22.77777777777778,WPG,1.628,0.901,-0.0667403377277704,0.022222222222222143
VT8020,22.9,22.857142857142858,WPG,1.629,0.912,-0.0736167863507493,0.04285714285714093
VT8020,23.0,23.0,WPG,1.553,0.851,-0.0575885861714845,0.0
VT8020,23.1,23.1,WPG,1.633,0.911,-0.0714225536138772,0.0
VT8020,23.2,23.22222222222222,WPG,1.685,0.887,-0.0384030370795914,0.022222222222222143
VT8020,23.3,23.296296296296298,WPG,1.601,0.881,-0.061652865102593,0.0037037037037030984
VT8020,23.4,23.4,WPG,1.646,0.907,-0.0648203704783584,0.0
VT8020,23.5,23.5,WPG,1.735,0.855,-0.0002218844676591,0.0
VT8020,23.6,23.59183673469388,WPG,1.565,0.885,-0.0767620507118469,0.008163265306119882
VT8020,23.7,23.68,WPG,1.613,0.867,-0.0489710133611069,0.019999999999999574
VT8020,23.8,23.785714285714285,WPG,1.611,0.889,-0.064234577655902,0.014285714285716011
VT8020,23.9,23.916666666666668,WPG,1.657,0.905,-0.0596687787845531,0.016666666666669272
VT8020,24.0,24.0,WPG,1.655,0.902,-0.0585471579799862,0.0
VT8020,24.1,24.126984126984127,WPG,1.669,0.902,-0.0533792566821488,0.026984126984125112
VT8020,24.2,24.181818181818183,WPG,1.558,0.801,-0.022214728025152,0.018181818181815856
VT8020,24.3,24.369230769230768,WPG,1.718,0.873,-0.0177552685370192,0.06923076923076721
VT8020,24.4,24.369230769230768,WPG,1.718,0.873,-0.0177552685370192,0.03076923076923066
VT8020,24.5,24.571428571428573,WPG,1.675,0.895,-0.0467380913712167,0.07142857142857295
VT8020,24.6,24.571428571428573,WPG,1.675,0.895,-0.0467380913712167,0.02857142857142847
VT8020,24.7,24.703703703703702,WPG,1.56,0.849,-0.0539012934969859,0.0037037037037030984
VT8020,24.8,24.8,WPG,1.592,0.851,-0.0446256477000323,0.0
VT8020,24.9,24.88888888888889,WPG,1.717,0.818,0.0189394548652348,0.011111111111109295
VT8020,25.0,25.0,WPG,1.512,0.843,-0.0657376283491925,0.0
VT8020,25.1,25.107142857142858,WPG,1.685,0.895,-0.0433615854301688,0.007142857142856229
VT8020,25.2,25.142857142857142,WPG,1.605,0.874,-0.0558481069206195,0.05714285714285694
VT8020,25.3,25.27777777777778,WPG,1.624,0.813,-0.0089634697380007,0.022222222222222143
VT8020,25.4,25.375,WPG,1.65,0.879,-0.044597759274889,0.02499999999999858
VT8020,25.5,25.5,WPG,1.608,0.878,-0.057400801654765,0.0
VT8020,25.6,25.6,WPG,1.613,0.865,-0.0473091114774899,0.0
VT8020,25.7,25.666666666666668,WPG,1.625,0.842,-0.0277147840520586,0.03333333333333144
VT8020,25.8,25.8,WPG,1.713,0.871,-0.0185326874636221,0.0
VT8020,25.9,25.88235294117647,WPG,1.78,0.82,0.0381330978663592,0.017647058823527573
VT8020,26.0,26.0,WPG,1.723,0.881,-0.0214686951174085,0.0
VT8020,26.2,26.27777777777778,WPG,1.72,0.905,-0.0391398643696059,0.07777777777777928
VT8020,26.3,26.27777777777778,WPG,1.72,0.905,-0.0391398643696059,0.022222222222222143
VT8020,26.4,26.448979591836736,WPG,1.629,0.886,-0.0558199492403669,0.04897959183673706
VT8020,26.5,26.52,WPG,1.675,0.867,-0.0282812477163904,0.019999999999999574
VT8020,26.6,26.6,WPG,1.733,0.883,-0.0198713970305969,0.0
VT8020,26.7,26.714285714285715,WPG,1.64,0.881,-0.0488468095108146,0.014285714285716011
VT8020,26.8,26.83333333333333,WPG,1.6,0.846,-0.0388064030909227,0.033333333333327886
VT8020,26.9,26.892307692307693,WPG,1.783,0.873,0.0036864967360196,0.007692307692305889
VT8020,27.0,27.0,WPG,1.649,0.845,-0.0218432177638656,0.0
VT8020,27.1,27.125,WPG,1.653,0.802,0.0080815461193464,0.02499999999999858
VT8020,27.2,27.23809523809524,WPG,1.565,0.843,-0.0483268905869127,0.03809523809524151
VT8020,27.3,27.23809523809524,WPG,1.565,0.843,-0.0483268905869127,0.06190476190475991
VT8020,27.4,27.40740740740741,WPG,1.747,0.897,-0.024196852972104,0.00740740740740975
VT8020,27.5,27.49090909090909,WPG,1.76,0.87,-0.0018950051065339,0.009090909090911481
VT8020,27.6,27.5625,WPG,1.757,0.898,-0.0221193564612762,0.03750000000000142
VT8020,27.8,27.857142857142858,WPG,1.771,0.895,-0.0150083799327067,0.05714285714285694
VT8020,27.9,27.857142857142858,WPG,1.771,0.895,-0.0150083799327067,0.04285714285714093
VT8020,28.0,28.0,WPG,1.668,0.839,-0.011746132485395,0.0
VT8020,28.1,28.115384615384617,WPG,1.779,0.85,0.0175449516462415,0.01538461538461533
VT8020,28.2,28.2,WPG,1.822,0.853,0.0298546783886118,0.0
VT8020,28.3,28.33333333333333,WPG,1.675,0.874,-0.0327077655928988,0.033333333333327886
VT8020,28.4,28.444444444444443,WPG,1.67,0.869,-0.0310134341103723,0.04444444444444429
VT8020,28.5,28.5,WPG,1.676,0.89,-0.0428929393985419,0.0
VT8020,28.6,28.6,WPG,1.703,0.809,0.0198224007671202,0.0
VT8020,28.7,28.711111111111112,WPG,1.726,0.865,-0.0100052572653885,0.011111111111112848
VT8020,28.8,28.85185185185185,WPG,1.797,0.881,0.0027814537409395,0.05185185185185048
VT8020,28.9,28.85185185185185,WPG,1.797,0.881,0.0027814537409395,0.048148148148147385
VT8020,29.0,29.0,WPG,1.644,0.846,-0.0244737406660079,0.0
VT8020,29.1,29.166666666666668,WPG,1.7,0.842,-0.0032197224075664,0.06666666666666643
VT8020,29.2,29.166666666666668,WPG,1.7,0.842,-0.0032197224075664,0.03333333333333144
VT8020,29.3,29.285714285714285,WPG,1.808,0.89,0.0005161160523958,0.014285714285716011
VT8020,29.4,29.33333333333333,WPG,1.805,0.902,-0.0084755839807619,0.06666666666666998
VT8020,29.5,29.46938775510204,WPG,1.806,0.886,0.0023413070033261,0.03061224489795933
VT8020,29.6,29.571428571428573,WPG,1.611,0.843,-0.0331789916953172,0.02857142857142847
VT8020,29.7,29.6875,WPG,1.595,0.794,-0.0056822667033402,0.01249999999999929
VT8020,29.8,29.75,WPG,1.825,0.849,0.0335873580755295,0.05000000000000071
VT8020,30.0,30.0,WPG,1.714,0.881,-0.02463846244824,0.0
VT8020,30.2,30.25,WPG,1.83,0.899,0.0017516643651124,0.05000000000000071
VT8020,30.3,30.25,WPG,1.83,0.899,0.0017516643651124,0.05000000000000071
VT8020,30.4,30.4,WPG,1.767,0.845,0.0170974922521734,0.0
VT8020,30.5,30.545454545454547,WPG,1.768,0.852,0.0124057876304204,0.045454545454546746
VT8020,30.6,30.6,WPG,1.768,0.851,0.0135718306015863,0.0
VT8020,30.7,30.75,WPG,1.847,0.895,0.0101594420789751,0.05000000000000071
VT8020,30.8,30.814814814814813,WPG,1.73,0.849,0.0023686455108421,0.014814814814812394
VT8020,30.9,30.814814814814813,WPG,1.73,0.849,0.0023686455108421,0.08518518518518547
VT8020,31.0,31.0,WPG,1.656,0.853,-0.0253063068278626,0.0
VT8020,31.1,31.085714285714285,WPG,1.745,0.858,0.0006838959812416,0.014285714285716011
VT8020,31.2,31.25,WPG,1.69,0.846,-0.0092089176856925,0.05000000000000071
VT8020,31.3,31.25,WPG,1.69,0.846,-0.0092089176856925,0.05000000000000071
VT8020,31.4,31.45,WPG,1.747,0.862,-0.0011852143476465,0.05000000000000071
VT8020,31.5,31.45,WPG,1.747,0.862,-0.0011852143476465,0.05000000000000071
VT8020,31.6,31.666666666666668,WPG,1.866,0.89,0.0194611988805529,0.06666666666666643
VT8020,31.7,31.714285714285715,WPG,1.752,0.874,-0.0074127413899615,0.014285714285716011
VT8020,31.8,31.875,WPG,1.766,0.839,0.0205893401539604,0.07499999999999929
VT8020,31.9,31.875,WPG,1.766,0.839,0.0205893401539604,0.02499999999999858
VT8020,32.0,32.0,WPG,1.889,0.865,0.0437579078824326,0.0
VT8020,32.1,32.111111111111114,WPG,1.767,0.869,0.0007962284223003,0.011111111111112848
VT8020,32.2,32.2,WPG,1.927,0.883,0.0439663393501466,0.0
VT8020,32.3,32.30769230769231,WPG,1.807,0.803,0.0581204766658054,0.007692307692309441
VT8020,32.4,32.30769230769231,WPG,1.807,0.803,0.0581204766658054,0.09230769230769198
VT8020,32.5,32.5,WPG,1.674,0.794,0.0204631843677515,0.0
VT8020,32.6,32.57142857142857,WPG,1.644,0.791,0.012765777284461,0.028571428571432023
VT8020,32.7,32.6530612244898,WPG,1.905,0.886,0.0349579937557474,0.0469387755102062
VT8020,32.8,32.888888888888886,WPG,1.782,0.842,0.0236249127838291,0.08888888888888857
VT8020,32.9,32.888888888888886,WPG,1.782,0.842,0.0236249127838291,0.011111111111112848
VT8020,33.0,33.0,WPG,1.598,0.786,0.0004283631242112,0.0
VT8020,33.1,33.142857142857146,WPG,1.787,0.73,0.1008788207851648,0.04285714285714448
VT8020,33.2,33.142857142857146,WPG,1.787,0.73,0.1008788207851648,0.05714285714285694
VT8020,33.3,33.291666666666664,WPG,1.962,0.818,0.0991664539175384,0.00833333333333286
VT8020,33.4,33.476190476190474,WPG,1.794,0.881,0.0017824421547713,0.07619047619047592
VT8020,33.5,33.476190476190474,WPG,1.794,0.881,0.0017824421547713,0.0238095238095255
VT8020,33.6,33.583333333333336,WPG,1.715,0.803,0.0278089245556514,0.01666666666666572
VT8020,33.7,33.785714285714285,WPG,1.93,0.895,0.0372647627824453,0.08571428571428186
VT8020,33.8,33.785714285714285,WPG,1.93,0.895,0.0372647627824453,0.014285714285712459
VT8020,34.0,34.0,WPG,1.848,0.845,0.0437519706680826,0.0
VT8020,34.1,34.09090909090909,WPG,1.766,0.761,0.0728113810897703,0.009090909090907928
VT8020,34.2,34.22222222222222,WPG,1.679,0.722,0.0703557787364695,0.02222222222221859
VT8020,34.3,34.34615384615385,WPG,1.984,0.85,0.0851756969577021,0.04615384615384954
VT8020,34.4,34.34615384615385,WPG,1.984,0.85,0.0851756969577021,0.05384615384615188
VT8020,34.5,34.54545454545455,WPG,1.866,0.812,0.0721828725501312,0.045454545454546746
VT8020,34.6,34.54545454545455,WPG,1.866,0.812,0.0721828725501312,0.054545454545454675
VT8020,34.7,34.75555555555555,WPG,2.001,0.817,0.1127217761254618,0.05555555555555003
VT8020,34.8,34.8,WPG,1.869,0.851,0.0469228678255451,0.0
VT8020,34.9,34.97142857142857,WPG,1.832,0.858,0.029426233708064,0.0714285714285694
VT8020,35.0,35.0,WPG,1.743,0.83,0.0189374546998171,0.0
MAD_M6C12,4.0,4.0,CPG,0.51,0.963,-0.4771684734300782,0.0
MAD_M6C12,4.1,4.099099099099099,CPG,0.521,0.964,-0.4652511336950139,0.0009009009009002256
MAD_M6C12,4.2,4.2,CPG,0.511,0.962,-0.4757077067277203,0.0
MAD_M6C12,4.3,4.3,CPG,0.546,0.963,-0.4650090863482905,0.0
MAD_M6C12,4.4,4.4,SSPG,0.5,0.956,-0.4753129192651824,0.0
MAD_M6C12,4.5,4.5,CPG,0.509,0.955,-0.4721542482492171,0.0
MAD_M6C12,4.6,4.6,SSPG,0.497,0.957,-0.4771912101058334,0.0
MAD_M6C12,4.7,4.699604743083004,CPG,0.591,0.967,-0.4487594452065032,0.0003952569169962672
MAD_M6C12,4.8,4.8,SSPG,0.499,0.951,-0.4727606634733872,0.0
MAD_M6C12,4.9,4.9,CPG,0.534,0.959,-0.4662483208622845,0.0
MAD_M6C12,5.0,5.0,SSPG,0.513,0.959,-0.4734149406106338,0.0
MAD_M6C12,5.1,5.1,CPG,0.525,0.955,-0.4669956811690818,0.0
MAD_M6C12,5.2,5.2,SSPG,0.514,0.96,-0.4739867384742096,0.0
MAD_M6C12,5.3,5.301075268817205,CPG,0.537,0.952,-0.4497678512792873,0.0010752688172050995
MAD_M6C12,5.4,5.4,SSPG,0.511,0.945,-0.4645173258142267,0.0
MAD_M6C12,5.5,5.5,SSPG,0.517,0.953,-0.4682160245235427,0.0
MAD_M6C12,5.6,5.6,CPG,0.536,0.956,-0.4635981147866804,0.0
MAD_M6C12,5.7,5.7,SSPG,0.519,0.947,-0.4628309288626917,0.0
MAD_M6C12,5.8,5.8,CPG,0.547,0.956,-0.4604447541300775,0.0
MAD_M6C12,5.9,6.0,SSPG,0.525,0.957,-0.4678212827335499,0.09999999999999964
MAD_M6C12,6.0,6.0,SSPG,0.525,0.957,-0.4678212827335499,0.0
MAD_M6C12,6.1,6.0,SSPG,0.525,0.957,-0.4678212827335499,0.09999999999999964
MAD_M6C12,6.2,6.2,CPG,0.564,0.954,-0.4532854597319316,0.0
MAD_M6C12,6.3,6.3,CPG,0.566,0.957,-0.4543220296670723,0.0
MAD_M6C12,6.4,6.4,CPG,0.605,0.958,-0.4420262323944647,0.0
MAD_M6C12,6.5,6.5,CPG,0.547,0.949,-0.4551123210375378,0.0
MAD_M6C12,6.6,6.6,CPG,0.556,0.952,-0.454522442740436,0.0
MAD_M6C12,6.7,6.700757575757578,CPG,0.565,0.946,-0.4399043978688519,0.0007575757575777331
MAD_M6C12,6.8,6.8,CPG,0.61,0.958,-0.440739235565092,0.0
MAD_M6C12,6.9,6.9,CPG,0.653,0.958,-0.4266631693557882,0.0
MAD_M6C12,7.0,7.0,CPG,0.573,0.95,-0.4473503714748418,0.0
MAD_M6C12,7.1,7.100840336134454,CPG,0.557,0.945,-0.4410948030296151,0.0008403361344546667
MAD_M6C12,7.2,7.200000000000001,CPG,0.559,0.942,-0.4468267468608506,8.881784197001252e-16
MAD_M6C12,7.3,7.3,CPG,0.576,0.949,-0.4458326036429809,0.0
MAD_M6C12,7.4,7.4,CPG,0.588,0.953,-0.4446776414794422,0.0
MAD_M6C12,7.5,7.5,CPG,0.576,0.951,-0.4467327206605673,0.0
MAD_M6C12,7.6,7.6,CPG,0.588,0.952,-0.4435909235420631,0.0
MAD_M6C12,7.7,7.69921875,CPG,0.581,0.947,-0.434765318369999,0.0007812500000001776
MAD_M6C12,7.8,7.8,CPG,0.574,0.948,-0.4455139487392839,0.0
MAD_M6C12,7.9,7.901960784313725,CPG,0.574,0.941,-0.421055848945124,0.001960784313724595
MAD_M6C12,8.0,8.0,CPG,0.58,0.951,-0.446020253491893,0.0
MAD_M6C12,8.1,8.098765432098766,CPG,0.695,0.959,-0.4006688583025416,0.001234567901233774
MAD_M6C12,8.2,8.198198198198199,CPG,0.577,0.942,-0.4230141047477677,0.0018018018018004511
MAD_M6C12,8.3,8.298245614035087,CPG,0.706,0.96,-0.3924574264261592,0.0017543859649133964
MAD_M6C12,8.4,8.4,CPG,0.633,0.948,-0.4261002972766887,0.0
MAD_M6C12,8.5,8.5,CPG,0.638,0.952,-0.4274399676113357,0.0
MAD_M6C12,8.6,8.6,CPG,0.628,0.948,-0.4279089314427801,0.0
MAD_M6C12,8.7,8.7,CPG,0.648,0.953,-0.4249174965031891,0.0
MAD_M6C12,8.8,8.8,CPG,0.599,0.948,-0.4373289866626266,0.0
MAD_M6C12,8.9,8.90625,CPG,0.658,0.954,-0.3596357183589421,0.006249999999999645
MAD_M6C12,9.0,8.999999999999998,CPG,0.583,0.939,-0.43696670293035,1.7763568394002505e-15
MAD_M6C12,9.1,9.1,CPG,0.595,0.945,-0.4367162178055308,0.0
MAD_M6C12,9.2,9.2,CPG,0.685,0.95,-0.4107244784937406,0.0
MAD_M6C12,9.3,9.306122448979592,CPG,0.605,0.945,-0.3721289960722608,0.0061224489795908
MAD_M6C12,9.4,9.4,CPG,0.691,0.951,-0.4091074024210943,0.0
MAD_M6C12,9.5,9.5,CPG,0.704,0.954,-0.406596264034859,0.0
MAD_M6C12,9.6,9.6,CPG,0.664,0.95,-0.4169583291828591,0.0
MAD_M6C12,9.7,9.696969696969695,CPG,0.653,0.95,-0.39044915975628,0.003030303030303827
MAD_M6C12,9.8,9.8,CPG,0.704,0.952,-0.4056597722496211,0.0
MAD_M6C12,9.9,9.896825396825395,CPG,0.648,0.945,-0.3879991188937573,0.0031746031746049397
MAD_M6C12,10.0,10.0,CPG,0.605,0.943,-0.4321301907771085,0.0
MAD_M6C12,10.1,10.1,CPG,0.784,0.956,-0.3815855533857891,0.0
MAD_M6C12,10.2,10.2,CPG,0.712,0.952,-0.4028128353179995,0.0
MAD_M6C12,10.3,10.29810298102981,CPG,0.725,0.954,-0.3808186490403861,0.001897018970190345
MAD_M6C12,10.4,10.4,CPG,0.731,0.953,-0.3973123445497235,0.0
MAD_M6C12,10.5,10.5,CPG,0.66,0.944,-0.4151643311277651,0.0
MAD_M6C12,10.6,10.595238095238097,CPG,0.663,0.945,-0.3671223963717402,0.004761904761902969
MAD_M6C12,10.7,10.703448275862067,CPG,0.714,0.948,-0.365243933059542,0.003448275862067973
MAD_M6C12,10.8,10.8,CPG,0.735,0.945,-0.3905256905555124,0.0
MAD_M6C12,10.9,10.904255319148936,CPG,0.748,0.953,-0.3495386070768098,0.004255319148935399
MAD_M6C12,11.0,11.0,CPG,0.628,0.939,-0.4221978454846127,0.0
MAD_M6C12,11.1,11.099099099099098,CPG,0.722,0.941,-0.383303689833641,0.0009009009009020019
MAD_M6C12,11.2,11.2,CPG,0.666,0.937,-0.4078632339283363,0.0
MAD_M6C12,11.3,11.302083333333334,CPG,0.732,0.949,-0.3731696170840249,0.002083333333333215
MAD_M6C12,11.4,11.314285714285717,WPG,0.773,0.903,-0.3497715805509456,0.08571428571428363
MAD_M6C12,11.5,11.5,CPG,0.732,0.947,-0.3931871247375384,0.0
MAD_M6C12,11.6,11.636363636363637,WPG,0.742,0.92,-0.3716712497425952,0.03636363636363704
MAD_M6C12,11.7,11.700980392156865,CPG,0.728,0.939,-0.3794157731055831,0.0009803921568654062
MAD_M6C12,11.8,11.801242236024844,CPG,0.761,0.949,-0.3724358807451884,0.0012422360248436348
MAD_M6C12,11.9,11.902597402597404,CPG,0.759,0.949,-0.3591735025653275,0.0025974025974040416
MAD_M6C12,12.0,12.0,CPG,0.692,0.944,-0.4043064176804369,0.0
MAD_M6C12,12.1,12.098412698412698,CPG,0.794,0.951,-0.3588211206919287,0.0015873015873015817
MAD_M6C12,12.2,12.212121212121213,WPG,0.74,0.911,-0.3664680167373133,0.012121212121213532
MAD_M6C12,12.3,12.272727272727272,WPG,0.771,0.903,-0.3501406406159691,0.027272727272729114
MAD_M6C12,12.4,12.4,CPG,0.695,0.941,-0.4009164109801968,0.0
MAD_M6C12,12.5,12.5,CPG,0.712,0.945,-0.3982171613371592,0.0
MAD_M6C12,12.6,12.597402597402596,CPG,0.776,0.949,-0.3534901930797801,0.0025974025974040416
MAD_M6C12,12.7,12.70408163265306,CPG,0.697,0.939,-0.3582610744493103,0.004081632653059941
MAD_M6C12,12.8,12.818181818181818,WPG,0.872,0.882,-0.3030574413037226,0.018181818181817633
MAD_M6C12,12.9,12.9,WPG,0.784,0.912,-0.3519602115046152,0.0
MAD_M6C12,13.0,13.0,CPG,0.744,0.936,-0.3815761813915181,0.0
MAD_M6C12,13.1,13.090909090909092,WPG,0.756,0.911,-0.3610890382675628,0.009090909090907928
MAD_M6C12,13.2,13.23076923076923,WPG,0.793,0.922,-0.356066725692228,0.03076923076923066
MAD_M6C12,13.3,13.333333333333334,WPG,0.75,0.917,-0.3666181026658217,0.033333333333333215
MAD_M6C12,13.4,13.333333333333334,WPG,0.75,0.917,-0.3666181026658217,0.06666666666666643
MAD_M6C12,13.5,13.5,CPG,0.775,0.946,-0.3782821355302451,0.0
MAD_M6C12,13.6,13.6,CPG,0.769,0.944,-0.3786529413515643,0.0
MAD_M6C12,13.7,13.75,WPG,0.748,0.882,-0.3443312819537615,0.05000000000000071
MAD_M6C12,13.8,13.75,WPG,0.748,0.882,-0.3443312819537615,0.05000000000000071
MAD_M6C12,13.9,13.92,WPG,0.701,0.897,-0.3698496592570431,0.019999999999999574
MAD_M6C12,14.0,14.000000000000002,CPG,0.815,0.938,-0.3597097930282473,1.7763568394002505e-15
MAD_M6C12,14.1,14.090909090909092,WPG,0.759,0.899,-0.3518274744715445,0.009090909090907928
MAD_M6C12,14.2,14.192307692307692,WPG,0.792,0.909,-0.3476140645610932,0.007692307692307665
MAD_M6C12,14.3,14.3,WPG,0.774,0.9,-0.3477329463860937,0.0
MAD_M6C12,14.4,14.425925925925926,WPG,0.798,0.915,-0.3495204500589856,0.02592592592592524
MAD_M6C12,14.5,14.5,WPG,0.706,0.881,-0.3571556438878518,0.0
MAD_M6C12,14.6,14.578512396694215,WPG,0.81,0.923,-0.3512152063403038,0.021487603305784475
MAD_M6C12,14.7,14.761904761904765,WPG,0.769,0.857,-0.3201899076787058,0.06190476190476524
MAD_M6C12,14.8,14.823529411764708,WPG,0.807,0.878,-0.3218352303681379,0.023529411764707575
MAD_M6C12,14.9,14.909090909090908,WPG,0.807,0.918,-0.3489572166429003,0.009090909090907928
MAD_M6C12,15.0,15.0,WPG,0.722,0.907,-0.3696473550699646,0.0
MAD_M6C12,15.1,15.085714285714284,WPG,0.818,0.903,-0.3350023775123017,0.014285714285716011
MAD_M6C12,15.2,15.238095238095235,WPG,0.756,0.89,-0.3467358142385148,0.038095238095236184
MAD_M6C12,15.3,15.3,CPG,0.848,0.944,-0.352458820308596,0.0
MAD_M6C12,15.4,15.4,WPG,0.711,0.879,-0.3545120128840231,0.0
MAD_M6C12,15.5,15.494736842105263,WPG,0.868,0.879,-0.3026994888707436,0.005263157894736636
MAD_M6C12,15.6,15.583333333333334,WPG,0.824,0.892,-0.3257355646504702,0.01666666666666572
MAD_M6C12,15.7,15.681818181818182,WPG,0.726,0.881,-0.3507228749894832,0.018181818181817633
MAD_M6C12,15.8,15.785714285714286,WPG,0.76,0.899,-0.3513081800623819,0.014285714285714235
MAD_M6C12,15.9,15.925925925925926,WPG,0.828,0.915,-0.3394348532702737,0.02592592592592524
MAD_M6C12,16.0,16.0,CPG,0.816,0.94,-0.3606004693625143,0.0
MAD_M6C12,16.1,16.11111111111111,WPG,0.727,0.895,-0.3598804449809318,0.011111111111109295
MAD_M6C12,16.2,16.2,WPG,0.702,0.893,-0.366499624555298,0.0
MAD_M6C12,16.3,16.333333333333332,WPG,0.843,0.9,-0.3249390487192937,0.03333333333333144
MAD_M6C12,16.4,16.418181818181818,WPG,0.839,0.919,-0.3387071209106963,0.01818181818181941
MAD_M6C12,16.5,16.5,WPG,0.703,0.877,-0.3557153055524017,0.0
MAD_M6C12,16.6,16.615384615384617,WPG,0.829,0.9,-0.3294970309521006,0.01538461538461533
MAD_M6C12,16.7,16.703703703703702,WPG,0.841,0.923,-0.3405867010594936,0.0037037037037030984
MAD_M6C12,16.8,16.77922077922078,WPG,0.77,0.897,-0.3468523263056042,0.020779220779221674
MAD_M6C12,16.9,16.88888888888889,WPG,0.77,0.887,-0.3402079814960899,0.011111111111109295
MAD_M6C12,17.0,17.0,WPG,0.817,0.91,-0.3398156000442172,0.0
MAD_M6C12,17.1,17.1,WPG,0.777,0.904,-0.3491072124281873,0.0
MAD_M6C12,17.2,17.185185185185187,WPG,0.806,0.908,-0.3420010334666682,0.014814814814812394
MAD_M6C12,17.3,17.333333333333332,WPG,0.791,0.914,-0.3513802164319745,0.03333333333333144
MAD_M6C12,17.4,17.333333333333332,WPG,0.791,0.914,-0.3513802164319745,0.06666666666666643
MAD_M6C12,17.5,17.5,WPG,0.738,0.893,-0.3543945891820266,0.0
MAD_M6C12,17.6,17.571428571428573,WPG,0.794,0.899,-0.3400298517448594,0.02857142857142847
MAD_M6C12,17.7,17.704545454545453,WPG,0.798,0.906,-0.3433912599385611,0.004545454545453964
MAD_M6C12,17.8,17.82716049382716,WPG,0.791,0.908,-0.347585845255223,0.027160493827160792
MAD_M6C12,17.9,17.88888888888889,WPG,0.74,0.877,-0.3433882102855236,0.011111111111109295
MAD_M6C12,18.0,18.0,WPG,0.753,0.879,-0.3404970252866829,0.0
MAD_M6C12,18.1,18.05128205128205,WPG,0.811,0.855,-0.3053268011548199,0.04871794871795032
MAD_M6C12,18.2,18.22222222222222,WPG,0.809,0.911,-0.3431701825219911,0.022222222222222143
MAD_M6C12,18.3,18.33333333333333,WPG,0.818,0.92,-0.346204323666226,0.033333333333327886
MAD_M6C12,18.4,18.416666666666668,WPG,0.828,0.882,-0.3177459616609182,0.016666666666669272
MAD_M6C12,18.5,18.5,WPG,0.794,0.901,-0.3419131288474547,0.0
MAD_M6C12,18.6,18.6,WPG,0.77,0.895,-0.3456809177624214,0.0
MAD_M6C12,18.7,18.7012987012987,WPG,0.806,0.897,-0.3348867419427616,0.0012987012987011326
MAD_M6C12,18.8,18.742857142857144,WPG,0.809,0.874,-0.3186147430371555,0.05714285714285694
MAD_M6C12,18.9,18.88888888888889,WPG,0.807,0.887,-0.3280080831228976,0.011111111111109295
MAD_M6C12,19.0,19.0,WPG,0.812,0.911,-0.3423071082672081,0.0
MAD_M6C12,19.1,19.133333333333333,WPG,0.827,0.914,-0.3395810424051255,0.03333333333333144
MAD_M6C12,19.2,19.2,WPG,0.78,0.883,-0.3343936797588536,0.0
MAD_M6C12,19.3,19.33333333333333,WPG,0.764,0.877,-0.3356676068882475,0.033333333333327886
MAD_M6C12,19.4,19.40625,WPG,0.738,0.875,-0.3423687717836202,0.006250000000001421
MAD_M6C12,19.5,19.52777777777778,WPG,0.813,0.905,-0.338355052307236,0.027777777777778567
MAD_M6C12,19.6,19.6,WPG,0.76,0.851,-0.3191699557789377,0.0
MAD_M6C12,19.7,19.692307692307693,WPG,0.818,0.873,-0.3148649735746266,0.007692307692305889
MAD_M6C12,19.8,19.753086419753085,WPG,0.828,0.908,-0.335268726049952,0.04691358024691539
MAD_M6C12,19.9,19.91111111111111,WPG,0.837,0.895,-0.3234354928368306,0.011111111111112848
MAD_M6C12,20.0,20.0,WPG,0.777,0.852,-0.3148613005011041,0.0
MAD_M6C12,20.1,20.09090909090909,WPG,0.82,0.885,-0.3225049214976095,0.009090909090911481
MAD_M6C12,20.2,20.21978021978022,WPG,0.852,0.919,-0.3347245973254215,0.01978021978021971
MAD_M6C12,20.3,20.25,WPG,0.801,0.898,-0.3374888077527971,0.05000000000000071
MAD_M6C12,20.4,20.428571428571427,WPG,0.847,0.916,-0.3341802256782765,0.02857142857142847
MAD_M6C12,20.5,20.5,WPG,0.852,0.916,-0.3323886939230108,0.0
MAD_M6C12,20.6,20.58333333333333,WPG,0.833,0.901,-0.3289368991174771,0.016666666666672825
MAD_M6C12,20.7,20.727272727272727,WPG,0.843,0.912,-0.332726327934866,0.027272727272727337
MAD_M6C12,20.8,20.8,WPG,0.829,0.871,-0.3101016634479238,0.0
MAD_M6C12,20.9,20.88571428571429,WPG,0.894,0.874,-0.2908261373371695,0.014285714285708906
MAD_M6C12,21.0,21.0,WPG,0.764,0.875,-0.3339926507696866,0.0
MAD_M6C12,21.1,21.142857142857142,WPG,0.842,0.907,-0.330107147131264,0.04285714285714093
MAD_M6C12,21.2,21.25,WPG,0.809,0.889,-0.3288169438674872,0.05000000000000071
MAD_M6C12,21.3,21.25,WPG,0.809,0.889,-0.3288169438674872,0.05000000000000071
MAD_M6C12,21.4,21.357142857142858,WPG,0.769,0.871,-0.3300559083974611,0.04285714285714093
MAD_M6C12,21.5,21.53333333333333,WPG,0.837,0.883,-0.3154709761446835,0.03333333333333144
MAD_M6C12,21.6,21.60606060606061,WPG,0.802,0.852,-0.3063870543364124,0.006060606060607654
MAD_M6C12,21.7,21.714285714285715,WPG,0.827,0.901,-0.3310057739063002,0.014285714285716011
MAD_M6C12,21.8,21.77777777777778,WPG,0.869,0.908,-0.3219562849716878,0.022222222222222143
MAD_M6C12,21.9,21.923076923076923,WPG,0.92,0.889,-0.2917015248304588,0.02307692307692477
MAD_M6C12,22.0,22.0,WPG,0.802,0.829,-0.2908220696073462,0.0
MAD_M6C12,22.1,22.10909090909091,WPG,0.844,0.869,-0.304061151657802,0.009090909090907928
MAD_M6C12,22.2,22.257142857142856,WPG,0.864,0.895,-0.3143916935161093,0.05714285714285694
MAD_M6C12,22.3,22.272727272727277,WPG,0.82,0.847,-0.296676841209088,0.027272727272723785
MAD_M6C12,22.4,22.38888888888889,WPG,0.815,0.877,-0.3188191138816571,0.011111111111109295
MAD_M6C12,22.5,22.5,WPG,0.832,0.894,-0.3247811795047856,0.0
MAD_M6C12,22.6,22.5625,WPG,0.859,0.898,-0.318246304448339,0.03750000000000142
MAD_M6C12,22.7,22.666666666666668,WPG,0.83,0.878,-0.3141268345994789,0.03333333333333144
MAD_M6C12,22.8,22.814814814814813,WPG,0.784,0.849,-0.3099462268205312,0.014814814814812394
MAD_M6C12,22.9,22.857142857142858,WPG,0.885,0.912,-0.31895927435543,0.04285714285714093
MAD_M6C12,23.0,23.0,WPG,0.813,0.851,-0.3016500087324931,0.0
MAD_M6C12,23.1,23.1,WPG,0.894,0.911,-0.3155139406420074,0.0
MAD_M6C12,23.2,23.22222222222222,WPG,0.935,0.887,-0.2858976353307048,0.022222222222222143
MAD_M6C12,23.3,23.296296296296298,WPG,0.844,0.881,-0.3114616323330289,0.0037037037037030984
MAD_M6C12,23.4,23.4,WPG,0.885,0.907,-0.315813346581803,0.0
MAD_M6C12,23.5,23.5,WPG,0.986,0.855,-0.2473409718249305,0.0
MAD_M6C12,23.6,23.59183673469388,WPG,0.843,0.885,-0.315146044034497,0.008163265306119882
MAD_M6C12,23.7,23.68,WPG,0.848,0.867,-0.3014241853016149,0.019999999999999574
MAD_M6C12,23.8,23.785714285714285,WPG,0.855,0.889,-0.3136649815219007,0.014285714285716011
MAD_M6C12,23.9,23.901234567901238,WPG,0.956,0.908,-0.2930642451118714,0.001234567901239103
MAD_M6C12,24.0,24.0,WPG,0.867,0.902,-0.3182921021872804,0.0
MAD_M6C12,24.1,24.126984126984127,WPG,0.888,0.902,-0.3110095442749033,0.026984126984125112
MAD_M6C12,24.2,24.181818181818183,WPG,0.824,0.801,-0.2647119701531116,0.018181818181815856
MAD_M6C12,24.3,24.32,WPG,1.003,0.875,-0.2556009132990225,0.019999999999999574
MAD_M6C12,24.4,24.369230769230768,WPG,0.95,0.873,-0.2713150199512827,0.03076923076923066
MAD_M6C12,24.5,24.571428571428573,WPG,0.91,0.895,-0.2993501182340747,0.07142857142857295
MAD_M6C12,24.6,24.571428571428573,WPG,0.91,0.895,-0.2993501182340747,0.02857142857142847
MAD_M6C12,24.7,24.703703703703702,WPG,0.828,0.849,-0.2951922142321141,0.0037037037037030984
MAD_M6C12,24.8,24.8,WPG,0.842,0.851,-0.2920798370489014,0.0
MAD_M6C12,24.9,24.88888888888889,WPG,0.898,0.818,-0.2514570752921993,0.011111111111109295
MAD_M6C12,25.0,25.0,WPG,0.906,0.898,-0.3028337960512355,0.0
MAD_M6C12,25.1,25.107142857142858,WPG,0.88,0.895,-0.3090052966558864,0.007142857142856229
MAD_M6C12,25.2,25.227272727272727,WPG,0.871,0.847,-0.279841112120343,0.027272727272727337
MAD_M6C12,25.3,25.27777777777778,WPG,0.86,0.813,-0.2611800731103609,0.022222222222222143
MAD_M6C12,25.4,25.375,WPG,0.926,0.879,-0.2833156789267665,0.02499999999999858
MAD_M6C12,25.5,25.5,WPG,0.875,0.89,-0.3072498778806017,0.0
MAD_M6C12,25.6,25.6,WPG,0.874,0.865,-0.2910351994068134,0.0
MAD_M6C12,25.7,25.666666666666668,WPG,0.873,0.842,-0.2758609801593603,0.03333333333333144
MAD_M6C12,25.8,25.8,WPG,0.922,0.871,-0.2794103443594911,0.0
MAD_M6C12,25.9,25.88235294117647,WPG,0.977,0.82,-0.2266397532785875,0.017647058823527573
MAD_M6C12,26.0,26.0,WPG,0.909,0.881,-0.2900344470881716,0.0
MAD_M6C12,26.2,26.27777777777778,WPG,0.946,0.905,-0.2945933660808854,0.07777777777777928
MAD_M6C12,26.3,26.27777777777778,WPG,0.946,0.905,-0.2945933660808854,0.022222222222222143
MAD_M6C12,26.4,26.448979591836736,WPG,0.893,0.886,-0.2987839151837086,0.04897959183673706
MAD_M6C12,26.5,26.52,WPG,0.914,0.867,-0.2795465425709092,0.019999999999999574
MAD_M6C12,26.6,26.6,WPG,0.933,0.883,-0.2839569758687026,0.0
MAD_M6C12,26.7,26.714285714285715,WPG,0.883,0.881,-0.2986128351032889,0.014285714285716011
MAD_M6C12,26.8,26.83333333333333,WPG,0.835,0.846,-0.291449525205764,0.033333333333327886
MAD_M6C12,26.9,26.892307692307693,WPG,0.999,0.873,-0.2549981053824395,0.007692307692305889
MAD_M6C12,27.0,27.0,WPG,0.898,0.845,-0.2694451942257502,0.0
MAD_M6C12,27.1,27.125,WPG,0.872,0.802,-0.2497894784478374,0.02499999999999858
MAD_M6C12,27.2,27.23809523809524,WPG,0.831,0.843,-0.2906841505660007,0.03809523809524151
MAD_M6C12,27.3,27.272727272727277,WPG,1.003,0.885,-0.2621093998672117,0.027272727272723785
MAD_M6C12,27.4,27.40740740740741,WPG,0.921,0.897,-0.2969328363256338,0.00740740740740975
MAD_M6C12,27.5,27.5,WPG,1.016,0.901,-0.2687434346121556,0.0
MAD_M6C12,27.6,27.5625,WPG,0.957,0.898,-0.2861505271444526,0.03750000000000142
MAD_M6C12,27.8,27.857142857142858,WPG,0.947,0.895,-0.2867953846063378,0.05714285714285694
MAD_M6C12,27.9,27.857142857142858,WPG,0.947,0.895,-0.2867953846063378,0.04285714285714093
MAD_M6C12,28.0,28.0,WPG,0.896,0.862,-0.2818926920241985,0.0
MAD_M6C12,28.1,28.115384615384617,WPG,0.956,0.85,-0.2542165133837719,0.01538461538461533
MAD_M6C12,28.2,28.2,WPG,1.024,0.853,-0.2334800300658577,0.0
MAD_M6C12,28.3,28.33333333333333,WPG,0.916,0.874,-0.2833321666716373,0.033333333333327886
MAD_M6C12,28.4,28.444444444444443,WPG,0.875,0.869,-0.2933542627113568,0.04444444444444429
MAD_M6C12,28.5,28.5,WPG,0.93,0.89,-0.2893418524182632,0.0
MAD_M6C12,28.6,28.6,WPG,0.889,0.809,-0.2486160312974607,0.0
MAD_M6C12,28.7,28.703703703703702,WPG,0.893,0.849,-0.2739332853160593,0.0037037037037030984
MAD_M6C12,28.8,28.77777777777778,WPG,0.93,0.813,-0.2378631169493035,0.022222222222222143
MAD_M6C12,28.9,28.85185185185185,WPG,0.964,0.881,-0.2722205358099345,0.048148148148147385
MAD_M6C12,29.0,29.0,WPG,0.869,0.846,-0.2801927855112593,0.0
MAD_M6C12,29.1,29.166666666666668,WPG,0.933,0.842,-0.2564246074590467,0.06666666666666643
MAD_M6C12,29.2,29.166666666666668,WPG,0.933,0.842,-0.2564246074590467,0.03333333333333144
MAD_M6C12,29.3,29.285714285714285,WPG,0.975,0.89,-0.2741871816713197,0.014285714285716011
MAD_M6C12,29.4,29.46938775510204,WPG,0.949,0.886,-0.2803862053024407,0.06938775510204209
MAD_M6C12,29.5,29.46938775510204,WPG,0.949,0.886,-0.2803862053024407,0.03061224489795933
MAD_M6C12,29.6,29.571428571428573,WPG,0.865,0.843,-0.2793460004596517,0.02857142857142847
MAD_M6C12,29.7,29.6875,WPG,0.847,0.794,-0.252423051842285,0.01249999999999929
MAD_M6C12,29.8,29.75,WPG,0.975,0.849,-0.2467618300832907,0.05000000000000071
MAD_M6C12,29.9,29.90909090909091,WPG,1.057,0.885,-0.244329444455666,0.009090909090911481
MAD_M6C12,30.0,30.0,WPG,0.945,0.881,-0.2783335384133067,0.0
MAD_M6C12,30.2,30.25,WPG,1.012,0.899,-0.2681511183286477,0.05000000000000071
MAD_M6C12,30.3,30.25,WPG,1.012,0.899,-0.2681511183286477,0.05000000000000071
MAD_M6C12,30.4,30.4,WPG,0.951,0.845,-0.2522056849814869,0.0
MAD_M6C12,30.5,30.545454545454547,WPG,0.958,0.811,-0.2275812791774555,0.045454545454546746
MAD_M6C12,30.6,30.6,WPG,0.984,0.851,-0.2453047659694417,0.0
MAD_M6C12,30.7,30.75,WPG,1.004,0.895,-0.2681910881622478,0.05000000000000071
MAD_M6C12,30.8,30.814814814814813,WPG,0.897,0.806,-0.2443637097507179,0.014814814814812394
MAD_M6C12,30.9,30.814814814814813,WPG,0.897,0.806,-0.2443637097507179,0.08518518518518547
MAD_M6C12,31.0,31.0,WPG,0.9,0.853,-0.2747921552309473,0.0
MAD_M6C12,31.1,31.085714285714285,WPG,0.932,0.858,-0.2674392279478718,0.014285714285716011
MAD_M6C12,31.2,31.25,WPG,0.921,0.846,-0.2631759853470874,0.05000000000000071
MAD_M6C12,31.3,31.25,WPG,0.921,0.846,-0.2631759853470874,0.05000000000000071
MAD_M6C12,31.4,31.45,WPG,0.967,0.862,-0.2586447618292239,0.05000000000000071
MAD_M6C12,31.5,31.45,WPG,0.967,0.862,-0.2586447618292239,0.05000000000000071
MAD_M6C12,31.6,31.666666666666668,WPG,0.989,0.89,-0.2698292101377483,0.06666666666666643
MAD_M6C12,31.7,31.714285714285715,WPG,0.975,0.874,-0.2638211369772161,0.014285714285716011
MAD_M6C12,31.8,31.85185185185185,WPG,1.022,0.881,-0.2529088079729356,0.05185185185185048
MAD_M6C12,31.9,31.875,WPG,0.967,0.839,-0.2430940829238394,0.02499999999999858
MAD_M6C12,32.0,32.0,WPG,1.004,0.865,-0.2483130746895069,0.0
MAD_M6C12,32.1,32.111111111111114,WPG,0.968,0.869,-0.2631224374717537,0.011111111111112848
MAD_M6C12,32.2,32.2,WPG,1.089,0.883,-0.2324910349783596,0.0
MAD_M6C12,32.3,32.25,WPG,1.034,0.89,-0.2547923632012446,0.04999999999999716
MAD_M6C12,32.5,32.5,WPG,0.885,0.794,-0.2399035039846445,0.0
MAD_M6C12,32.6,32.57142857142857,WPG,0.857,0.791,-0.2471038159690933,0.028571428571432023
MAD_M6C12,32.7,32.68,WPG,1.03,0.868,-0.241291599862769,0.020000000000003126
MAD_M6C12,32.8,32.76190476190476,WPG,1.026,0.816,-0.2083244184449387,0.03809523809523796
MAD_M6C12,32.9,32.888888888888886,WPG,0.987,0.842,-0.2387638614488322,0.011111111111112848
MAD_M6C12,33.0,33.0,WPG,0.862,0.786,-0.2423291152279501,0.0
MAD_M6C12,33.1,33.1578947368421,WPG,1.103,0.759,-0.1448662415748149,0.057894736842101224
MAD_M6C12,33.2,33.1578947368421,WPG,1.103,0.759,-0.1448662415748149,0.0421052631579002
MAD_M6C12,33.3,33.291666666666664,WPG,1.102,0.818,-0.1847926293204648,0.00833333333333286
MAD_M6C12,33.4,33.476190476190474,WPG,1.009,0.881,-0.2573902299373636,0.07619047619047592
MAD_M6C12,33.5,33.476190476190474,WPG,1.009,0.881,-0.2573902299373636,0.0238095238095255
MAD_M6C12,33.6,33.583333333333336,WPG,0.921,0.803,-0.2342031264444768,0.01666666666666572
MAD_M6C12,33.7,33.785714285714285,WPG,1.065,0.895,-0.2480909810648918,0.08571428571428186
MAD_M6C12,33.8,33.785714285714285,WPG,1.065,0.895,-0.2480909810648918,0.014285714285712459
MAD_M6C12,34.0,34.0,WPG,1.031,0.845,-0.225892202403561,0.0
MAD_M6C12,34.1,34.09090909090909,WPG,1.03,0.761,-0.1702558032951528,0.009090909090907928
MAD_M6C12,34.2,34.22222222222222,WPG,0.889,0.722,-0.1903532564592036,0.02222222222221859
MAD_M6C12,34.3,34.34615384615385,WPG,1.119,0.85,-0.2002783156244281,0.04615384615384954
MAD_M6C12,34.4,34.34615384615385,WPG,1.119,0.85,-0.2002783156244281,0.05384615384615188
MAD_M6C12,34.5,34.54545454545455,WPG,1.014,0.812,-0.2090425351100674,0.045454545454546746
MAD_M6C12,34.6,34.61538461538461,WPG,1.078,0.803,-0.1823021433024793,0.015384615384611777
MAD_M6C12,34.7,34.75555555555555,WPG,1.118,0.817,-0.1788990869360788,0.05555555555555003
MAD_M6C12,34.8,34.8,WPG,1.058,0.851,-0.2206880809606493,0.0
MAD_M6C12,34.9,34.97142857142857,WPG,0.997,0.858,-0.2460668851636512,0.0714285714285694
MAD_M6C12,35.0,35.0,WPG,0.936,0.83,-0.2474420900550755,0.0
