Thigh,Calf,Hip left motor,Hip right motor,Hip left ratio,Hip right ratio,Gearbox left,Gearbox right,Efficiency left,Efficiency right,Torso distance,ik_height,ori_l,ori_theta,Best X velocity,Average energy,Max height,Max distance,Unique id,Cost,ac1,ac2,ac3
0.25882454973770086,0.24338257151051917,U12,MN8014,10.393978896498862,9.30724910923985,CPG,CPG,0.954,0.945,0.12430789885319597,0.342437148848744,0.4612513725002639,0.497160665870624,1.6740259466306628,0.7103695384730836,0.011976154814343538,0.014364687882705732,af200887,0.1457020894980507,436.7,4.8,28.6
0.25882454973770086,0.24338257151051917,U12,MN8014,10.393978896498862,9.30724910923985,CPG,CPG,0.954,0.945,0.12430789885319597,0.342437148848744,0.4612513725002639,0.497160665870624,1.723788848855121,0.7103695384730836,0.011976154814343538,0.014364687882705732,af200887,0.1457020894980507,436.7,4.8,28.6
0.25882454973770086,0.24338257151051917,U12,MN8014,10.393978896498862,9.30724910923985,CPG,CPG,0.954,0.945,0.12430789885319597,0.342437148848744,0.4612513725002639,0.497160665870624,1.7405710774284033,0.7103695384730836,0.011976154814343538,0.014364687882705732,af200887,0.1457020894980507,436.7,4.8,28.6
0.25882454973770086,0.24338257151051917,U12,MN8014,10.393978896498862,9.30724910923985,CPG,CPG,0.954,0.945,0.12430789885319597,0.342437148848744,0.4612513725002639,0.497160665870624,1.7388129248249404,0.7103695384730836,0.011976154814343538,0.014364687882705732,af200887,0.1457020894980507,436.7,4.8,28.6
0.25882454973770086,0.24338257151051917,U12,MN8014,10.393978896498862,9.30724910923985,CPG,CPG,0.954,0.945,0.12430789885319597,0.342437148848744,0.4612513725002639,0.497160665870624,1.7433410834833387,0.7103695384730836,0.011976154814343538,0.014364687882705732,af200887,0.1457020894980507,436.7,4.8,28.6
0.2621371365845255,0.2471781145478894,U10,MN8014,6.541243359919168,8.018115720991077,CPG,CPG,0.949,0.951,0.11946854520058281,0.373315883459672,0.20666700062094895,-0.6023079714546299,7.586856719316839,10.58892808244509,0.1821758120371062,0.3540511670689685,4f013907,0.5879122760746842,569.4,4.9,26.4
0.2621371365845255,0.2471781145478894,U10,MN8014,6.541243359919168,8.018115720991077,CPG,CPG,0.949,0.951,0.11946854520058281,0.373315883459672,0.20666700062094895,-0.6023079714546299,7.971090544407577,10.58892808244509,0.1821758120371062,0.3540511670689685,4f013907,0.5879122760746842,569.4,4.9,26.4
0.2621371365845255,0.2471781145478894,U10,MN8014,6.541243359919168,8.018115720991077,CPG,CPG,0.949,0.951,0.11946854520058281,0.373315883459672,0.20666700062094895,-0.6023079714546299,7.403410190504893,10.58892808244509,0.1821758120371062,0.3540511670689685,4f013907,0.5879122760746842,569.4,4.9,26.4
0.2621371365845255,0.2471781145478894,U10,MN8014,6.541243359919168,8.018115720991077,CPG,CPG,0.949,0.951,0.11946854520058281,0.373315883459672,0.20666700062094895,-0.6023079714546299,8.266155071261817,10.58892808244509,0.1821758120371062,0.3540511670689685,4f013907,0.5879122760746842,569.4,4.9,26.4
0.2621371365845255,0.2471781145478894,U10,MN8014,6.541243359919168,8.018115720991077,CPG,CPG,0.949,0.951,0.11946854520058281,0.373315883459672,0.20666700062094895,-0.6023079714546299,8.28811547698325,10.58892808244509,0.1821758120371062,0.3540511670689685,4f013907,0.5879122760746842,569.4,4.9,26.4
0.25624182704790216,0.22565137579293024,U10,MN8014,10.63290688722357,10.791821090932778,CPG,CPG,0.951,0.945,0.1267774922718824,0.382637734373566,0.20569339790425487,-0.17731172910774573,3.7116874303606684,6.207025586428452,0.11432672560933774,0.17294997406359394,5b30af0a,0.7361520583607417,381.9,3.0,30.2
0.25624182704790216,0.22565137579293024,U10,MN8014,10.63290688722357,10.791821090932778,CPG,CPG,0.951,0.945,0.1267774922718824,0.382637734373566,0.20569339790425487,-0.17731172910774573,3.6439682926348937,6.207025586428452,0.11432672560933774,0.17294997406359394,5b30af0a,0.7361520583607417,381.9,3.0,30.2
0.25624182704790216,0.22565137579293024,U10,MN8014,10.63290688722357,10.791821090932778,CPG,CPG,0.951,0.945,0.1267774922718824,0.382637734373566,0.20569339790425487,-0.17731172910774573,3.6111168702606435,6.207025586428452,0.11432672560933774,0.17294997406359394,5b30af0a,0.7361520583607417,381.9,3.0,30.2
0.25624182704790216,0.22565137579293024,U10,MN8014,10.63290688722357,10.791821090932778,CPG,CPG,0.951,0.945,0.1267774922718824,0.382637734373566,0.20569339790425487,-0.17731172910774573,3.668384879591536,6.207025586428452,0.11432672560933774,0.17294997406359394,5b30af0a,0.7361520583607417,381.9,3.0,30.2
0.25624182704790216,0.22565137579293024,U10,MN8014,10.63290688722357,10.791821090932778,CPG,CPG,0.951,0.945,0.1267774922718824,0.382637734373566,0.20569339790425487,-0.17731172910774573,3.656716377055835,6.207025586428452,0.11432672560933774,0.17294997406359394,5b30af0a,0.7361520583607417,381.9,3.0,30.2
0.2534028978003501,0.2543407589349587,U12,MN8014,8.001252551811001,9.272323382243407,CPG,CPG,0.938,0.945,0.1250110742393664,0.3482794464059788,0.20001037260600668,-0.07877936849915335,1.711817982232855,14.65773699303477,0.268622653099927,0.09793999115237353,bc84b38b,5.252943320500384,612.1,5.9,26.5
0.2534028978003501,0.2543407589349587,U12,MN8014,8.001252551811001,9.272323382243407,CPG,CPG,0.938,0.945,0.1250110742393664,0.3482794464059788,0.20001037260600668,-0.07877936849915335,1.7800844852032973,14.65773699303477,0.268622653099927,0.09793999115237353,bc84b38b,5.252943320500384,612.1,5.9,26.5
0.2534028978003501,0.2543407589349587,U12,MN8014,8.001252551811001,9.272323382243407,CPG,CPG,0.938,0.945,0.1250110742393664,0.3482794464059788,0.20001037260600668,-0.07877936849915335,1.7480727188988958,14.65773699303477,0.268622653099927,0.09793999115237353,bc84b38b,5.252943320500384,612.1,5.9,26.5
0.2534028978003501,0.2543407589349587,U12,MN8014,8.001252551811001,9.272323382243407,CPG,CPG,0.938,0.945,0.1250110742393664,0.3482794464059788,0.20001037260600668,-0.07877936849915335,1.7478570222332301,14.65773699303477,0.268622653099927,0.09793999115237353,bc84b38b,5.252943320500384,612.1,5.9,26.5
0.2534028978003501,0.2543407589349587,U12,MN8014,8.001252551811001,9.272323382243407,CPG,CPG,0.938,0.945,0.1250110742393664,0.3482794464059788,0.20001037260600668,-0.07877936849915335,1.7525997237513915,14.65773699303477,0.268622653099927,0.09793999115237353,bc84b38b,5.252943320500384,612.1,5.9,26.5
0.25102194683947177,0.23279464995594606,U12,U12,11.58971002993017,10.06599659225607,CPG,CPG,0.957,0.956,0.11138010518071426,0.3691126986426509,0.20583942331517785,-0.21600936051013564,4.977538189026942,11.275516563033143,0.1236053338460688,0.2821338061144533,b6bd62f0,1.699988685067626,490.9,4.3,35.1
0.25102194683947177,0.23279464995594606,U12,U12,11.58971002993017,10.06599659225607,CPG,CPG,0.957,0.956,0.11138010518071426,0.3691126986426509,0.20583942331517785,-0.21600936051013564,5.0625027337917,11.275516563033143,0.1236053338460688,0.2821338061144533,b6bd62f0,1.699988685067626,490.9,4.3,35.1
0.25102194683947177,0.23279464995594606,U12,U12,11.58971002993017,10.06599659225607,CPG,CPG,0.957,0.956,0.11138010518071426,0.3691126986426509,0.20583942331517785,-0.21600936051013564,4.419246718381151,11.275516563033143,0.1236053338460688,0.2821338061144533,b6bd62f0,1.699988685067626,490.9,4.3,35.1
0.25102194683947177,0.23279464995594606,U12,U12,11.58971002993017,10.06599659225607,CPG,CPG,0.957,0.956,0.11138010518071426,0.3691126986426509,0.20583942331517785,-0.21600936051013564,4.499619573067706,11.275516563033143,0.1236053338460688,0.2821338061144533,b6bd62f0,1.699988685067626,490.9,4.3,35.1
0.25102194683947177,0.23279464995594606,U12,U12,11.58971002993017,10.06599659225607,CPG,CPG,0.957,0.956,0.11138010518071426,0.3691126986426509,0.20583942331517785,-0.21600936051013564,4.598267526932698,11.275516563033143,0.1236053338460688,0.2821338061144533,b6bd62f0,1.699988685067626,490.9,4.3,35.1
0.22615836617091656,0.24343803903091316,U12,MN8014,11.357874281173412,11.359017650482723,CPG,CPG,0.955,0.935,0.1191586075793316,0.36539467845100476,0.21456437818299043,0.05222199621050172,0.9259742129289112,6.842252777354149,0.12831675986151417,0.06200751714356978,c325f414,2.2676934353376934,421.1,3.3,27.5
0.22615836617091656,0.24343803903091316,U12,MN8014,11.357874281173412,11.359017650482723,CPG,CPG,0.955,0.935,0.1191586075793316,0.36539467845100476,0.21456437818299043,0.05222199621050172,1.050974595033392,6.842252777354149,0.12831675986151417,0.06200751714356978,c325f414,2.2676934353376934,421.1,3.3,27.5
0.22615836617091656,0.24343803903091316,U12,MN8014,11.357874281173412,11.359017650482723,CPG,CPG,0.955,0.935,0.1191586075793316,0.36539467845100476,0.21456437818299043,0.05222199621050172,1.050376111893311,6.842252777354149,0.12831675986151417,0.06200751714356978,c325f414,2.2676934353376934,421.1,3.3,27.5
0.22615836617091656,0.24343803903091316,U12,MN8014,11.357874281173412,11.359017650482723,CPG,CPG,0.955,0.935,0.1191586075793316,0.36539467845100476,0.21456437818299043,0.05222199621050172,1.0112344508720952,6.842252777354149,0.12831675986151417,0.06200751714356978,c325f414,2.2676934353376934,421.1,3.3,27.5
0.22615836617091656,0.24343803903091316,U12,MN8014,11.357874281173412,11.359017650482723,CPG,CPG,0.955,0.935,0.1191586075793316,0.36539467845100476,0.21456437818299043,0.05222199621050172,1.014706378571737,6.842252777354149,0.12831675986151417,0.06200751714356978,c325f414,2.2676934353376934,421.1,3.3,27.5
0.23165109519324484,0.2570549607845392,U10,MN8014,6.899257807910121,8.110999209989691,CPG,CPG,0.958,0.959,0.12068703420714164,0.37992104714398567,0.2009443260456059,-0.62603869463685,12.105408021718459,11.964230482591985,0.14228497846609467,0.4507220398253695,5ba37ebb,0.09051232533452946,551.6,3.4,35.3
0.23165109519324484,0.2570549607845392,U10,MN8014,6.899257807910121,8.110999209989691,CPG,CPG,0.958,0.959,0.12068703420714164,0.37992104714398567,0.2009443260456059,-0.62603869463685,12.154128201102646,11.964230482591985,0.14228497846609467,0.4507220398253695,5ba37ebb,0.09051232533452946,551.6,3.4,35.3
0.23165109519324484,0.2570549607845392,U10,MN8014,6.899257807910121,8.110999209989691,CPG,CPG,0.958,0.959,0.12068703420714164,0.37992104714398567,0.2009443260456059,-0.62603869463685,12.31966721968385,11.964230482591985,0.14228497846609467,0.4507220398253695,5ba37ebb,0.09051232533452946,551.6,3.4,35.3
0.23165109519324484,0.2570549607845392,U10,MN8014,6.899257807910121,8.110999209989691,CPG,CPG,0.958,0.959,0.12068703420714164,0.37992104714398567,0.2009443260456059,-0.62603869463685,12.380094920352757,11.964230482591985,0.14228497846609467,0.4507220398253695,5ba37ebb,0.09051232533452946,551.6,3.4,35.3
0.23165109519324484,0.2570549607845392,U10,MN8014,6.899257807910121,8.110999209989691,CPG,CPG,0.958,0.959,0.12068703420714164,0.37992104714398567,0.2009443260456059,-0.62603869463685,12.465647160824684,11.964230482591985,0.14228497846609467,0.4507220398253695,5ba37ebb,0.09051232533452946,551.6,3.4,35.3
0.26375313612619505,0.22405223489788068,U10,MN8014,9.18173330817434,11.24010291411781,CPG,CPG,0.95,0.937,0.1283413000600347,0.3308088734335422,0.21608274051513723,-0.7261920288553834,4.178526892044659,14.94234261368904,0.02043516734414251,0.20792791443331646,aa3b9344,4.131423711964924,468.0,4.6,26.9
0.26375313612619505,0.22405223489788068,U10,MN8014,9.18173330817434,11.24010291411781,CPG,CPG,0.95,0.937,0.1283413000600347,0.3308088734335422,0.21608274051513723,-0.7261920288553834,5.678335806774816,14.94234261368904,0.02043516734414251,0.20792791443331646,aa3b9344,4.131423711964924,468.0,4.6,26.9
0.26375313612619505,0.22405223489788068,U10,MN8014,9.18173330817434,11.24010291411781,CPG,CPG,0.95,0.937,0.1283413000600347,0.3308088734335422,0.21608274051513723,-0.7261920288553834,6.496669273087879,14.94234261368904,0.02043516734414251,0.20792791443331646,aa3b9344,4.131423711964924,468.0,4.6,26.9
0.26375313612619505,0.22405223489788068,U10,MN8014,9.18173330817434,11.24010291411781,CPG,CPG,0.95,0.937,0.1283413000600347,0.3308088734335422,0.21608274051513723,-0.7261920288553834,6.62025660208691,14.94234261368904,0.02043516734414251,0.20792791443331646,aa3b9344,4.131423711964924,468.0,4.6,26.9
0.26375313612619505,0.22405223489788068,U10,MN8014,9.18173330817434,11.24010291411781,CPG,CPG,0.95,0.937,0.1283413000600347,0.3308088734335422,0.21608274051513723,-0.7261920288553834,6.129122800051423,14.94234261368904,0.02043516734414251,0.20792791443331646,aa3b9344,4.131423711964924,468.0,4.6,26.9
0.24140909863746057,0.21953020897214154,U12,U12,9.669475225918998,11.758396909581725,CPG,CPG,0.95,0.957,0.11514548091954714,0.40229965137298146,0.22743620917021623,-0.3303877808879907,3.6870505957012116,6.699340959472414,0.0986640694705645,0.13789220275723438,074325e3,1.3466688130492808,633.7,2.6,31.6
0.24140909863746057,0.21953020897214154,U12,U12,9.669475225918998,11.758396909581725,CPG,CPG,0.95,0.957,0.11514548091954714,0.40229965137298146,0.22743620917021623,-0.3303877808879907,3.6965474727948306,6.699340959472414,0.0986640694705645,0.13789220275723438,074325e3,1.3466688130492808,633.7,2.6,31.6
0.24140909863746057,0.21953020897214154,U12,U12,9.669475225918998,11.758396909581725,CPG,CPG,0.95,0.957,0.11514548091954714,0.40229965137298146,0.22743620917021623,-0.3303877808879907,3.6263884679847207,6.699340959472414,0.0986640694705645,0.13789220275723438,074325e3,1.3466688130492808,633.7,2.6,31.6
0.24140909863746057,0.21953020897214154,U12,U12,9.669475225918998,11.758396909581725,CPG,CPG,0.95,0.957,0.11514548091954714,0.40229965137298146,0.22743620917021623,-0.3303877808879907,3.5720971249234403,6.699340959472414,0.0986640694705645,0.13789220275723438,074325e3,1.3466688130492808,633.7,2.6,31.6
0.24140909863746057,0.21953020897214154,U12,U12,9.669475225918998,11.758396909581725,CPG,CPG,0.95,0.957,0.11514548091954714,0.40229965137298146,0.22743620917021623,-0.3303877808879907,3.754206674110746,6.699340959472414,0.0986640694705645,0.13789220275723438,074325e3,1.3466688130492808,633.7,2.6,31.6
0.26183673217403947,0.2397948915393972,U8,MN8014,6.997923501514661,7.7447187222589395,CPG,CPG,0.946,0.947,0.11734269546996186,0.3139979096851572,0.20053880164010499,-0.9836700463069185,3.785596813086845,6.453859437922995,0.020221306691739813,0.13007375142851754,c40c26dc,1.3286306832324262,695.3,3.3,33.1
0.26183673217403947,0.2397948915393972,U8,MN8014,6.997923501514661,7.7447187222589395,CPG,CPG,0.946,0.947,0.11734269546996186,0.3139979096851572,0.20053880164010499,-0.9836700463069185,4.2756850100443335,6.453859437922995,0.020221306691739813,0.13007375142851754,c40c26dc,1.3286306832324262,695.3,3.3,33.1
0.26183673217403947,0.2397948915393972,U8,MN8014,6.997923501514661,7.7447187222589395,CPG,CPG,0.946,0.947,0.11734269546996186,0.3139979096851572,0.20053880164010499,-0.9836700463069185,4.2944989799324365,6.453859437922995,0.020221306691739813,0.13007375142851754,c40c26dc,1.3286306832324262,695.3,3.3,33.1
0.26183673217403947,0.2397948915393972,U8,MN8014,6.997923501514661,7.7447187222589395,CPG,CPG,0.946,0.947,0.11734269546996186,0.3139979096851572,0.20053880164010499,-0.9836700463069185,4.272470561746338,6.453859437922995,0.020221306691739813,0.13007375142851754,c40c26dc,1.3286306832324262,695.3,3.3,33.1
0.26183673217403947,0.2397948915393972,U8,MN8014,6.997923501514661,7.7447187222589395,CPG,CPG,0.946,0.947,0.11734269546996186,0.3139979096851572,0.20053880164010499,-0.9836700463069185,4.2478868819667595,6.453859437922995,0.020221306691739813,0.13007375142851754,c40c26dc,1.3286306832324262,695.3,3.3,33.1
0.23255891237486673,0.2711934731273339,U10,MN8014,9.66237985644751,8.843473438737234,CPG,CPG,0.95,0.948,0.12311720689934463,0.432634849335194,0.2056715915927535,-0.3247262671727893,5.163878384589658,7.362394125956934,0.14350645346527294,0.17525750444524824,f834ec66,1.211472775787248,505.7,2.9,34.2
0.23255891237486673,0.2711934731273339,U10,MN8014,9.66237985644751,8.843473438737234,CPG,CPG,0.95,0.948,0.12311720689934463,0.432634849335194,0.2056715915927535,-0.3247262671727893,4.895039934505274,7.362394125956934,0.14350645346527294,0.17525750444524824,f834ec66,1.211472775787248,505.7,2.9,34.2
0.23255891237486673,0.2711934731273339,U10,MN8014,9.66237985644751,8.843473438737234,CPG,CPG,0.95,0.948,0.12311720689934463,0.432634849335194,0.2056715915927535,-0.3247262671727893,5.147786015887857,7.362394125956934,0.14350645346527294,0.17525750444524824,f834ec66,1.211472775787248,505.7,2.9,34.2
0.23255891237486673,0.2711934731273339,U10,MN8014,9.66237985644751,8.843473438737234,CPG,CPG,0.95,0.948,0.12311720689934463,0.432634849335194,0.2056715915927535,-0.3247262671727893,5.160506949571217,7.362394125956934,0.14350645346527294,0.17525750444524824,f834ec66,1.211472775787248,505.7,2.9,34.2
0.23255891237486673,0.2711934731273339,U10,MN8014,9.66237985644751,8.843473438737234,CPG,CPG,0.95,0.948,0.12311720689934463,0.432634849335194,0.2056715915927535,-0.3247262671727893,5.165329819372518,7.362394125956934,0.14350645346527294,0.17525750444524824,f834ec66,1.211472775787248,505.7,2.9,34.2
0.26345436586050386,0.2372039319032292,U8,MN8014,4.458939821974748,9.309522596745833,CPG,CPG,0.955,0.945,0.1382134483548617,0.3830555932937102,0.20418084661938132,-0.7386532025757493,1.682162275911838,5.407894530773822,0.1362418118529036,0.07921632013644085,ba217996,1.4503674046206636,623.2,3.5,34.3
0.26345436586050386,0.2372039319032292,U8,MN8014,4.458939821974748,9.309522596745833,CPG,CPG,0.955,0.945,0.1382134483548617,0.3830555932937102,0.20418084661938132,-0.7386532025757493,1.6694083135130129,5.407894530773822,0.1362418118529036,0.07921632013644085,ba217996,1.4503674046206636,623.2,3.5,34.3
0.26345436586050386,0.2372039319032292,U8,MN8014,4.458939821974748,9.309522596745833,CPG,CPG,0.955,0.945,0.1382134483548617,0.3830555932937102,0.20418084661938132,-0.7386532025757493,1.670465851924095,5.407894530773822,0.1362418118529036,0.07921632013644085,ba217996,1.4503674046206636,623.2,3.5,34.3
0.26345436586050386,0.2372039319032292,U8,MN8014,4.458939821974748,9.309522596745833,CPG,CPG,0.955,0.945,0.1382134483548617,0.3830555932937102,0.20418084661938132,-0.7386532025757493,1.6702559163385098,5.407894530773822,0.1362418118529036,0.07921632013644085,ba217996,1.4503674046206636,623.2,3.5,34.3
0.26345436586050386,0.2372039319032292,U8,MN8014,4.458939821974748,9.309522596745833,CPG,CPG,0.955,0.945,0.1382134483548617,0.3830555932937102,0.20418084661938132,-0.7386532025757493,1.6968960047269674,5.407894530773822,0.1362418118529036,0.07921632013644085,ba217996,1.4503674046206636,623.2,3.5,34.3
0.23742744464803414,0.2711531738920803,U10,MN8014,8.947132887387145,6.351564975159333,CPG,CPG,0.954,0.958,0.1130216355404753,0.4299136665163005,0.2459861783040675,-0.5985624265389299,9.551862658876908,8.354751646788625,0.10424878856803958,0.3150724770351122,2ec49f7d,0.05948833668066822,458.8,1.1,32.6
0.23742744464803414,0.2711531738920803,U10,MN8014,8.947132887387145,6.351564975159333,CPG,CPG,0.954,0.958,0.1130216355404753,0.4299136665163005,0.2459861783040675,-0.5985624265389299,9.747588020610884,8.354751646788625,0.10424878856803958,0.3150724770351122,2ec49f7d,0.05948833668066822,458.8,1.1,32.6
0.23742744464803414,0.2711531738920803,U10,MN8014,8.947132887387145,6.351564975159333,CPG,CPG,0.954,0.958,0.1130216355404753,0.4299136665163005,0.2459861783040675,-0.5985624265389299,9.889097384016518,8.354751646788625,0.10424878856803958,0.3150724770351122,2ec49f7d,0.05948833668066822,458.8,1.1,32.6
0.23742744464803414,0.2711531738920803,U10,MN8014,8.947132887387145,6.351564975159333,CPG,CPG,0.954,0.958,0.1130216355404753,0.4299136665163005,0.2459861783040675,-0.5985624265389299,9.238419733078956,8.354751646788625,0.10424878856803958,0.3150724770351122,2ec49f7d,0.05948833668066822,458.8,1.1,32.6
0.23742744464803414,0.2711531738920803,U10,MN8014,8.947132887387145,6.351564975159333,CPG,CPG,0.954,0.958,0.1130216355404753,0.4299136665163005,0.2459861783040675,-0.5985624265389299,9.970422811602871,8.354751646788625,0.10424878856803958,0.3150724770351122,2ec49f7d,0.05948833668066822,458.8,1.1,32.6
0.249079229419029,0.25623417619141714,U10,MN8014,7.915708471149251,8.833765763211517,CPG,CPG,0.941,0.948,0.13075271888813583,0.38648537022700724,0.23066992914983575,-0.42280612098997117,10.43912136736764,12.317353366989833,0.18632631050126375,0.43265951660611357,6dc091c3,0.44823533872937293,640.1,2.1,38.2
0.249079229419029,0.25623417619141714,U10,MN8014,7.915708471149251,8.833765763211517,CPG,CPG,0.941,0.948,0.13075271888813583,0.38648537022700724,0.23066992914983575,-0.42280612098997117,10.869233826106496,12.317353366989833,0.18632631050126375,0.43265951660611357,6dc091c3,0.44823533872937293,640.1,2.1,38.2
0.249079229419029,0.25623417619141714,U10,MN8014,7.915708471149251,8.833765763211517,CPG,CPG,0.941,0.948,0.13075271888813583,0.38648537022700724,0.23066992914983575,-0.42280612098997117,11.021594540777945,12.317353366989833,0.18632631050126375,0.43265951660611357,6dc091c3,0.44823533872937293,640.1,2.1,38.2
0.249079229419029,0.25623417619141714,U10,MN8014,7.915708471149251,8.833765763211517,CPG,CPG,0.941,0.948,0.13075271888813583,0.38648537022700724,0.23066992914983575,-0.42280612098997117,11.024875554456464,12.317353366989833,0.18632631050126375,0.43265951660611357,6dc091c3,0.44823533872937293,640.1,2.1,38.2
0.249079229419029,0.25623417619141714,U10,MN8014,7.915708471149251,8.833765763211517,CPG,CPG,0.941,0.948,0.13075271888813583,0.38648537022700724,0.23066992914983575,-0.42280612098997117,11.070745558105457,12.317353366989833,0.18632631050126375,0.43265951660611357,6dc091c3,0.44823533872937293,640.1,2.1,38.2
0.2324544982876956,0.2936626704775861,U10,MN8014,6.872421140102883,6.637257842672228,CPG,CPG,0.958,0.946,0.13009845416383026,0.3896763936533202,0.2597078018519466,-0.6435967768450266,11.24387338260456,10.630712040953744,0.09205570537371657,0.3941879553012145,463df8c2,0.15170651647564704,515.1,2.2,32.6
0.2324544982876956,0.2936626704775861,U10,MN8014,6.872421140102883,6.637257842672228,CPG,CPG,0.958,0.946,0.13009845416383026,0.3896763936533202,0.2597078018519466,-0.6435967768450266,11.33382313642113,10.630712040953744,0.09205570537371657,0.3941879553012145,463df8c2,0.15170651647564704,515.1,2.2,32.6
0.2324544982876956,0.2936626704775861,U10,MN8014,6.872421140102883,6.637257842672228,CPG,CPG,0.958,0.946,0.13009845416383026,0.3896763936533202,0.2597078018519466,-0.6435967768450266,12.096282741485382,10.630712040953744,0.09205570537371657,0.3941879553012145,463df8c2,0.15170651647564704,515.1,2.2,32.6
0.2324544982876956,0.2936626704775861,U10,MN8014,6.872421140102883,6.637257842672228,CPG,CPG,0.958,0.946,0.13009845416383026,0.3896763936533202,0.2597078018519466,-0.6435967768450266,11.62215212973404,10.630712040953744,0.09205570537371657,0.3941879553012145,463df8c2,0.15170651647564704,515.1,2.2,32.6
0.2324544982876956,0.2936626704775861,U10,MN8014,6.872421140102883,6.637257842672228,CPG,CPG,0.958,0.946,0.13009845416383026,0.3896763936533202,0.2597078018519466,-0.6435967768450266,11.595091645078233,10.630712040953744,0.09205570537371657,0.3941879553012145,463df8c2,0.15170651647564704,515.1,2.2,32.6
0.23857976522708485,0.2594623210334307,U10,MN8014,7.4487362987610855,7.6281179507667645,CPG,CPG,0.953,0.952,0.11273477434532155,0.41469107474781086,0.2078738744873559,-0.9292354670005227,9.260916662122352,12.21652800819604,0.10967744968223335,0.4520695498155543,aab81621,0.1847584308350516,497.8,1.0,34.4
0.23857976522708485,0.2594623210334307,U10,MN8014,7.4487362987610855,7.6281179507667645,CPG,CPG,0.953,0.952,0.11273477434532155,0.41469107474781086,0.2078738744873559,-0.9292354670005227,14.719577700515298,12.21652800819604,0.10967744968223335,0.4520695498155543,aab81621,0.1847584308350516,497.8,1.0,34.4
0.23857976522708485,0.2594623210334307,U10,MN8014,7.4487362987610855,7.6281179507667645,CPG,CPG,0.953,0.952,0.11273477434532155,0.41469107474781086,0.2078738744873559,-0.9292354670005227,14.756234599283859,12.21652800819604,0.10967744968223335,0.4520695498155543,aab81621,0.1847584308350516,497.8,1.0,34.4
0.23857976522708485,0.2594623210334307,U10,MN8014,7.4487362987610855,7.6281179507667645,CPG,CPG,0.953,0.952,0.11273477434532155,0.41469107474781086,0.2078738744873559,-0.9292354670005227,14.74498904357574,12.21652800819604,0.10967744968223335,0.4520695498155543,aab81621,0.1847584308350516,497.8,1.0,34.4
0.23857976522708485,0.2594623210334307,U10,MN8014,7.4487362987610855,7.6281179507667645,CPG,CPG,0.953,0.952,0.11273477434532155,0.41469107474781086,0.2078738744873559,-0.9292354670005227,14.731242297415811,12.21652800819604,0.10967744968223335,0.4520695498155543,aab81621,0.1847584308350516,497.8,1.0,34.4
0.27064002711085366,0.2981303370237245,U8,MN8014,7.272777377762139,4.580087159691572,CPG,SSPG,0.949,0.957,0.12731535369008257,0.40396512280122165,0.20499106919515875,-0.6475204824233107,3.123495702394257,8.65382522696176,0.2139609594368405,0.15275274240377187,a5f6b357,2.026716193291457,545.3,2.3,34.8
0.27064002711085366,0.2981303370237245,U8,MN8014,7.272777377762139,4.580087159691572,CPG,SSPG,0.949,0.957,0.12731535369008257,0.40396512280122165,0.20499106919515875,-0.6475204824233107,3.217049225352665,8.65382522696176,0.2139609594368405,0.15275274240377187,a5f6b357,2.026716193291457,545.3,2.3,34.8
0.27064002711085366,0.2981303370237245,U8,MN8014,7.272777377762139,4.580087159691572,CPG,SSPG,0.949,0.957,0.12731535369008257,0.40396512280122165,0.20499106919515875,-0.6475204824233107,3.2644535061377336,8.65382522696176,0.2139609594368405,0.15275274240377187,a5f6b357,2.026716193291457,545.3,2.3,34.8
0.27064002711085366,0.2981303370237245,U8,MN8014,7.272777377762139,4.580087159691572,CPG,SSPG,0.949,0.957,0.12731535369008257,0.40396512280122165,0.20499106919515875,-0.6475204824233107,3.248217631335351,8.65382522696176,0.2139609594368405,0.15275274240377187,a5f6b357,2.026716193291457,545.3,2.3,34.8
0.27064002711085366,0.2981303370237245,U8,MN8014,7.272777377762139,4.580087159691572,CPG,SSPG,0.949,0.957,0.12731535369008257,0.40396512280122165,0.20499106919515875,-0.6475204824233107,3.277965344659664,8.65382522696176,0.2139609594368405,0.15275274240377187,a5f6b357,2.026716193291457,545.3,2.3,34.8
0.2540561420986862,0.30043032683575976,U12,MN8014,11.811561975661844,8.916262543770355,CPG,CPG,0.957,0.954,0.112314911135874,0.3962487170254635,0.20048968820725122,-0.6807649827660338,13.378901053620602,22.527826578585614,0.2519593587222653,0.7060989556151909,6ca98a62,1.784403055599105,641.1,1.6,38.3
0.2540561420986862,0.30043032683575976,U12,MN8014,11.811561975661844,8.916262543770355,CPG,CPG,0.957,0.954,0.112314911135874,0.3962487170254635,0.20048968820725122,-0.6807649827660338,14.44426185612584,22.527826578585614,0.2519593587222653,0.7060989556151909,6ca98a62,1.784403055599105,641.1,1.6,38.3
0.2540561420986862,0.30043032683575976,U12,MN8014,11.811561975661844,8.916262543770355,CPG,CPG,0.957,0.954,0.112314911135874,0.3962487170254635,0.20048968820725122,-0.6807649827660338,13.704166295400087,22.527826578585614,0.2519593587222653,0.7060989556151909,6ca98a62,1.784403055599105,641.1,1.6,38.3
0.2540561420986862,0.30043032683575976,U12,MN8014,11.811561975661844,8.916262543770355,CPG,CPG,0.957,0.954,0.112314911135874,0.3962487170254635,0.20048968820725122,-0.6807649827660338,14.994955464302945,22.527826578585614,0.2519593587222653,0.7060989556151909,6ca98a62,1.784403055599105,641.1,1.6,38.3
0.2540561420986862,0.30043032683575976,U12,MN8014,11.811561975661844,8.916262543770355,CPG,CPG,0.957,0.954,0.112314911135874,0.3962487170254635,0.20048968820725122,-0.6807649827660338,15.629534870110444,22.527826578585614,0.2519593587222653,0.7060989556151909,6ca98a62,1.784403055599105,641.1,1.6,38.3
0.23170639827021822,0.3078794940951106,U8,MN8014,6.197654332417823,7.411160950027549,CPG,CPG,0.954,0.953,0.117375087208096,0.3797201948076108,0.23521818170626455,-0.5258924771576328,7.282599097990481,7.100720433592748,0.12159245467655097,0.30530526518684725,2711da08,-0.37421086547848503,525.2,2.4,33.6
0.23170639827021822,0.3078794940951106,U8,MN8014,6.197654332417823,7.411160950027549,CPG,CPG,0.954,0.953,0.117375087208096,0.3797201948076108,0.23521818170626455,-0.5258924771576328,7.358385835335464,7.100720433592748,0.12159245467655097,0.30530526518684725,2711da08,-0.37421086547848503,525.2,2.4,33.6
0.23170639827021822,0.3078794940951106,U8,MN8014,6.197654332417823,7.411160950027549,CPG,CPG,0.954,0.953,0.117375087208096,0.3797201948076108,0.23521818170626455,-0.5258924771576328,6.970042047421113,7.100720433592748,0.12159245467655097,0.30530526518684725,2711da08,-0.37421086547848503,525.2,2.4,33.6
0.23170639827021822,0.3078794940951106,U8,MN8014,6.197654332417823,7.411160950027549,CPG,CPG,0.954,0.953,0.117375087208096,0.3797201948076108,0.23521818170626455,-0.5258924771576328,7.166042300858744,7.100720433592748,0.12159245467655097,0.30530526518684725,2711da08,-0.37421086547848503,525.2,2.4,33.6
0.23170639827021822,0.3078794940951106,U8,MN8014,6.197654332417823,7.411160950027549,CPG,CPG,0.954,0.953,0.117375087208096,0.3797201948076108,0.23521818170626455,-0.5258924771576328,7.191638183726015,7.100720433592748,0.12159245467655097,0.30530526518684725,2711da08,-0.37421086547848503,525.2,2.4,33.6
0.26983049624827166,0.3224584344796491,U10,MN8014,10.204139274371565,6.81918081208182,CPG,CPG,0.952,0.958,0.10141508981040707,0.35678279171822475,0.21440160734282016,-0.43603109303362264,15.077021336540017,20.47740680131802,0.27283734424660655,0.7519020519323552,83e5c2f1,0.3760184783761584,634.7,1.3,40.4
0.26983049624827166,0.3224584344796491,U10,MN8014,10.204139274371565,6.81918081208182,CPG,CPG,0.952,0.958,0.10141508981040707,0.35678279171822475,0.21440160734282016,-0.43603109303362264,15.138247966072976,20.47740680131802,0.27283734424660655,0.7519020519323552,83e5c2f1,0.3760184783761584,634.7,1.3,40.4
0.26983049624827166,0.3224584344796491,U10,MN8014,10.204139274371565,6.81918081208182,CPG,CPG,0.952,0.958,0.10141508981040707,0.35678279171822475,0.21440160734282016,-0.43603109303362264,15.045947301009447,20.47740680131802,0.27283734424660655,0.7519020519323552,83e5c2f1,0.3760184783761584,634.7,1.3,40.4
0.26983049624827166,0.3224584344796491,U10,MN8014,10.204139274371565,6.81918081208182,CPG,CPG,0.952,0.958,0.10141508981040707,0.35678279171822475,0.21440160734282016,-0.43603109303362264,15.442007668000553,20.47740680131802,0.27283734424660655,0.7519020519323552,83e5c2f1,0.3760184783761584,634.7,1.3,40.4
0.26983049624827166,0.3224584344796491,U10,MN8014,10.204139274371565,6.81918081208182,CPG,CPG,0.952,0.958,0.10141508981040707,0.35678279171822475,0.21440160734282016,-0.43603109303362264,15.38588203395594,20.47740680131802,0.27283734424660655,0.7519020519323552,83e5c2f1,0.3760184783761584,634.7,1.3,40.4
0.23630253417611005,0.30891628549117134,U8,MN8014,13.306069135581563,7.5777549844190055,CPG,CPG,0.934,0.952,0.11628933125935645,0.38559845093139344,0.3127456571272129,-0.22193811202195612,7.250088070759448,12.085744335324396,0.1568850465761758,0.41165381049234673,00014e21,0.5854950949628739,683.1,2.6,31.0
0.23630253417611005,0.30891628549117134,U8,MN8014,13.306069135581563,7.5777549844190055,CPG,CPG,0.934,0.952,0.11628933125935645,0.38559845093139344,0.3127456571272129,-0.22193811202195612,7.174680551016787,12.085744335324396,0.1568850465761758,0.41165381049234673,00014e21,0.5854950949628739,683.1,2.6,31.0
0.23630253417611005,0.30891628549117134,U8,MN8014,13.306069135581563,7.5777549844190055,CPG,CPG,0.934,0.952,0.11628933125935645,0.38559845093139344,0.3127456571272129,-0.22193811202195612,7.115398376981879,12.085744335324396,0.1568850465761758,0.41165381049234673,00014e21,0.5854950949628739,683.1,2.6,31.0
0.23630253417611005,0.30891628549117134,U8,MN8014,13.306069135581563,7.5777549844190055,CPG,CPG,0.934,0.952,0.11628933125935645,0.38559845093139344,0.3127456571272129,-0.22193811202195612,6.929466159231088,12.085744335324396,0.1568850465761758,0.41165381049234673,00014e21,0.5854950949628739,683.1,2.6,31.0
0.23630253417611005,0.30891628549117134,U8,MN8014,13.306069135581563,7.5777549844190055,CPG,CPG,0.934,0.952,0.11628933125935645,0.38559845093139344,0.3127456571272129,-0.22193811202195612,7.34996030003998,12.085744335324396,0.1568850465761758,0.41165381049234673,00014e21,0.5854950949628739,683.1,2.6,31.0
0.21265171173318662,0.30363800014238385,U8,MN8014,9.1695825776567,6.395812635747776,CPG,CPG,0.95,0.958,0.12048887088156261,0.3653517945135822,0.2074374520741365,-0.7762023410330535,13.418640315824922,11.534943107760194,0.1501830274443207,0.49439018819937053,73db9db9,-0.5901173941802327,592.5,1.5,32.1
0.21265171173318662,0.30363800014238385,U8,MN8014,9.1695825776567,6.395812635747776,CPG,CPG,0.95,0.958,0.12048887088156261,0.3653517945135822,0.2074374520741365,-0.7762023410330535,13.500148072430811,11.534943107760194,0.1501830274443207,0.49439018819937053,73db9db9,-0.5901173941802327,592.5,1.5,32.1
0.21265171173318662,0.30363800014238385,U8,MN8014,9.1695825776567,6.395812635747776,CPG,CPG,0.95,0.958,0.12048887088156261,0.3653517945135822,0.2074374520741365,-0.7762023410330535,13.621553717215106,11.534943107760194,0.1501830274443207,0.49439018819937053,73db9db9,-0.5901173941802327,592.5,1.5,32.1
0.21265171173318662,0.30363800014238385,U8,MN8014,9.1695825776567,6.395812635747776,CPG,CPG,0.95,0.958,0.12048887088156261,0.3653517945135822,0.2074374520741365,-0.7762023410330535,13.691616775779604,11.534943107760194,0.1501830274443207,0.49439018819937053,73db9db9,-0.5901173941802327,592.5,1.5,32.1
0.21265171173318662,0.30363800014238385,U8,MN8014,9.1695825776567,6.395812635747776,CPG,CPG,0.95,0.958,0.12048887088156261,0.3653517945135822,0.2074374520741365,-0.7762023410330535,13.60127211379772,11.534943107760194,0.1501830274443207,0.49439018819937053,73db9db9,-0.5901173941802327,592.5,1.5,32.1
0.24141099766278512,0.33216398368708877,U10,MN8014,7.643494451494331,7.181836570718575,CPG,SSPG,0.952,0.96,0.12094339757705913,0.35584748752329254,0.2575808481654159,-0.6812144568070626,14.134242473485395,21.42502714573554,0.11676617704775968,0.5797719670756503,f0e452c0,2.7357733186177358,612.0,1.1,34.3
0.24141099766278512,0.33216398368708877,U10,MN8014,7.643494451494331,7.181836570718575,CPG,SSPG,0.952,0.96,0.12094339757705913,0.35584748752329254,0.2575808481654159,-0.6812144568070626,14.063534885538042,21.42502714573554,0.11676617704775968,0.5797719670756503,f0e452c0,2.7357733186177358,612.0,1.1,34.3
0.24141099766278512,0.33216398368708877,U10,MN8014,7.643494451494331,7.181836570718575,CPG,SSPG,0.952,0.96,0.12094339757705913,0.35584748752329254,0.2575808481654159,-0.6812144568070626,14.052482161454797,21.42502714573554,0.11676617704775968,0.5797719670756503,f0e452c0,2.7357733186177358,612.0,1.1,34.3
0.24141099766278512,0.33216398368708877,U10,MN8014,7.643494451494331,7.181836570718575,CPG,SSPG,0.952,0.96,0.12094339757705913,0.35584748752329254,0.2575808481654159,-0.6812144568070626,14.033748546227843,21.42502714573554,0.11676617704775968,0.5797719670756503,f0e452c0,2.7357733186177358,612.0,1.1,34.3
0.24141099766278512,0.33216398368708877,U10,MN8014,7.643494451494331,7.181836570718575,CPG,SSPG,0.952,0.96,0.12094339757705913,0.35584748752329254,0.2575808481654159,-0.6812144568070626,14.135639227067927,21.42502714573554,0.11676617704775968,0.5797719670756503,f0e452c0,2.7357733186177358,612.0,1.1,34.3
0.22927430543270425,0.29335251641474364,U8,MN8014,10.724922108356429,9.15503726959249,CPG,CPG,0.948,0.95,0.10685901238982595,0.34718730204145243,0.26174411822060883,-0.834708105015325,9.191468221135231,24.107890649537183,0.05592608561498615,0.36241650924953095,dd9e1364,6.360583219402792,576.0,1.6,24.1
0.22927430543270425,0.29335251641474364,U8,MN8014,10.724922108356429,9.15503726959249,CPG,CPG,0.948,0.95,0.10685901238982595,0.34718730204145243,0.26174411822060883,-0.834708105015325,9.27978837412149,24.107890649537183,0.05592608561498615,0.36241650924953095,dd9e1364,6.360583219402792,576.0,1.6,24.1
0.22927430543270425,0.29335251641474364,U8,MN8014,10.724922108356429,9.15503726959249,CPG,CPG,0.948,0.95,0.10685901238982595,0.34718730204145243,0.26174411822060883,-0.834708105015325,9.3119070234276,24.107890649537183,0.05592608561498615,0.36241650924953095,dd9e1364,6.360583219402792,576.0,1.6,24.1
0.22927430543270425,0.29335251641474364,U8,MN8014,10.724922108356429,9.15503726959249,CPG,CPG,0.948,0.95,0.10685901238982595,0.34718730204145243,0.26174411822060883,-0.834708105015325,9.286364557464381,24.107890649537183,0.05592608561498615,0.36241650924953095,dd9e1364,6.360583219402792,576.0,1.6,24.1
0.22927430543270425,0.29335251641474364,U8,MN8014,10.724922108356429,9.15503726959249,CPG,CPG,0.948,0.95,0.10685901238982595,0.34718730204145243,0.26174411822060883,-0.834708105015325,9.302732000901731,24.107890649537183,0.05592608561498615,0.36241650924953095,dd9e1364,6.360583219402792,576.0,1.6,24.1
0.1988056174885249,0.3217133128017895,U12,MN8014,13.710822827043557,6.460786653269809,CPG,CPG,0.951,0.949,0.10875468654314888,0.3578653986583341,0.2000424542055628,-0.9274711277923307,16.612028875101544,19.617951912268605,0.16331578261349503,0.660412968344404,b97eef17,1.0386445903787145,665.4,0.6,32.2
0.1988056174885249,0.3217133128017895,U12,MN8014,13.710822827043557,6.460786653269809,CPG,CPG,0.951,0.949,0.10875468654314888,0.3578653986583341,0.2000424542055628,-0.9274711277923307,16.5016844678828,19.617951912268605,0.16331578261349503,0.660412968344404,b97eef17,1.0386445903787145,665.4,0.6,32.2
0.1988056174885249,0.3217133128017895,U12,MN8014,13.710822827043557,6.460786653269809,CPG,CPG,0.951,0.949,0.10875468654314888,0.3578653986583341,0.2000424542055628,-0.9274711277923307,17.130743832740496,19.617951912268605,0.16331578261349503,0.660412968344404,b97eef17,1.0386445903787145,665.4,0.6,32.2
0.1988056174885249,0.3217133128017895,U12,MN8014,13.710822827043557,6.460786653269809,CPG,CPG,0.951,0.949,0.10875468654314888,0.3578653986583341,0.2000424542055628,-0.9274711277923307,17.088049073280736,19.617951912268605,0.16331578261349503,0.660412968344404,b97eef17,1.0386445903787145,665.4,0.6,32.2
0.1988056174885249,0.3217133128017895,U12,MN8014,13.710822827043557,6.460786653269809,CPG,CPG,0.951,0.949,0.10875468654314888,0.3578653986583341,0.2000424542055628,-0.9274711277923307,17.094376418037566,19.617951912268605,0.16331578261349503,0.660412968344404,b97eef17,1.0386445903787145,665.4,0.6,32.2
0.2341147559136933,0.29456858908950456,U10,MN8014,16.213237231710394,7.413962604526972,WPG,CPG,0.893,0.953,0.11363616996642135,0.3785264001090032,0.27643304781862515,-1.0101564258441385,7.122396531342271,6.54688788758609,0.020619085856230818,0.1491383547214666,5e952a3f,1.1531984643151814,560.1,0.3,33.2
0.2341147559136933,0.29456858908950456,U10,MN8014,16.213237231710394,7.413962604526972,WPG,CPG,0.893,0.953,0.11363616996642135,0.3785264001090032,0.27643304781862515,-1.0101564258441385,7.652886023167515,6.54688788758609,0.020619085856230818,0.1491383547214666,5e952a3f,1.1531984643151814,560.1,0.3,33.2
0.2341147559136933,0.29456858908950456,U10,MN8014,16.213237231710394,7.413962604526972,WPG,CPG,0.893,0.953,0.11363616996642135,0.3785264001090032,0.27643304781862515,-1.0101564258441385,7.672786568231807,6.54688788758609,0.020619085856230818,0.1491383547214666,5e952a3f,1.1531984643151814,560.1,0.3,33.2
0.2341147559136933,0.29456858908950456,U10,MN8014,16.213237231710394,7.413962604526972,WPG,CPG,0.893,0.953,0.11363616996642135,0.3785264001090032,0.27643304781862515,-1.0101564258441385,7.868816878566782,6.54688788758609,0.020619085856230818,0.1491383547214666,5e952a3f,1.1531984643151814,560.1,0.3,33.2
0.2341147559136933,0.29456858908950456,U10,MN8014,16.213237231710394,7.413962604526972,WPG,CPG,0.893,0.953,0.11363616996642135,0.3785264001090032,0.27643304781862515,-1.0101564258441385,7.850547160663482,6.54688788758609,0.020619085856230818,0.1491383547214666,5e952a3f,1.1531984643151814,560.1,0.3,33.2
0.2459443800978452,0.3261771510812723,U10,MN8014,10.479215736231733,4.378124650823458,CPG,SSPG,0.944,0.956,0.10575122281939935,0.3770130168040663,0.20620915683880645,-0.24135945941826442,5.821508094697919,20.621310098882198,0.4106397408247523,0.3660969080005136,0a77c064,4.8057110168316495,677.3,0.7,36.5
0.2459443800978452,0.3261771510812723,U10,MN8014,10.479215736231733,4.378124650823458,CPG,SSPG,0.944,0.956,0.10575122281939935,0.3770130168040663,0.20620915683880645,-0.24135945941826442,7.122383242408942,20.621310098882198,0.4106397408247523,0.3660969080005136,0a77c064,4.8057110168316495,677.3,0.7,36.5
0.2459443800978452,0.3261771510812723,U10,MN8014,10.479215736231733,4.378124650823458,CPG,SSPG,0.944,0.956,0.10575122281939935,0.3770130168040663,0.20620915683880645,-0.24135945941826442,7.202090596440919,20.621310098882198,0.4106397408247523,0.3660969080005136,0a77c064,4.8057110168316495,677.3,0.7,36.5
0.2459443800978452,0.3261771510812723,U10,MN8014,10.479215736231733,4.378124650823458,CPG,SSPG,0.944,0.956,0.10575122281939935,0.3770130168040663,0.20620915683880645,-0.24135945941826442,7.186517925623452,20.621310098882198,0.4106397408247523,0.3660969080005136,0a77c064,4.8057110168316495,677.3,0.7,36.5
0.2459443800978452,0.3261771510812723,U10,MN8014,10.479215736231733,4.378124650823458,CPG,SSPG,0.944,0.956,0.10575122281939935,0.3770130168040663,0.20620915683880645,-0.24135945941826442,7.126283690365782,20.621310098882198,0.4106397408247523,0.3660969080005136,0a77c064,4.8057110168316495,677.3,0.7,36.5
0.22432737255014243,0.3243934630974113,U10,VT8020,12.455398091573812,6.59423026950347,CPG,CPG,0.945,0.946,0.10726428566237706,0.406894960898252,0.22249054608919305,-1.0342885044306875,19.623150952253955,21.06458220948607,0.20310863995691486,0.7669784723541031,abd86070,0.4601964133850718,651.9,1.4,36.0
0.22432737255014243,0.3243934630974113,U10,VT8020,12.455398091573812,6.59423026950347,CPG,CPG,0.945,0.946,0.10726428566237706,0.406894960898252,0.22249054608919305,-1.0342885044306875,19.567171767943215,21.06458220948607,0.20310863995691486,0.7669784723541031,abd86070,0.4601964133850718,651.9,1.4,36.0
0.22432737255014243,0.3243934630974113,U10,VT8020,12.455398091573812,6.59423026950347,CPG,CPG,0.945,0.946,0.10726428566237706,0.406894960898252,0.22249054608919305,-1.0342885044306875,19.515298737631817,21.06458220948607,0.20310863995691486,0.7669784723541031,abd86070,0.4601964133850718,651.9,1.4,36.0
0.22432737255014243,0.3243934630974113,U10,VT8020,12.455398091573812,6.59423026950347,CPG,CPG,0.945,0.946,0.10726428566237706,0.406894960898252,0.22249054608919305,-1.0342885044306875,19.31528183602846,21.06458220948607,0.20310863995691486,0.7669784723541031,abd86070,0.4601964133850718,651.9,1.4,36.0
0.22432737255014243,0.3243934630974113,U10,VT8020,12.455398091573812,6.59423026950347,CPG,CPG,0.945,0.946,0.10726428566237706,0.406894960898252,0.22249054608919305,-1.0342885044306875,19.468411661343293,21.06458220948607,0.20310863995691486,0.7669784723541031,abd86070,0.4601964133850718,651.9,1.4,36.0
0.2220988483625668,0.29720698216594094,U10,VT8020,11.042547927590807,7.454972870710655,CPG,CPG,0.939,0.951,0.10882379511298082,0.3756389337696643,0.20994947775635986,-0.4877334279642076,10.564322378898355,13.79272777069082,0.1653625231517331,0.5005322457371227,68188dba,0.32025686446244084,542.5,0.1,38.3
0.2220988483625668,0.29720698216594094,U10,VT8020,11.042547927590807,7.454972870710655,CPG,CPG,0.939,0.951,0.10882379511298082,0.3756389337696643,0.20994947775635986,-0.4877334279642076,10.4503136034496,13.79272777069082,0.1653625231517331,0.5005322457371227,68188dba,0.32025686446244084,542.5,0.1,38.3
0.2220988483625668,0.29720698216594094,U10,VT8020,11.042547927590807,7.454972870710655,CPG,CPG,0.939,0.951,0.10882379511298082,0.3756389337696643,0.20994947775635986,-0.4877334279642076,11.599257432189074,13.79272777069082,0.1653625231517331,0.5005322457371227,68188dba,0.32025686446244084,542.5,0.1,38.3
0.2220988483625668,0.29720698216594094,U10,VT8020,11.042547927590807,7.454972870710655,CPG,CPG,0.939,0.951,0.10882379511298082,0.3756389337696643,0.20994947775635986,-0.4877334279642076,11.764882178958205,13.79272777069082,0.1653625231517331,0.5005322457371227,68188dba,0.32025686446244084,542.5,0.1,38.3
0.2220988483625668,0.29720698216594094,U10,VT8020,11.042547927590807,7.454972870710655,CPG,CPG,0.939,0.951,0.10882379511298082,0.3756389337696643,0.20994947775635986,-0.4877334279642076,11.743493877184074,13.79272777069082,0.1653625231517331,0.5005322457371227,68188dba,0.32025686446244084,542.5,0.1,38.3
0.25511108499363266,0.2936602385430667,U10,MN8014,14.737074442162864,8.325858646849179,CPG,CPG,0.942,0.959,0.11652917842950403,0.3948083325820609,0.32524113755653006,-0.33115098626356554,4.15202303082087,8.96739855003536,0.02054754518915366,0.19739884389709447,191f4a03,1.657425211554517,650.9,1.6,29.4
0.25511108499363266,0.2936602385430667,U10,MN8014,14.737074442162864,8.325858646849179,CPG,CPG,0.942,0.959,0.11652917842950403,0.3948083325820609,0.32524113755653006,-0.33115098626356554,4.32843006949404,8.96739855003536,0.02054754518915366,0.19739884389709447,191f4a03,1.657425211554517,650.9,1.6,29.4
0.25511108499363266,0.2936602385430667,U10,MN8014,14.737074442162864,8.325858646849179,CPG,CPG,0.942,0.959,0.11652917842950403,0.3948083325820609,0.32524113755653006,-0.33115098626356554,4.2840181127103145,8.96739855003536,0.02054754518915366,0.19739884389709447,191f4a03,1.657425211554517,650.9,1.6,29.4
0.25511108499363266,0.2936602385430667,U10,MN8014,14.737074442162864,8.325858646849179,CPG,CPG,0.942,0.959,0.11652917842950403,0.3948083325820609,0.32524113755653006,-0.33115098626356554,4.3079804389039955,8.96739855003536,0.02054754518915366,0.19739884389709447,191f4a03,1.657425211554517,650.9,1.6,29.4
0.25511108499363266,0.2936602385430667,U10,MN8014,14.737074442162864,8.325858646849179,CPG,CPG,0.942,0.959,0.11652917842950403,0.3948083325820609,0.32524113755653006,-0.33115098626356554,4.334956912536304,8.96739855003536,0.02054754518915366,0.19739884389709447,191f4a03,1.657425211554517,650.9,1.6,29.4
0.2505732136470987,0.330401172179138,U8,MN8014,16.259187981619263,5.011915922426044,WPG,SSPG,0.891,0.959,0.10204674704859622,0.3617091076670597,0.27800779921183955,-0.4741862934390839,7.253302105513187,21.582996124106113,0.0573153726792109,0.3620300982439458,b409cda5,5.2691278417214775,539.5,1.3,32.8
0.2505732136470987,0.330401172179138,U8,MN8014,16.259187981619263,5.011915922426044,WPG,SSPG,0.891,0.959,0.10204674704859622,0.3617091076670597,0.27800779921183955,-0.4741862934390839,7.583676055221921,21.582996124106113,0.0573153726792109,0.3620300982439458,b409cda5,5.2691278417214775,539.5,1.3,32.8
0.2505732136470987,0.330401172179138,U8,MN8014,16.259187981619263,5.011915922426044,WPG,SSPG,0.891,0.959,0.10204674704859622,0.3617091076670597,0.27800779921183955,-0.4741862934390839,7.01110115977918,21.582996124106113,0.0573153726792109,0.3620300982439458,b409cda5,5.2691278417214775,539.5,1.3,32.8
0.2505732136470987,0.330401172179138,U8,MN8014,16.259187981619263,5.011915922426044,WPG,SSPG,0.891,0.959,0.10204674704859622,0.3617091076670597,0.27800779921183955,-0.4741862934390839,6.581758279665095,21.582996124106113,0.0573153726792109,0.3620300982439458,b409cda5,5.2691278417214775,539.5,1.3,32.8
0.2505732136470987,0.330401172179138,U8,MN8014,16.259187981619263,5.011915922426044,WPG,SSPG,0.891,0.959,0.10204674704859622,0.3617091076670597,0.27800779921183955,-0.4741862934390839,7.449733545857168,21.582996124106113,0.0573153726792109,0.3620300982439458,b409cda5,5.2691278417214775,539.5,1.3,32.8
0.2361252222176635,0.33081942218001853,U8,VT8020,14.848372441038414,6.825452673397172,CPG,CPG,0.939,0.958,0.12714358021504313,0.3739954386639438,0.2238378653298827,-0.5745845997512121,12.34372050487875,16.576322223288877,0.235077883266916,0.5956811380270715,72f7a5a7,0.45129826189076194,589.4,0.3,30.0
0.2361252222176635,0.33081942218001853,U8,VT8020,14.848372441038414,6.825452673397172,CPG,CPG,0.939,0.958,0.12714358021504313,0.3739954386639438,0.2238378653298827,-0.5745845997512121,12.90051107001269,16.576322223288877,0.235077883266916,0.5956811380270715,72f7a5a7,0.45129826189076194,589.4,0.3,30.0
0.2361252222176635,0.33081942218001853,U8,VT8020,14.848372441038414,6.825452673397172,CPG,CPG,0.939,0.958,0.12714358021504313,0.3739954386639438,0.2238378653298827,-0.5745845997512121,13.531489647215396,16.576322223288877,0.235077883266916,0.5956811380270715,72f7a5a7,0.45129826189076194,589.4,0.3,30.0
0.2361252222176635,0.33081942218001853,U8,VT8020,14.848372441038414,6.825452673397172,CPG,CPG,0.939,0.958,0.12714358021504313,0.3739954386639438,0.2238378653298827,-0.5745845997512121,13.46991821414938,16.576322223288877,0.235077883266916,0.5956811380270715,72f7a5a7,0.45129826189076194,589.4,0.3,30.0
0.2361252222176635,0.33081942218001853,U8,VT8020,14.848372441038414,6.825452673397172,CPG,CPG,0.939,0.958,0.12714358021504313,0.3739954386639438,0.2238378653298827,-0.5745845997512121,13.099500759982687,16.576322223288877,0.235077883266916,0.5956811380270715,72f7a5a7,0.45129826189076194,589.4,0.3,30.0
0.2227645251021779,0.33897110793736823,U8,MN8014,13.140781564089417,7.161018672131884,CPG,SSPG,0.938,0.96,0.123478995657062,0.3578851659809444,0.27806665265035735,-1.005271038769058,9.616394668547589,6.503611443936265,0.021032084326702154,0.16193761154036157,703c2d96,0.9895310276681935,601.6,1.4,37.7
0.2227645251021779,0.33897110793736823,U8,MN8014,13.140781564089417,7.161018672131884,CPG,SSPG,0.938,0.96,0.123478995657062,0.3578851659809444,0.27806665265035735,-1.005271038769058,9.719881106400846,6.503611443936265,0.021032084326702154,0.16193761154036157,703c2d96,0.9895310276681935,601.6,1.4,37.7
0.2227645251021779,0.33897110793736823,U8,MN8014,13.140781564089417,7.161018672131884,CPG,SSPG,0.938,0.96,0.123478995657062,0.3578851659809444,0.27806665265035735,-1.005271038769058,9.655629077592755,6.503611443936265,0.021032084326702154,0.16193761154036157,703c2d96,0.9895310276681935,601.6,1.4,37.7
0.2227645251021779,0.33897110793736823,U8,MN8014,13.140781564089417,7.161018672131884,CPG,SSPG,0.938,0.96,0.123478995657062,0.3578851659809444,0.27806665265035735,-1.005271038769058,9.682607798286261,6.503611443936265,0.021032084326702154,0.16193761154036157,703c2d96,0.9895310276681935,601.6,1.4,37.7
0.2227645251021779,0.33897110793736823,U8,MN8014,13.140781564089417,7.161018672131884,CPG,SSPG,0.938,0.96,0.123478995657062,0.3578851659809444,0.27806665265035735,-1.005271038769058,9.650553016214387,6.503611443936265,0.021032084326702154,0.16193761154036157,703c2d96,0.9895310276681935,601.6,1.4,37.7
0.2261905765854631,0.32465505770573233,U10,MN8014,13.75980538512877,5.596071374963479,CPG,SSPG,0.944,0.962,0.11985485922629031,0.39766638510682867,0.2059144566309789,-0.5333209576370777,9.0211658499135,19.319556877852605,0.3535597371237639,0.42143255658099676,ea33af49,3.6143486265712417,704.6,1.9,27.1
0.2261905765854631,0.32465505770573233,U10,MN8014,13.75980538512877,5.596071374963479,CPG,SSPG,0.944,0.962,0.11985485922629031,0.39766638510682867,0.2059144566309789,-0.5333209576370777,8.885262030370773,19.319556877852605,0.3535597371237639,0.42143255658099676,ea33af49,3.6143486265712417,704.6,1.9,27.1
0.2261905765854631,0.32465505770573233,U10,MN8014,13.75980538512877,5.596071374963479,CPG,SSPG,0.944,0.962,0.11985485922629031,0.39766638510682867,0.2059144566309789,-0.5333209576370777,8.965071527171895,19.319556877852605,0.3535597371237639,0.42143255658099676,ea33af49,3.6143486265712417,704.6,1.9,27.1
0.2261905765854631,0.32465505770573233,U10,MN8014,13.75980538512877,5.596071374963479,CPG,SSPG,0.944,0.962,0.11985485922629031,0.39766638510682867,0.2059144566309789,-0.5333209576370777,8.94637718481165,19.319556877852605,0.3535597371237639,0.42143255658099676,ea33af49,3.6143486265712417,704.6,1.9,27.1
0.2261905765854631,0.32465505770573233,U10,MN8014,13.75980538512877,5.596071374963479,CPG,SSPG,0.944,0.962,0.11985485922629031,0.39766638510682867,0.2059144566309789,-0.5333209576370777,9.012702397949782,19.319556877852605,0.3535597371237639,0.42143255658099676,ea33af49,3.6143486265712417,704.6,1.9,27.1
0.22798769872104616,0.33393751724928916,U10,VT8020,11.635588434387756,7.1800980083196055,CPG,SSPG,0.948,0.96,0.12060781383161202,0.3604341892892382,0.23951742655750924,-0.2013376369904063,7.250629264341234,15.354425032820073,0.23993785631620934,0.4143933879687365,68c8a8da,1.9731237353657356,558.6,1.5,34.5
0.22798769872104616,0.33393751724928916,U10,VT8020,11.635588434387756,7.1800980083196055,CPG,SSPG,0.948,0.96,0.12060781383161202,0.3604341892892382,0.23951742655750924,-0.2013376369904063,7.307543209056264,15.354425032820073,0.23993785631620934,0.4143933879687365,68c8a8da,1.9731237353657356,558.6,1.5,34.5
0.22798769872104616,0.33393751724928916,U10,VT8020,11.635588434387756,7.1800980083196055,CPG,SSPG,0.948,0.96,0.12060781383161202,0.3604341892892382,0.23951742655750924,-0.2013376369904063,6.6617039137581955,15.354425032820073,0.23993785631620934,0.4143933879687365,68c8a8da,1.9731237353657356,558.6,1.5,34.5
0.22798769872104616,0.33393751724928916,U10,VT8020,11.635588434387756,7.1800980083196055,CPG,SSPG,0.948,0.96,0.12060781383161202,0.3604341892892382,0.23951742655750924,-0.2013376369904063,7.3767988792392,15.354425032820073,0.23993785631620934,0.4143933879687365,68c8a8da,1.9731237353657356,558.6,1.5,34.5
0.22798769872104616,0.33393751724928916,U10,VT8020,11.635588434387756,7.1800980083196055,CPG,SSPG,0.948,0.96,0.12060781383161202,0.3604341892892382,0.23951742655750924,-0.2013376369904063,7.202316573282489,15.354425032820073,0.23993785631620934,0.4143933879687365,68c8a8da,1.9731237353657356,558.6,1.5,34.5
0.24388763002019326,0.34521416842842284,U10,MAD_M6C12,11.904748007649086,8.35984727537003,CPG,CPG,0.949,0.948,0.11296970106173745,0.37086867689364905,0.2192333488223643,-0.01110074484790613,1.004692004772975,17.786067286442925,0.3807781701747677,0.06237909040998323,c070f641,7.013212235366166,635.8,0.9,30.2
0.24388763002019326,0.34521416842842284,U10,MAD_M6C12,11.904748007649086,8.35984727537003,CPG,CPG,0.949,0.948,0.11296970106173745,0.37086867689364905,0.2192333488223643,-0.01110074484790613,1.0344526532697869,17.786067286442925,0.3807781701747677,0.06237909040998323,c070f641,7.013212235366166,635.8,0.9,30.2
0.24388763002019326,0.34521416842842284,U10,MAD_M6C12,11.904748007649086,8.35984727537003,CPG,CPG,0.949,0.948,0.11296970106173745,0.37086867689364905,0.2192333488223643,-0.01110074484790613,1.0452430104148196,17.786067286442925,0.3807781701747677,0.06237909040998323,c070f641,7.013212235366166,635.8,0.9,30.2
0.24388763002019326,0.34521416842842284,U10,MAD_M6C12,11.904748007649086,8.35984727537003,CPG,CPG,0.949,0.948,0.11296970106173745,0.37086867689364905,0.2192333488223643,-0.01110074484790613,1.0993099542563027,17.786067286442925,0.3807781701747677,0.06237909040998323,c070f641,7.013212235366166,635.8,0.9,30.2
0.24388763002019326,0.34521416842842284,U10,MAD_M6C12,11.904748007649086,8.35984727537003,CPG,CPG,0.949,0.948,0.11296970106173745,0.37086867689364905,0.2192333488223643,-0.01110074484790613,1.186308897527304,17.786067286442925,0.3807781701747677,0.06237909040998323,c070f641,7.013212235366166,635.8,0.9,30.2
0.18366598811174922,0.3377498038255381,U10,VT8020,18.490249121259687,6.1192072962419575,WPG,SSPG,0.901,0.952,0.13617695345451364,0.3997398698407558,0.29606585809653896,-0.7284128467124081,5.829142611247808,6.502165708884575,0.02074896851624371,0.14369309949988,cb3dac76,1.1954277915942528,526.3,0.7,39.4
0.18366598811174922,0.3377498038255381,U10,VT8020,18.490249121259687,6.1192072962419575,WPG,SSPG,0.901,0.952,0.13617695345451364,0.3997398698407558,0.29606585809653896,-0.7284128467124081,6.427280737165485,6.502165708884575,0.02074896851624371,0.14369309949988,cb3dac76,1.1954277915942528,526.3,0.7,39.4
0.18366598811174922,0.3377498038255381,U10,VT8020,18.490249121259687,6.1192072962419575,WPG,SSPG,0.901,0.952,0.13617695345451364,0.3997398698407558,0.29606585809653896,-0.7284128467124081,6.270796703860585,6.502165708884575,0.02074896851624371,0.14369309949988,cb3dac76,1.1954277915942528,526.3,0.7,39.4
0.18366598811174922,0.3377498038255381,U10,VT8020,18.490249121259687,6.1192072962419575,WPG,SSPG,0.901,0.952,0.13617695345451364,0.3997398698407558,0.29606585809653896,-0.7284128467124081,6.255696231223282,6.502165708884575,0.02074896851624371,0.14369309949988,cb3dac76,1.1954277915942528,526.3,0.7,39.4
0.18366598811174922,0.3377498038255381,U10,VT8020,18.490249121259687,6.1192072962419575,WPG,SSPG,0.901,0.952,0.13617695345451364,0.3997398698407558,0.29606585809653896,-0.7284128467124081,6.199838927742175,6.502165708884575,0.02074896851624371,0.14369309949988,cb3dac76,1.1954277915942528,526.3,0.7,39.4
0.21664585066612027,0.34065783461056753,U8,VT8020,9.928233539873958,7.64599826884381,CPG,CPG,0.945,0.952,0.11529901317243427,0.3518776825483668,0.2478356526702718,-0.6650723870654998,11.292714123553049,19.875138920625435,0.0987793507776164,0.38574181680573677,3b1c77f9,4.259488825063066,641.0,2.1,41.6
0.21664585066612027,0.34065783461056753,U8,VT8020,9.928233539873958,7.64599826884381,CPG,CPG,0.945,0.952,0.11529901317243427,0.3518776825483668,0.2478356526702718,-0.6650723870654998,11.261822343771362,19.875138920625435,0.0987793507776164,0.38574181680573677,3b1c77f9,4.259488825063066,641.0,2.1,41.6
0.21664585066612027,0.34065783461056753,U8,VT8020,9.928233539873958,7.64599826884381,CPG,CPG,0.945,0.952,0.11529901317243427,0.3518776825483668,0.2478356526702718,-0.6650723870654998,10.650576629400293,19.875138920625435,0.0987793507776164,0.38574181680573677,3b1c77f9,4.259488825063066,641.0,2.1,41.6
0.21664585066612027,0.34065783461056753,U8,VT8020,9.928233539873958,7.64599826884381,CPG,CPG,0.945,0.952,0.11529901317243427,0.3518776825483668,0.2478356526702718,-0.6650723870654998,11.290034857092,19.875138920625435,0.0987793507776164,0.38574181680573677,3b1c77f9,4.259488825063066,641.0,2.1,41.6
0.21664585066612027,0.34065783461056753,U8,VT8020,9.928233539873958,7.64599826884381,CPG,CPG,0.945,0.952,0.11529901317243427,0.3518776825483668,0.2478356526702718,-0.6650723870654998,11.269195829181367,19.875138920625435,0.0987793507776164,0.38574181680573677,3b1c77f9,4.259488825063066,641.0,2.1,41.6
0.24161596321158804,0.33373225580419685,U8,MN8014,12.907832202887164,5.732510369322795,CPG,SSPG,0.947,0.947,0.12015218951693177,0.3655630194069695,0.20316282330230628,-0.7889612204709455,18.65258611639553,16.30664157383539,0.1822960865811177,0.7007998903160547,f97de687,-0.8556690889393783,596.4,0.6,39.4
0.24161596321158804,0.33373225580419685,U8,MN8014,12.907832202887164,5.732510369322795,CPG,SSPG,0.947,0.947,0.12015218951693177,0.3655630194069695,0.20316282330230628,-0.7889612204709455,18.480545879034462,16.30664157383539,0.1822960865811177,0.7007998903160547,f97de687,-0.8556690889393783,596.4,0.6,39.4
0.24161596321158804,0.33373225580419685,U8,MN8014,12.907832202887164,5.732510369322795,CPG,SSPG,0.947,0.947,0.12015218951693177,0.3655630194069695,0.20316282330230628,-0.7889612204709455,18.36003262512611,16.30664157383539,0.1822960865811177,0.7007998903160547,f97de687,-0.8556690889393783,596.4,0.6,39.4
0.24161596321158804,0.33373225580419685,U8,MN8014,12.907832202887164,5.732510369322795,CPG,SSPG,0.947,0.947,0.12015218951693177,0.3655630194069695,0.20316282330230628,-0.7889612204709455,18.41697597854769,16.30664157383539,0.1822960865811177,0.7007998903160547,f97de687,-0.8556690889393783,596.4,0.6,39.4
0.24161596321158804,0.33373225580419685,U8,MN8014,12.907832202887164,5.732510369322795,CPG,SSPG,0.947,0.947,0.12015218951693177,0.3655630194069695,0.20316282330230628,-0.7889612204709455,18.578195524802734,16.30664157383539,0.1822960865811177,0.7007998903160547,f97de687,-0.8556690889393783,596.4,0.6,39.4
0.2317782484993303,0.33292630873758466,U8,MN8014,14.61271120346029,6.330756700371624,CPG,SSPG,0.944,0.949,0.13279295094808216,0.37930538286864723,0.21023407309627865,-0.5260461731385495,12.134980741892303,14.372724550988842,0.20653238852119607,0.586012859179688,bdb179dc,-0.39564218096756587,492.0,2.0,34.7
0.2317782484993303,0.33292630873758466,U8,MN8014,14.61271120346029,6.330756700371624,CPG,SSPG,0.944,0.949,0.13279295094808216,0.37930538286864723,0.21023407309627865,-0.5260461731385495,13.356424829826395,14.372724550988842,0.20653238852119607,0.586012859179688,bdb179dc,-0.39564218096756587,492.0,2.0,34.7
0.2317782484993303,0.33292630873758466,U8,MN8014,14.61271120346029,6.330756700371624,CPG,SSPG,0.944,0.949,0.13279295094808216,0.37930538286864723,0.21023407309627865,-0.5260461731385495,13.325360682385865,14.372724550988842,0.20653238852119607,0.586012859179688,bdb179dc,-0.39564218096756587,492.0,2.0,34.7
0.2317782484993303,0.33292630873758466,U8,MN8014,14.61271120346029,6.330756700371624,CPG,SSPG,0.944,0.949,0.13279295094808216,0.37930538286864723,0.21023407309627865,-0.5260461731385495,13.526661196246758,14.372724550988842,0.20653238852119607,0.586012859179688,bdb179dc,-0.39564218096756587,492.0,2.0,34.7
0.2317782484993303,0.33292630873758466,U8,MN8014,14.61271120346029,6.330756700371624,CPG,SSPG,0.944,0.949,0.13279295094808216,0.37930538286864723,0.21023407309627865,-0.5260461731385495,13.77639816892527,14.372724550988842,0.20653238852119607,0.586012859179688,bdb179dc,-0.39564218096756587,492.0,2.0,34.7
0.2490902276101144,0.33412195122317595,U8,MN8014,13.473586743354925,7.166280956644019,CPG,SSPG,0.943,0.96,0.12880758264384728,0.3736209317598579,0.2098314017489516,-0.4701549442691406,11.328049275293155,15.648924111618191,0.277486923630163,0.5315181659050984,cb3a67fc,0.7751102192708794,511.4,1.0,27.3
0.2490902276101144,0.33412195122317595,U8,MN8014,13.473586743354925,7.166280956644019,CPG,SSPG,0.943,0.96,0.12880758264384728,0.3736209317598579,0.2098314017489516,-0.4701549442691406,11.192970816112634,15.648924111618191,0.277486923630163,0.5315181659050984,cb3a67fc,0.7751102192708794,511.4,1.0,27.3
0.2490902276101144,0.33412195122317595,U8,MN8014,13.473586743354925,7.166280956644019,CPG,SSPG,0.943,0.96,0.12880758264384728,0.3736209317598579,0.2098314017489516,-0.4701549442691406,11.299455994406493,15.648924111618191,0.277486923630163,0.5315181659050984,cb3a67fc,0.7751102192708794,511.4,1.0,27.3
0.2490902276101144,0.33412195122317595,U8,MN8014,13.473586743354925,7.166280956644019,CPG,SSPG,0.943,0.96,0.12880758264384728,0.3736209317598579,0.2098314017489516,-0.4701549442691406,11.325402064204921,15.648924111618191,0.277486923630163,0.5315181659050984,cb3a67fc,0.7751102192708794,511.4,1.0,27.3
0.2490902276101144,0.33412195122317595,U8,MN8014,13.473586743354925,7.166280956644019,CPG,SSPG,0.943,0.96,0.12880758264384728,0.3736209317598579,0.2098314017489516,-0.4701549442691406,11.388463994934575,15.648924111618191,0.277486923630163,0.5315181659050984,cb3a67fc,0.7751102192708794,511.4,1.0,27.3
0.22797905372382804,0.2986351840075454,U8,MN8014,13.257683811472235,4.761414612182647,CPG,SSPG,0.934,0.941,0.11972780164601021,0.3920814067524818,0.24047712351266443,-0.5454920585482901,12.028533184669415,12.417953145463414,0.18179686386503552,0.5221737199460523,3cc44690,-0.5213862303827472,589.5,0.5,36.6
0.22797905372382804,0.2986351840075454,U8,MN8014,13.257683811472235,4.761414612182647,CPG,SSPG,0.934,0.941,0.11972780164601021,0.3920814067524818,0.24047712351266443,-0.5454920585482901,13.98477314516702,12.417953145463414,0.18179686386503552,0.5221737199460523,3cc44690,-0.5213862303827472,589.5,0.5,36.6
0.22797905372382804,0.2986351840075454,U8,MN8014,13.257683811472235,4.761414612182647,CPG,SSPG,0.934,0.941,0.11972780164601021,0.3920814067524818,0.24047712351266443,-0.5454920585482901,12.041826281564155,12.417953145463414,0.18179686386503552,0.5221737199460523,3cc44690,-0.5213862303827472,589.5,0.5,36.6
0.22797905372382804,0.2986351840075454,U8,MN8014,13.257683811472235,4.761414612182647,CPG,SSPG,0.934,0.941,0.11972780164601021,0.3920814067524818,0.24047712351266443,-0.5454920585482901,14.160548034245451,12.417953145463414,0.18179686386503552,0.5221737199460523,3cc44690,-0.5213862303827472,589.5,0.5,36.6
0.22797905372382804,0.2986351840075454,U8,MN8014,13.257683811472235,4.761414612182647,CPG,SSPG,0.934,0.941,0.11972780164601021,0.3920814067524818,0.24047712351266443,-0.5454920585482901,14.03378970200885,12.417953145463414,0.18179686386503552,0.5221737199460523,3cc44690,-0.5213862303827472,589.5,0.5,36.6
0.247655223868043,0.32852164522851046,U8,U12,11.310395851523772,7.064636283163351,CPG,CPG,0.949,0.945,0.12361166049909472,0.36289145278161045,0.2329597466784173,-0.6446023438784793,13.98905596665533,19.031450390857117,0.15367372882561986,0.6251227309165578,e06732b9,1.1835754947066466,590.3,1.7,34.1
0.247655223868043,0.32852164522851046,U8,U12,11.310395851523772,7.064636283163351,CPG,CPG,0.949,0.945,0.12361166049909472,0.36289145278161045,0.2329597466784173,-0.6446023438784793,13.952727910589473,19.031450390857117,0.15367372882561986,0.6251227309165578,e06732b9,1.1835754947066466,590.3,1.7,34.1
0.247655223868043,0.32852164522851046,U8,U12,11.310395851523772,7.064636283163351,CPG,CPG,0.949,0.945,0.12361166049909472,0.36289145278161045,0.2329597466784173,-0.6446023438784793,13.881222811627403,19.031450390857117,0.15367372882561986,0.6251227309165578,e06732b9,1.1835754947066466,590.3,1.7,34.1
0.247655223868043,0.32852164522851046,U8,U12,11.310395851523772,7.064636283163351,CPG,CPG,0.949,0.945,0.12361166049909472,0.36289145278161045,0.2329597466784173,-0.6446023438784793,14.120596773933219,19.031450390857117,0.15367372882561986,0.6251227309165578,e06732b9,1.1835754947066466,590.3,1.7,34.1
0.247655223868043,0.32852164522851046,U8,U12,11.310395851523772,7.064636283163351,CPG,CPG,0.949,0.945,0.12361166049909472,0.36289145278161045,0.2329597466784173,-0.6446023438784793,14.2294154050148,19.031450390857117,0.15367372882561986,0.6251227309165578,e06732b9,1.1835754947066466,590.3,1.7,34.1
0.2642620820283816,0.334056153174626,U8,U12,14.039389684467057,4.778338235387635,CPG,SSPG,0.942,0.951,0.1289402948919942,0.37779953007817235,0.2064040590944739,-0.42153695541914327,12.413064233320346,20.297209423570447,0.3141817802311901,0.6426476619417222,28a9f405,1.5345488582759028,582.5,1.8,37.6
0.2642620820283816,0.334056153174626,U8,U12,14.039389684467057,4.778338235387635,CPG,SSPG,0.942,0.951,0.1289402948919942,0.37779953007817235,0.2064040590944739,-0.42153695541914327,12.463285395579701,20.297209423570447,0.3141817802311901,0.6426476619417222,28a9f405,1.5345488582759028,582.5,1.8,37.6
0.2642620820283816,0.334056153174626,U8,U12,14.039389684467057,4.778338235387635,CPG,SSPG,0.942,0.951,0.1289402948919942,0.37779953007817235,0.2064040590944739,-0.42153695541914327,12.504219902547796,20.297209423570447,0.3141817802311901,0.6426476619417222,28a9f405,1.5345488582759028,582.5,1.8,37.6
0.2642620820283816,0.334056153174626,U8,U12,14.039389684467057,4.778338235387635,CPG,SSPG,0.942,0.951,0.1289402948919942,0.37779953007817235,0.2064040590944739,-0.42153695541914327,12.492918761547898,20.297209423570447,0.3141817802311901,0.6426476619417222,28a9f405,1.5345488582759028,582.5,1.8,37.6
0.2642620820283816,0.334056153174626,U8,U12,14.039389684467057,4.778338235387635,CPG,SSPG,0.942,0.951,0.1289402948919942,0.37779953007817235,0.2064040590944739,-0.42153695541914327,12.765312964754862,20.297209423570447,0.3141817802311901,0.6426476619417222,28a9f405,1.5345488582759028,582.5,1.8,37.6
0.2360713618388116,0.30316292642218645,U10,U12,10.944746730319547,7.891541970866714,CPG,CPG,0.949,0.941,0.12931354355826574,0.37984200896240305,0.5661839242767845,-0.2161530995168257,1.0478602058085222,1.3958822851203272,0.01700285128851816,0.01390050455360083,4b64f0d7,0.44847593911922257,639.8,1.9,38.5
0.2360713618388116,0.30316292642218645,U10,U12,10.944746730319547,7.891541970866714,CPG,CPG,0.949,0.941,0.12931354355826574,0.37984200896240305,0.5661839242767845,-0.2161530995168257,1.2429740726386,1.3958822851203272,0.01700285128851816,0.01390050455360083,4b64f0d7,0.44847593911922257,639.8,1.9,38.5
0.2360713618388116,0.30316292642218645,U10,U12,10.944746730319547,7.891541970866714,CPG,CPG,0.949,0.941,0.12931354355826574,0.37984200896240305,0.5661839242767845,-0.2161530995168257,1.3362120837711404,1.3958822851203272,0.01700285128851816,0.01390050455360083,4b64f0d7,0.44847593911922257,639.8,1.9,38.5
0.2360713618388116,0.30316292642218645,U10,U12,10.944746730319547,7.891541970866714,CPG,CPG,0.949,0.941,0.12931354355826574,0.37984200896240305,0.5661839242767845,-0.2161530995168257,1.3144022781339173,1.3958822851203272,0.01700285128851816,0.01390050455360083,4b64f0d7,0.44847593911922257,639.8,1.9,38.5
0.2360713618388116,0.30316292642218645,U10,U12,10.944746730319547,7.891541970866714,CPG,CPG,0.949,0.941,0.12931354355826574,0.37984200896240305,0.5661839242767845,-0.2161530995168257,1.590369390376055,1.3958822851203272,0.01700285128851816,0.01390050455360083,4b64f0d7,0.44847593911922257,639.8,1.9,38.5
0.23814356761801125,0.28409737491672304,U10,U12,10.581126288583606,7.500431614708864,CPG,CPG,0.951,0.952,0.12269393249198231,0.3871814938777707,0.3080302661567176,-0.5349583673436429,3.132698876320184,8.71812307221034,0.013401253568952914,0.14221078494739342,86c32568,2.1739549511225054,649.0,2.1,36.3
0.23814356761801125,0.28409737491672304,U10,U12,10.581126288583606,7.500431614708864,CPG,CPG,0.951,0.952,0.12269393249198231,0.3871814938777707,0.3080302661567176,-0.5349583673436429,4.782169857434855,8.71812307221034,0.013401253568952914,0.14221078494739342,86c32568,2.1739549511225054,649.0,2.1,36.3
0.23814356761801125,0.28409737491672304,U10,U12,10.581126288583606,7.500431614708864,CPG,CPG,0.951,0.952,0.12269393249198231,0.3871814938777707,0.3080302661567176,-0.5349583673436429,4.831871945206746,8.71812307221034,0.013401253568952914,0.14221078494739342,86c32568,2.1739549511225054,649.0,2.1,36.3
0.23814356761801125,0.28409737491672304,U10,U12,10.581126288583606,7.500431614708864,CPG,CPG,0.951,0.952,0.12269393249198231,0.3871814938777707,0.3080302661567176,-0.5349583673436429,4.8452955561800755,8.71812307221034,0.013401253568952914,0.14221078494739342,86c32568,2.1739549511225054,649.0,2.1,36.3
0.23814356761801125,0.28409737491672304,U10,U12,10.581126288583606,7.500431614708864,CPG,CPG,0.951,0.952,0.12269393249198231,0.3871814938777707,0.3080302661567176,-0.5349583673436429,4.613610631839426,8.71812307221034,0.013401253568952914,0.14221078494739342,86c32568,2.1739549511225054,649.0,2.1,36.3
0.2510513578531402,0.284331209589027,U10,U12,10.485786579796505,4.978113718444134,CPG,SSPG,0.944,0.959,0.1364590340085895,0.3603821151067926,0.21781084490662167,-0.4653047497612006,12.188610445707447,16.269749810726346,0.16496802263599292,0.5536029444573048,5ded2e67,0.7945595046855418,592.0,1.0,37.2
0.2510513578531402,0.284331209589027,U10,U12,10.485786579796505,4.978113718444134,CPG,SSPG,0.944,0.959,0.1364590340085895,0.3603821151067926,0.21781084490662167,-0.4653047497612006,11.983170998343663,16.269749810726346,0.16496802263599292,0.5536029444573048,5ded2e67,0.7945595046855418,592.0,1.0,37.2
0.2510513578531402,0.284331209589027,U10,U12,10.485786579796505,4.978113718444134,CPG,SSPG,0.944,0.959,0.1364590340085895,0.3603821151067926,0.21781084490662167,-0.4653047497612006,11.83976424455326,16.269749810726346,0.16496802263599292,0.5536029444573048,5ded2e67,0.7945595046855418,592.0,1.0,37.2
0.2510513578531402,0.284331209589027,U10,U12,10.485786579796505,4.978113718444134,CPG,SSPG,0.944,0.959,0.1364590340085895,0.3603821151067926,0.21781084490662167,-0.4653047497612006,12.269049929191047,16.269749810726346,0.16496802263599292,0.5536029444573048,5ded2e67,0.7945595046855418,592.0,1.0,37.2
0.2510513578531402,0.284331209589027,U10,U12,10.485786579796505,4.978113718444134,CPG,SSPG,0.944,0.959,0.1364590340085895,0.3603821151067926,0.21781084490662167,-0.4653047497612006,11.237756901937594,16.269749810726346,0.16496802263599292,0.5536029444573048,5ded2e67,0.7945595046855418,592.0,1.0,37.2
0.24150921265707334,0.3130342802952637,U8,U12,15.032739718336773,6.729069188586703,CPG,CPG,0.943,0.954,0.1111784522096245,0.3669025324917197,0.2025646857304479,-0.570676687903827,14.372488678577612,18.250517037619016,0.2143981507203103,0.6585336927796285,aa84abc5,0.46643720397019095,573.7,1.2,35.6
0.24150921265707334,0.3130342802952637,U8,U12,15.032739718336773,6.729069188586703,CPG,CPG,0.943,0.954,0.1111784522096245,0.3669025324917197,0.2025646857304479,-0.570676687903827,13.18369943754113,18.250517037619016,0.2143981507203103,0.6585336927796285,aa84abc5,0.46643720397019095,573.7,1.2,35.6
0.24150921265707334,0.3130342802952637,U8,U12,15.032739718336773,6.729069188586703,CPG,CPG,0.943,0.954,0.1111784522096245,0.3669025324917197,0.2025646857304479,-0.570676687903827,14.128846054643219,18.250517037619016,0.2143981507203103,0.6585336927796285,aa84abc5,0.46643720397019095,573.7,1.2,35.6
0.24150921265707334,0.3130342802952637,U8,U12,15.032739718336773,6.729069188586703,CPG,CPG,0.943,0.954,0.1111784522096245,0.3669025324917197,0.2025646857304479,-0.570676687903827,13.909558110337992,18.250517037619016,0.2143981507203103,0.6585336927796285,aa84abc5,0.46643720397019095,573.7,1.2,35.6
0.24150921265707334,0.3130342802952637,U8,U12,15.032739718336773,6.729069188586703,CPG,CPG,0.943,0.954,0.1111784522096245,0.3669025324917197,0.2025646857304479,-0.570676687903827,12.842810920032022,18.250517037619016,0.2143981507203103,0.6585336927796285,aa84abc5,0.46643720397019095,573.7,1.2,35.6
0.2406088974143029,0.32279678318084165,U10,U12,12.063611167041447,4.200792234016035,CPG,CPG,0.95,0.948,0.11189688642105441,0.3746210322815987,0.20816549501329779,-0.3395393815660144,10.077593815967115,16.16441086476943,0.22590395663484641,0.511601441774383,c1a02630,1.2242899588209184,506.2,2.0,36.6
0.2406088974143029,0.32279678318084165,U10,U12,12.063611167041447,4.200792234016035,CPG,CPG,0.95,0.948,0.11189688642105441,0.3746210322815987,0.20816549501329779,-0.3395393815660144,9.979406827331191,16.16441086476943,0.22590395663484641,0.511601441774383,c1a02630,1.2242899588209184,506.2,2.0,36.6
0.2406088974143029,0.32279678318084165,U10,U12,12.063611167041447,4.200792234016035,CPG,CPG,0.95,0.948,0.11189688642105441,0.3746210322815987,0.20816549501329779,-0.3395393815660144,9.652297788413808,16.16441086476943,0.22590395663484641,0.511601441774383,c1a02630,1.2242899588209184,506.2,2.0,36.6
0.2406088974143029,0.32279678318084165,U10,U12,12.063611167041447,4.200792234016035,CPG,CPG,0.95,0.948,0.11189688642105441,0.3746210322815987,0.20816549501329779,-0.3395393815660144,10.301644632401953,16.16441086476943,0.22590395663484641,0.511601441774383,c1a02630,1.2242899588209184,506.2,2.0,36.6
0.2406088974143029,0.32279678318084165,U10,U12,12.063611167041447,4.200792234016035,CPG,CPG,0.95,0.948,0.11189688642105441,0.3746210322815987,0.20816549501329779,-0.3395393815660144,10.001593933450767,16.16441086476943,0.22590395663484641,0.511601441774383,c1a02630,1.2242899588209184,506.2,2.0,36.6
0.2163411921297249,0.34144811181583995,U8,U12,9.72027550597818,9.146691176239496,CPG,CPG,0.95,0.945,0.13439893658150537,0.39832109062375787,0.5479463969353946,-0.04774248079530419,1.6655092025934015,0.6733835277356126,0.0283742048314995,0.03511412460234926,1d821ed6,-0.10522968280113987,557.3,0.4,35.4
0.2163411921297249,0.34144811181583995,U8,U12,9.72027550597818,9.146691176239496,CPG,CPG,0.95,0.945,0.13439893658150537,0.39832109062375787,0.5479463969353946,-0.04774248079530419,2.6965343527066516,0.6733835277356126,0.0283742048314995,0.03511412460234926,1d821ed6,-0.10522968280113987,557.3,0.4,35.4
0.2163411921297249,0.34144811181583995,U8,U12,9.72027550597818,9.146691176239496,CPG,CPG,0.95,0.945,0.13439893658150537,0.39832109062375787,0.5479463969353946,-0.04774248079530419,2.9122698978907677,0.6733835277356126,0.0283742048314995,0.03511412460234926,1d821ed6,-0.10522968280113987,557.3,0.4,35.4
0.2163411921297249,0.34144811181583995,U8,U12,9.72027550597818,9.146691176239496,CPG,CPG,0.95,0.945,0.13439893658150537,0.39832109062375787,0.5479463969353946,-0.04774248079530419,2.8919123719001707,0.6733835277356126,0.0283742048314995,0.03511412460234926,1d821ed6,-0.10522968280113987,557.3,0.4,35.4
0.2163411921297249,0.34144811181583995,U8,U12,9.72027550597818,9.146691176239496,CPG,CPG,0.95,0.945,0.13439893658150537,0.39832109062375787,0.5479463969353946,-0.04774248079530419,2.901140788640663,0.6733835277356126,0.0283742048314995,0.03511412460234926,1d821ed6,-0.10522968280113987,557.3,0.4,35.4
0.2551204998044437,0.28820965862486314,U8,U12,13.104364809005762,6.311125254433587,CPG,SSPG,0.938,0.949,0.13665193312152668,0.4053013218267131,0.20901531372377122,-0.3829607290007233,9.265807427997014,15.676672526713125,0.26859177004534385,0.4060245858702315,604360ea,2.2077155361849172,611.1,0.5,37.9
0.2551204998044437,0.28820965862486314,U8,U12,13.104364809005762,6.311125254433587,CPG,SSPG,0.938,0.949,0.13665193312152668,0.4053013218267131,0.20901531372377122,-0.3829607290007233,9.298185367500698,15.676672526713125,0.26859177004534385,0.4060245858702315,604360ea,2.2077155361849172,611.1,0.5,37.9
0.2551204998044437,0.28820965862486314,U8,U12,13.104364809005762,6.311125254433587,CPG,SSPG,0.938,0.949,0.13665193312152668,0.4053013218267131,0.20901531372377122,-0.3829607290007233,9.255685210462598,15.676672526713125,0.26859177004534385,0.4060245858702315,604360ea,2.2077155361849172,611.1,0.5,37.9
0.2551204998044437,0.28820965862486314,U8,U12,13.104364809005762,6.311125254433587,CPG,SSPG,0.938,0.949,0.13665193312152668,0.4053013218267131,0.20901531372377122,-0.3829607290007233,9.230401113366298,15.676672526713125,0.26859177004534385,0.4060245858702315,604360ea,2.2077155361849172,611.1,0.5,37.9
0.2551204998044437,0.28820965862486314,U8,U12,13.104364809005762,6.311125254433587,CPG,SSPG,0.938,0.949,0.13665193312152668,0.4053013218267131,0.20901531372377122,-0.3829607290007233,8.427058502884195,15.676672526713125,0.26859177004534385,0.4060245858702315,604360ea,2.2077155361849172,611.1,0.5,37.9
0.25535654874680225,0.3215620690022504,U10,U12,9.355560987443518,6.825509102984885,CPG,SSPG,0.951,0.965,0.12131714824055387,0.37267954618593346,0.25194361619659666,-0.5385402722321737,13.400301396996873,24.34532625435749,0.14469564867113083,0.6545128691418101,96baf23f,3.1571602715422324,580.5,2.7,34.3
0.25535654874680225,0.3215620690022504,U10,U12,9.355560987443518,6.825509102984885,CPG,SSPG,0.951,0.965,0.12131714824055387,0.37267954618593346,0.25194361619659666,-0.5385402722321737,13.276391948218937,24.34532625435749,0.14469564867113083,0.6545128691418101,96baf23f,3.1571602715422324,580.5,2.7,34.3
0.25535654874680225,0.3215620690022504,U10,U12,9.355560987443518,6.825509102984885,CPG,SSPG,0.951,0.965,0.12131714824055387,0.37267954618593346,0.25194361619659666,-0.5385402722321737,13.21503812594397,24.34532625435749,0.14469564867113083,0.6545128691418101,96baf23f,3.1571602715422324,580.5,2.7,34.3
0.25535654874680225,0.3215620690022504,U10,U12,9.355560987443518,6.825509102984885,CPG,SSPG,0.951,0.965,0.12131714824055387,0.37267954618593346,0.25194361619659666,-0.5385402722321737,13.220829617484592,24.34532625435749,0.14469564867113083,0.6545128691418101,96baf23f,3.1571602715422324,580.5,2.7,34.3
0.25535654874680225,0.3215620690022504,U10,U12,9.355560987443518,6.825509102984885,CPG,SSPG,0.951,0.965,0.12131714824055387,0.37267954618593346,0.25194361619659666,-0.5385402722321737,13.287316110902305,24.34532625435749,0.14469564867113083,0.6545128691418101,96baf23f,3.1571602715422324,580.5,2.7,34.3
0.24500447069037173,0.3250021376905372,U10,U12,12.119781379394166,8.031942175837585,CPG,CPG,0.95,0.938,0.12405262727286166,0.3401434562807962,0.2013057788128869,-0.5357734728415731,11.351531072150477,29.145265818507323,0.1311066913537164,0.698220121076318,ee77dee7,4.745624691330659,516.4,1.2,40.5
0.24500447069037173,0.3250021376905372,U10,U12,12.119781379394166,8.031942175837585,CPG,CPG,0.95,0.938,0.12405262727286166,0.3401434562807962,0.2013057788128869,-0.5357734728415731,15.189088756111765,29.145265818507323,0.1311066913537164,0.698220121076318,ee77dee7,4.745624691330659,516.4,1.2,40.5
0.24500447069037173,0.3250021376905372,U10,U12,12.119781379394166,8.031942175837585,CPG,CPG,0.95,0.938,0.12405262727286166,0.3401434562807962,0.2013057788128869,-0.5357734728415731,15.163057553502876,29.145265818507323,0.1311066913537164,0.698220121076318,ee77dee7,4.745624691330659,516.4,1.2,40.5
0.24500447069037173,0.3250021376905372,U10,U12,12.119781379394166,8.031942175837585,CPG,CPG,0.95,0.938,0.12405262727286166,0.3401434562807962,0.2013057788128869,-0.5357734728415731,15.211890101709901,29.145265818507323,0.1311066913537164,0.698220121076318,ee77dee7,4.745624691330659,516.4,1.2,40.5
0.24500447069037173,0.3250021376905372,U10,U12,12.119781379394166,8.031942175837585,CPG,CPG,0.95,0.938,0.12405262727286166,0.3401434562807962,0.2013057788128869,-0.5357734728415731,15.1294516945687,29.145265818507323,0.1311066913537164,0.698220121076318,ee77dee7,4.745624691330659,516.4,1.2,40.5
0.23833011693955214,0.3233685832934994,U8,MN8014,9.751863008107588,4.208702546108974,CPG,SSPG,0.952,0.954,0.1298319811660516,0.3646349589295771,0.20035890272494844,-0.39614249451781824,7.918582727455676,14.385868467899217,0.30149873520114984,0.4231150550755808,ecb0b9af,1.4540329733083803,643.8,3.0,40.9
0.23833011693955214,0.3233685832934994,U8,MN8014,9.751863008107588,4.208702546108974,CPG,SSPG,0.952,0.954,0.1298319811660516,0.3646349589295771,0.20035890272494844,-0.39614249451781824,8.055711157347838,14.385868467899217,0.30149873520114984,0.4231150550755808,ecb0b9af,1.4540329733083803,643.8,3.0,40.9
0.23833011693955214,0.3233685832934994,U8,MN8014,9.751863008107588,4.208702546108974,CPG,SSPG,0.952,0.954,0.1298319811660516,0.3646349589295771,0.20035890272494844,-0.39614249451781824,8.16591204941737,14.385868467899217,0.30149873520114984,0.4231150550755808,ecb0b9af,1.4540329733083803,643.8,3.0,40.9
0.23833011693955214,0.3233685832934994,U8,MN8014,9.751863008107588,4.208702546108974,CPG,SSPG,0.952,0.954,0.1298319811660516,0.3646349589295771,0.20035890272494844,-0.39614249451781824,8.698184405884138,14.385868467899217,0.30149873520114984,0.4231150550755808,ecb0b9af,1.4540329733083803,643.8,3.0,40.9
0.23833011693955214,0.3233685832934994,U8,MN8014,9.751863008107588,4.208702546108974,CPG,SSPG,0.952,0.954,0.1298319811660516,0.3646349589295771,0.20035890272494844,-0.39614249451781824,8.66319668816379,14.385868467899217,0.30149873520114984,0.4231150550755808,ecb0b9af,1.4540329733083803,643.8,3.0,40.9
0.22745725398063382,0.34528356936567317,U8,U12,12.011220579948946,7.390168026294001,CPG,CPG,0.944,0.96,0.12061539934574987,0.38258632823817135,0.2973683703450948,-0.24135633497249054,5.541863786737227,22.123132303709067,0.050660413282897616,0.32825169277054694,9fc5708b,5.885917139308734,530.3,1.5,39.1
0.22745725398063382,0.34528356936567317,U8,U12,12.011220579948946,7.390168026294001,CPG,CPG,0.944,0.96,0.12061539934574987,0.38258632823817135,0.2973683703450948,-0.24135633497249054,6.067334402710566,22.123132303709067,0.050660413282897616,0.32825169277054694,9fc5708b,5.885917139308734,530.3,1.5,39.1
0.22745725398063382,0.34528356936567317,U8,U12,12.011220579948946,7.390168026294001,CPG,CPG,0.944,0.96,0.12061539934574987,0.38258632823817135,0.2973683703450948,-0.24135633497249054,6.024035931000688,22.123132303709067,0.050660413282897616,0.32825169277054694,9fc5708b,5.885917139308734,530.3,1.5,39.1
0.22745725398063382,0.34528356936567317,U8,U12,12.011220579948946,7.390168026294001,CPG,CPG,0.944,0.96,0.12061539934574987,0.38258632823817135,0.2973683703450948,-0.24135633497249054,6.039256350507631,22.123132303709067,0.050660413282897616,0.32825169277054694,9fc5708b,5.885917139308734,530.3,1.5,39.1
0.22745725398063382,0.34528356936567317,U8,U12,12.011220579948946,7.390168026294001,CPG,CPG,0.944,0.96,0.12061539934574987,0.38258632823817135,0.2973683703450948,-0.24135633497249054,6.103376162543671,22.123132303709067,0.050660413282897616,0.32825169277054694,9fc5708b,5.885917139308734,530.3,1.5,39.1
0.2313552122219069,0.3050031882727863,U10,U12,9.737716139847011,6.336497811585595,CPG,SSPG,0.95,0.949,0.1290400287669457,0.39162424201857354,0.6084575905593359,-0.2891999611447451,0.6866329976369364,1.9692313607123797,0.010852433879181228,0.005807800020495794,2ffb4fd9,0.7889229681907716,635.8,1.5,41.1
0.2313552122219069,0.3050031882727863,U10,U12,9.737716139847011,6.336497811585595,CPG,SSPG,0.95,0.949,0.1290400287669457,0.39162424201857354,0.6084575905593359,-0.2891999611447451,0.6777496760660395,1.9692313607123797,0.010852433879181228,0.005807800020495794,2ffb4fd9,0.7889229681907716,635.8,1.5,41.1
0.2313552122219069,0.3050031882727863,U10,U12,9.737716139847011,6.336497811585595,CPG,SSPG,0.95,0.949,0.1290400287669457,0.39162424201857354,0.6084575905593359,-0.2891999611447451,0.6805139919869704,1.9692313607123797,0.010852433879181228,0.005807800020495794,2ffb4fd9,0.7889229681907716,635.8,1.5,41.1
0.2313552122219069,0.3050031882727863,U10,U12,9.737716139847011,6.336497811585595,CPG,SSPG,0.95,0.949,0.1290400287669457,0.39162424201857354,0.6084575905593359,-0.2891999611447451,0.7109823961580057,1.9692313607123797,0.010852433879181228,0.005807800020495794,2ffb4fd9,0.7889229681907716,635.8,1.5,41.1
0.2313552122219069,0.3050031882727863,U10,U12,9.737716139847011,6.336497811585595,CPG,SSPG,0.95,0.949,0.1290400287669457,0.39162424201857354,0.6084575905593359,-0.2891999611447451,0.6846260323533794,1.9692313607123797,0.010852433879181228,0.005807800020495794,2ffb4fd9,0.7889229681907716,635.8,1.5,41.1
0.24004367920326697,0.3020147194171047,U8,MN8014,11.632080495572833,5.817249429140337,CPG,SSPG,0.948,0.962,0.13778382908472325,0.3982919615211825,0.3220887898004306,-0.9877418772475614,5.229896847419685,5.102979316710892,0.013816524349218531,0.12721668619032878,4989303a,0.7746766089084105,558.9,1.1,33.3
0.24004367920326697,0.3020147194171047,U8,MN8014,11.632080495572833,5.817249429140337,CPG,SSPG,0.948,0.962,0.13778382908472325,0.3982919615211825,0.3220887898004306,-0.9877418772475614,6.546016656911667,5.102979316710892,0.013816524349218531,0.12721668619032878,4989303a,0.7746766089084105,558.9,1.1,33.3
0.24004367920326697,0.3020147194171047,U8,MN8014,11.632080495572833,5.817249429140337,CPG,SSPG,0.948,0.962,0.13778382908472325,0.3982919615211825,0.3220887898004306,-0.9877418772475614,7.8475373673388935,5.102979316710892,0.013816524349218531,0.12721668619032878,4989303a,0.7746766089084105,558.9,1.1,33.3
0.24004367920326697,0.3020147194171047,U8,MN8014,11.632080495572833,5.817249429140337,CPG,SSPG,0.948,0.962,0.13778382908472325,0.3982919615211825,0.3220887898004306,-0.9877418772475614,7.905086827283971,5.102979316710892,0.013816524349218531,0.12721668619032878,4989303a,0.7746766089084105,558.9,1.1,33.3
0.24004367920326697,0.3020147194171047,U8,MN8014,11.632080495572833,5.817249429140337,CPG,SSPG,0.948,0.962,0.13778382908472325,0.3982919615211825,0.3220887898004306,-0.9877418772475614,7.880219986927587,5.102979316710892,0.013816524349218531,0.12721668619032878,4989303a,0.7746766089084105,558.9,1.1,33.3
0.23103962044424597,0.32099361523465725,U10,U12,8.021849164763683,5.223136435918928,CPG,SSPG,0.951,0.96,0.11638271835630588,0.4179512727405582,0.20689586790597536,-0.31570851081620765,6.650459020779371,14.685751804069648,0.2608673336178145,0.299971995426456,9abae2b3,2.978140146655872,571.3,1.5,36.9
0.23103962044424597,0.32099361523465725,U10,U12,8.021849164763683,5.223136435918928,CPG,SSPG,0.951,0.96,0.11638271835630588,0.4179512727405582,0.20689586790597536,-0.31570851081620765,6.660739569838989,14.685751804069648,0.2608673336178145,0.299971995426456,9abae2b3,2.978140146655872,571.3,1.5,36.9
0.23103962044424597,0.32099361523465725,U10,U12,8.021849164763683,5.223136435918928,CPG,SSPG,0.951,0.96,0.11638271835630588,0.4179512727405582,0.20689586790597536,-0.31570851081620765,6.664867755633186,14.685751804069648,0.2608673336178145,0.299971995426456,9abae2b3,2.978140146655872,571.3,1.5,36.9
0.23103962044424597,0.32099361523465725,U10,U12,8.021849164763683,5.223136435918928,CPG,SSPG,0.951,0.96,0.11638271835630588,0.4179512727405582,0.20689586790597536,-0.31570851081620765,6.578995823621326,14.685751804069648,0.2608673336178145,0.299971995426456,9abae2b3,2.978140146655872,571.3,1.5,36.9
0.23103962044424597,0.32099361523465725,U10,U12,8.021849164763683,5.223136435918928,CPG,SSPG,0.951,0.96,0.11638271835630588,0.4179512727405582,0.20689586790597536,-0.31570851081620765,6.722701427736483,14.685751804069648,0.2608673336178145,0.299971995426456,9abae2b3,2.978140146655872,571.3,1.5,36.9
0.21001367732057974,0.34728526152705863,U8,U12,12.401098850925383,7.845708187169201,CPG,CPG,0.941,0.945,0.13865024437513962,0.40514276006954114,0.20993610102619326,-0.36522494045243703,7.956999786874896,16.81940584961172,0.2935278230933546,0.378150159005537,5290f6ee,3.0192061628791045,627.5,1.0,37.2
0.21001367732057974,0.34728526152705863,U8,U12,12.401098850925383,7.845708187169201,CPG,CPG,0.941,0.945,0.13865024437513962,0.40514276006954114,0.20993610102619326,-0.36522494045243703,7.791806346711534,16.81940584961172,0.2935278230933546,0.378150159005537,5290f6ee,3.0192061628791045,627.5,1.0,37.2
0.21001367732057974,0.34728526152705863,U8,U12,12.401098850925383,7.845708187169201,CPG,CPG,0.941,0.945,0.13865024437513962,0.40514276006954114,0.20993610102619326,-0.36522494045243703,7.90532374631199,16.81940584961172,0.2935278230933546,0.378150159005537,5290f6ee,3.0192061628791045,627.5,1.0,37.2
0.21001367732057974,0.34728526152705863,U8,U12,12.401098850925383,7.845708187169201,CPG,CPG,0.941,0.945,0.13865024437513962,0.40514276006954114,0.20993610102619326,-0.36522494045243703,7.496805855911177,16.81940584961172,0.2935278230933546,0.378150159005537,5290f6ee,3.0192061628791045,627.5,1.0,37.2
0.21001367732057974,0.34728526152705863,U8,U12,12.401098850925383,7.845708187169201,CPG,CPG,0.941,0.945,0.13865024437513962,0.40514276006954114,0.20993610102619326,-0.36522494045243703,7.6653910538559975,16.81940584961172,0.2935278230933546,0.378150159005537,5290f6ee,3.0192061628791045,627.5,1.0,37.2
0.23372803928298302,0.3341830366840312,U8,MN8014,9.72198904914935,6.983776316602289,CPG,SSPG,0.95,0.946,0.1365215057882424,0.3791572683707843,0.20070235387458144,0.1762398988288334,4.985853357148069,15.122488766196279,0.33329350631210114,0.27352211136175547,40a6f90b,3.4670957532240476,546.3,1.8,36.8
0.23372803928298302,0.3341830366840312,U8,MN8014,9.72198904914935,6.983776316602289,CPG,SSPG,0.95,0.946,0.1365215057882424,0.3791572683707843,0.20070235387458144,0.1762398988288334,5.863859979928219,15.122488766196279,0.33329350631210114,0.27352211136175547,40a6f90b,3.4670957532240476,546.3,1.8,36.8
0.23372803928298302,0.3341830366840312,U8,MN8014,9.72198904914935,6.983776316602289,CPG,SSPG,0.95,0.946,0.1365215057882424,0.3791572683707843,0.20070235387458144,0.1762398988288334,5.874940524043182,15.122488766196279,0.33329350631210114,0.27352211136175547,40a6f90b,3.4670957532240476,546.3,1.8,36.8
0.23372803928298302,0.3341830366840312,U8,MN8014,9.72198904914935,6.983776316602289,CPG,SSPG,0.95,0.946,0.1365215057882424,0.3791572683707843,0.20070235387458144,0.1762398988288334,5.65307423757296,15.122488766196279,0.33329350631210114,0.27352211136175547,40a6f90b,3.4670957532240476,546.3,1.8,36.8
0.23372803928298302,0.3341830366840312,U8,MN8014,9.72198904914935,6.983776316602289,CPG,SSPG,0.95,0.946,0.1365215057882424,0.3791572683707843,0.20070235387458144,0.1762398988288334,5.901505094075816,15.122488766196279,0.33329350631210114,0.27352211136175547,40a6f90b,3.4670957532240476,546.3,1.8,36.8
0.21674336132930286,0.3294909021178409,U10,U12,8.59658478697257,7.914962878744872,CPG,CPG,0.948,0.941,0.12508110228073666,0.3984241780420439,0.21214950217013945,0.17817637142298137,4.37507382161963,14.953256277170063,0.2699990066490646,0.21620101949202,0ae37769,4.042510456408811,611.2,2.0,40.4
0.21674336132930286,0.3294909021178409,U10,U12,8.59658478697257,7.914962878744872,CPG,CPG,0.948,0.941,0.12508110228073666,0.3984241780420439,0.21214950217013945,0.17817637142298137,4.410911359149824,14.953256277170063,0.2699990066490646,0.21620101949202,0ae37769,4.042510456408811,611.2,2.0,40.4
0.21674336132930286,0.3294909021178409,U10,U12,8.59658478697257,7.914962878744872,CPG,CPG,0.948,0.941,0.12508110228073666,0.3984241780420439,0.21214950217013945,0.17817637142298137,4.39794752829651,14.953256277170063,0.2699990066490646,0.21620101949202,0ae37769,4.042510456408811,611.2,2.0,40.4
0.21674336132930286,0.3294909021178409,U10,U12,8.59658478697257,7.914962878744872,CPG,CPG,0.948,0.941,0.12508110228073666,0.3984241780420439,0.21214950217013945,0.17817637142298137,4.504022176380827,14.953256277170063,0.2699990066490646,0.21620101949202,0ae37769,4.042510456408811,611.2,2.0,40.4
0.21674336132930286,0.3294909021178409,U10,U12,8.59658478697257,7.914962878744872,CPG,CPG,0.948,0.941,0.12508110228073666,0.3984241780420439,0.21214950217013945,0.17817637142298137,4.709932898736093,14.953256277170063,0.2699990066490646,0.21620101949202,0ae37769,4.042510456408811,611.2,2.0,40.4
0.22522825415464595,0.3012895873261021,U8,MN8014,10.645894454792158,7.149754626443746,CPG,CPG,0.951,0.945,0.13183334863325902,0.39094772702978947,0.25111305997168576,-1.4604097229717146,10.136060894358572,6.366591789941941,0.01936910982424725,0.1584895328604503,9fdf9aa2,0.9690946886789764,490.4,0.0,34.9
0.22522825415464595,0.3012895873261021,U8,MN8014,10.645894454792158,7.149754626443746,CPG,CPG,0.951,0.945,0.13183334863325902,0.39094772702978947,0.25111305997168576,-1.4604097229717146,9.90380479484391,6.366591789941941,0.01936910982424725,0.1584895328604503,9fdf9aa2,0.9690946886789764,490.4,0.0,34.9
0.22522825415464595,0.3012895873261021,U8,MN8014,10.645894454792158,7.149754626443746,CPG,CPG,0.951,0.945,0.13183334863325902,0.39094772702978947,0.25111305997168576,-1.4604097229717146,9.361667440777351,6.366591789941941,0.01936910982424725,0.1584895328604503,9fdf9aa2,0.9690946886789764,490.4,0.0,34.9
0.22522825415464595,0.3012895873261021,U8,MN8014,10.645894454792158,7.149754626443746,CPG,CPG,0.951,0.945,0.13183334863325902,0.39094772702978947,0.25111305997168576,-1.4604097229717146,6.020661537103922,6.366591789941941,0.01936910982424725,0.1584895328604503,9fdf9aa2,0.9690946886789764,490.4,0.0,34.9
0.22522825415464595,0.3012895873261021,U8,MN8014,10.645894454792158,7.149754626443746,CPG,CPG,0.951,0.945,0.13183334863325902,0.39094772702978947,0.25111305997168576,-1.4604097229717146,8.217990871983165,6.366591789941941,0.01936910982424725,0.1584895328604503,9fdf9aa2,0.9690946886789764,490.4,0.0,34.9
0.2585049600046827,0.2955675212099992,U8,MN8014,11.807912260193786,6.582470477716351,CPG,CPG,0.949,0.946,0.12248027966325921,0.4105898541972965,0.22802335422115674,-1.0243003070470027,15.00537395569276,12.066790593055076,0.09210593907372429,0.45307292315263703,28cfdb45,0.10841290978861373,483.3,1.2,35.2
0.2585049600046827,0.2955675212099992,U8,MN8014,11.807912260193786,6.582470477716351,CPG,CPG,0.949,0.946,0.12248027966325921,0.4105898541972965,0.22802335422115674,-1.0243003070470027,14.833893338153247,12.066790593055076,0.09210593907372429,0.45307292315263703,28cfdb45,0.10841290978861373,483.3,1.2,35.2
0.2585049600046827,0.2955675212099992,U8,MN8014,11.807912260193786,6.582470477716351,CPG,CPG,0.949,0.946,0.12248027966325921,0.4105898541972965,0.22802335422115674,-1.0243003070470027,14.466326440453084,12.066790593055076,0.09210593907372429,0.45307292315263703,28cfdb45,0.10841290978861373,483.3,1.2,35.2
0.2585049600046827,0.2955675212099992,U8,MN8014,11.807912260193786,6.582470477716351,CPG,CPG,0.949,0.946,0.12248027966325921,0.4105898541972965,0.22802335422115674,-1.0243003070470027,14.538597754330597,12.066790593055076,0.09210593907372429,0.45307292315263703,28cfdb45,0.10841290978861373,483.3,1.2,35.2
0.2585049600046827,0.2955675212099992,U8,MN8014,11.807912260193786,6.582470477716351,CPG,CPG,0.949,0.946,0.12248027966325921,0.4105898541972965,0.22802335422115674,-1.0243003070470027,14.751102835381042,12.066790593055076,0.09210593907372429,0.45307292315263703,28cfdb45,0.10841290978861373,483.3,1.2,35.2
0.24961614592845852,0.30081522987866227,U8,U12,11.120357773256455,5.375962872820122,CPG,SSPG,0.941,0.945,0.12374650632194997,0.36354710043319904,0.2139734585995182,-0.5893965225943695,11.897950352304733,14.351148466572099,0.19005777298467483,0.5348867221905185,efb7658d,0.1737312281247254,615.3,1.0,33.7
0.24961614592845852,0.30081522987866227,U8,U12,11.120357773256455,5.375962872820122,CPG,SSPG,0.941,0.945,0.12374650632194997,0.36354710043319904,0.2139734585995182,-0.5893965225943695,12.559846819449794,14.351148466572099,0.19005777298467483,0.5348867221905185,efb7658d,0.1737312281247254,615.3,1.0,33.7
0.24961614592845852,0.30081522987866227,U8,U12,11.120357773256455,5.375962872820122,CPG,SSPG,0.941,0.945,0.12374650632194997,0.36354710043319904,0.2139734585995182,-0.5893965225943695,12.618977413466641,14.351148466572099,0.19005777298467483,0.5348867221905185,efb7658d,0.1737312281247254,615.3,1.0,33.7
0.24961614592845852,0.30081522987866227,U8,U12,11.120357773256455,5.375962872820122,CPG,SSPG,0.941,0.945,0.12374650632194997,0.36354710043319904,0.2139734585995182,-0.5893965225943695,12.66478222921922,14.351148466572099,0.19005777298467483,0.5348867221905185,efb7658d,0.1737312281247254,615.3,1.0,33.7
0.24961614592845852,0.30081522987866227,U8,U12,11.120357773256455,5.375962872820122,CPG,SSPG,0.941,0.945,0.12374650632194997,0.36354710043319904,0.2139734585995182,-0.5893965225943695,12.802825486241634,14.351148466572099,0.19005777298467483,0.5348867221905185,efb7658d,0.1737312281247254,615.3,1.0,33.7
0.24709191598118765,0.28763304425805886,U8,MN8014,11.720338092065566,6.629978906193632,CPG,CPG,0.939,0.946,0.13448260962470088,0.37881634076892845,0.27895991309555107,-1.0103148796776937,8.833552527153087,5.804390870178996,0.01539535713448388,0.13834859502522617,ec854577,0.9530852555998313,446.8,1.2,35.5
0.24709191598118765,0.28763304425805886,U8,MN8014,11.720338092065566,6.629978906193632,CPG,CPG,0.939,0.946,0.13448260962470088,0.37881634076892845,0.27895991309555107,-1.0103148796776937,8.81369521414208,5.804390870178996,0.01539535713448388,0.13834859502522617,ec854577,0.9530852555998313,446.8,1.2,35.5
0.24709191598118765,0.28763304425805886,U8,MN8014,11.720338092065566,6.629978906193632,CPG,CPG,0.939,0.946,0.13448260962470088,0.37881634076892845,0.27895991309555107,-1.0103148796776937,8.842301950608553,5.804390870178996,0.01539535713448388,0.13834859502522617,ec854577,0.9530852555998313,446.8,1.2,35.5
0.24709191598118765,0.28763304425805886,U8,MN8014,11.720338092065566,6.629978906193632,CPG,CPG,0.939,0.946,0.13448260962470088,0.37881634076892845,0.27895991309555107,-1.0103148796776937,8.862423873002111,5.804390870178996,0.01539535713448388,0.13834859502522617,ec854577,0.9530852555998313,446.8,1.2,35.5
0.24709191598118765,0.28763304425805886,U8,MN8014,11.720338092065566,6.629978906193632,CPG,CPG,0.939,0.946,0.13448260962470088,0.37881634076892845,0.27895991309555107,-1.0103148796776937,8.878832002275056,5.804390870178996,0.01539535713448388,0.13834859502522617,ec854577,0.9530852555998313,446.8,1.2,35.5
0.2625651420734388,0.30946475656190064,U8,MN8014,12.974970829530221,5.303947341316502,CPG,CPG,0.936,0.952,0.11473074177002109,0.38021887963543083,0.2844430047066724,-0.7637175501291523,8.454121055407672,7.474201118019216,0.03331374816079169,0.19544051644694665,95c49e89,1.0315304691553733,540.8,0.2,35.5
0.2625651420734388,0.30946475656190064,U8,MN8014,12.974970829530221,5.303947341316502,CPG,CPG,0.936,0.952,0.11473074177002109,0.38021887963543083,0.2844430047066724,-0.7637175501291523,8.984895488524076,7.474201118019216,0.03331374816079169,0.19544051644694665,95c49e89,1.0315304691553733,540.8,0.2,35.5
0.2625651420734388,0.30946475656190064,U8,MN8014,12.974970829530221,5.303947341316502,CPG,CPG,0.936,0.952,0.11473074177002109,0.38021887963543083,0.2844430047066724,-0.7637175501291523,8.967792448177905,7.474201118019216,0.03331374816079169,0.19544051644694665,95c49e89,1.0315304691553733,540.8,0.2,35.5
0.2625651420734388,0.30946475656190064,U8,MN8014,12.974970829530221,5.303947341316502,CPG,CPG,0.936,0.952,0.11473074177002109,0.38021887963543083,0.2844430047066724,-0.7637175501291523,9.044175556290412,7.474201118019216,0.03331374816079169,0.19544051644694665,95c49e89,1.0315304691553733,540.8,0.2,35.5
0.2625651420734388,0.30946475656190064,U8,MN8014,12.974970829530221,5.303947341316502,CPG,CPG,0.936,0.952,0.11473074177002109,0.38021887963543083,0.2844430047066724,-0.7637175501291523,9.047968960976325,7.474201118019216,0.03331374816079169,0.19544051644694665,95c49e89,1.0315304691553733,540.8,0.2,35.5
0.25921357894964053,0.2965885414640641,U8,MN8014,12.293429362606899,5.679095078163163,CPG,SSPG,0.948,0.947,0.13663677866300095,0.38101663790323026,0.20048095368826796,-0.9618273895126451,15.92225139031407,13.387375112931586,0.11851410250358822,0.5269564347848098,a60aa1b3,-0.15478677771365223,481.2,1.0,32.5
0.25921357894964053,0.2965885414640641,U8,MN8014,12.293429362606899,5.679095078163163,CPG,SSPG,0.948,0.947,0.13663677866300095,0.38101663790323026,0.20048095368826796,-0.9618273895126451,15.717423178760557,13.387375112931586,0.11851410250358822,0.5269564347848098,a60aa1b3,-0.15478677771365223,481.2,1.0,32.5
0.25921357894964053,0.2965885414640641,U8,MN8014,12.293429362606899,5.679095078163163,CPG,SSPG,0.948,0.947,0.13663677866300095,0.38101663790323026,0.20048095368826796,-0.9618273895126451,15.779363762716262,13.387375112931586,0.11851410250358822,0.5269564347848098,a60aa1b3,-0.15478677771365223,481.2,1.0,32.5
0.25921357894964053,0.2965885414640641,U8,MN8014,12.293429362606899,5.679095078163163,CPG,SSPG,0.948,0.947,0.13663677866300095,0.38101663790323026,0.20048095368826796,-0.9618273895126451,15.765744464649421,13.387375112931586,0.11851410250358822,0.5269564347848098,a60aa1b3,-0.15478677771365223,481.2,1.0,32.5
0.25921357894964053,0.2965885414640641,U8,MN8014,12.293429362606899,5.679095078163163,CPG,SSPG,0.948,0.947,0.13663677866300095,0.38101663790323026,0.20048095368826796,-0.9618273895126451,14.738208797010415,13.387375112931586,0.11851410250358822,0.5269564347848098,a60aa1b3,-0.15478677771365223,481.2,1.0,32.5
0.2631082725727485,0.2932476700639831,U8,U12,10.337083254739996,6.340785753147886,CPG,SSPG,0.954,0.949,0.12781132328149145,0.4173840245015903,0.20273816432423614,-1.1439969678062751,10.939034427223007,11.256209064109544,0.11615708894087627,0.4119888428128092,f2876b72,0.2216759930417469,560.7,0.0,34.5
0.2631082725727485,0.2932476700639831,U8,U12,10.337083254739996,6.340785753147886,CPG,SSPG,0.954,0.949,0.12781132328149145,0.4173840245015903,0.20273816432423614,-1.1439969678062751,11.20103746217808,11.256209064109544,0.11615708894087627,0.4119888428128092,f2876b72,0.2216759930417469,560.7,0.0,34.5
0.2631082725727485,0.2932476700639831,U8,U12,10.337083254739996,6.340785753147886,CPG,SSPG,0.954,0.949,0.12781132328149145,0.4173840245015903,0.20273816432423614,-1.1439969678062751,11.251800094839927,11.256209064109544,0.11615708894087627,0.4119888428128092,f2876b72,0.2216759930417469,560.7,0.0,34.5
0.2631082725727485,0.2932476700639831,U8,U12,10.337083254739996,6.340785753147886,CPG,SSPG,0.954,0.949,0.12781132328149145,0.4173840245015903,0.20273816432423614,-1.1439969678062751,9.00603762594405,11.256209064109544,0.11615708894087627,0.4119888428128092,f2876b72,0.2216759930417469,560.7,0.0,34.5
0.2631082725727485,0.2932476700639831,U8,U12,10.337083254739996,6.340785753147886,CPG,SSPG,0.954,0.949,0.12781132328149145,0.4173840245015903,0.20273816432423614,-1.1439969678062751,10.622250404880418,11.256209064109544,0.11615708894087627,0.4119888428128092,f2876b72,0.2216759930417469,560.7,0.0,34.5
0.27804185689411065,0.274307975068651,U8,MN8014,11.26770187719552,5.685378466554537,CPG,SSPG,0.949,0.947,0.14740509494068132,0.37103895030699335,0.24596820929269647,-1.2842587302098374,7.293850171273506,5.5036849167957635,0.012193755814144572,0.13006075576775475,39659750,0.9163925475986994,504.3,0.6,34.1
0.27804185689411065,0.274307975068651,U8,MN8014,11.26770187719552,5.685378466554537,CPG,SSPG,0.949,0.947,0.14740509494068132,0.37103895030699335,0.24596820929269647,-1.2842587302098374,7.913918964757755,5.5036849167957635,0.012193755814144572,0.13006075576775475,39659750,0.9163925475986994,504.3,0.6,34.1
0.27804185689411065,0.274307975068651,U8,MN8014,11.26770187719552,5.685378466554537,CPG,SSPG,0.949,0.947,0.14740509494068132,0.37103895030699335,0.24596820929269647,-1.2842587302098374,8.040716174749672,5.5036849167957635,0.012193755814144572,0.13006075576775475,39659750,0.9163925475986994,504.3,0.6,34.1
0.27804185689411065,0.274307975068651,U8,MN8014,11.26770187719552,5.685378466554537,CPG,SSPG,0.949,0.947,0.14740509494068132,0.37103895030699335,0.24596820929269647,-1.2842587302098374,8.004964975123142,5.5036849167957635,0.012193755814144572,0.13006075576775475,39659750,0.9163925475986994,504.3,0.6,34.1
0.27804185689411065,0.274307975068651,U8,MN8014,11.26770187719552,5.685378466554537,CPG,SSPG,0.949,0.947,0.14740509494068132,0.37103895030699335,0.24596820929269647,-1.2842587302098374,8.245878652876788,5.5036849167957635,0.012193755814144572,0.13006075576775475,39659750,0.9163925475986994,504.3,0.6,34.1
0.2495768066626961,0.2863835372902845,U8,MN8014,12.934523020545045,5.913070937085757,CPG,SSPG,0.947,0.952,0.12860269862853746,0.40162738902521344,0.2839363366683515,-0.8358166564544174,8.602040101750356,10.579048960269496,0.061594876333119795,0.3461916378058343,c88d607b,0.6725929376120816,537.7,1.6,35.3
0.2495768066626961,0.2863835372902845,U8,MN8014,12.934523020545045,5.913070937085757,CPG,SSPG,0.947,0.952,0.12860269862853746,0.40162738902521344,0.2839363366683515,-0.8358166564544174,11.733789404398955,10.579048960269496,0.061594876333119795,0.3461916378058343,c88d607b,0.6725929376120816,537.7,1.6,35.3
0.2495768066626961,0.2863835372902845,U8,MN8014,12.934523020545045,5.913070937085757,CPG,SSPG,0.947,0.952,0.12860269862853746,0.40162738902521344,0.2839363366683515,-0.8358166564544174,10.923947662656008,10.579048960269496,0.061594876333119795,0.3461916378058343,c88d607b,0.6725929376120816,537.7,1.6,35.3
0.2495768066626961,0.2863835372902845,U8,MN8014,12.934523020545045,5.913070937085757,CPG,SSPG,0.947,0.952,0.12860269862853746,0.40162738902521344,0.2839363366683515,-0.8358166564544174,11.619331273180615,10.579048960269496,0.061594876333119795,0.3461916378058343,c88d607b,0.6725929376120816,537.7,1.6,35.3
0.2495768066626961,0.2863835372902845,U8,MN8014,12.934523020545045,5.913070937085757,CPG,SSPG,0.947,0.952,0.12860269862853746,0.40162738902521344,0.2839363366683515,-0.8358166564544174,11.469092376351158,10.579048960269496,0.061594876333119795,0.3461916378058343,c88d607b,0.6725929376120816,537.7,1.6,35.3
0.25890440954350824,0.29646137842019726,U10,MN8014,13.156745044418523,6.54190305887163,CPG,CPG,0.947,0.949,0.1293533708149321,0.39519720218310983,0.21447641815345614,-0.9956932185355566,14.943835639531178,15.947678608950122,0.12346487099014632,0.5771237336546277,6e0a36ff,0.38852675284678906,483.5,0.9,31.1
0.25890440954350824,0.29646137842019726,U10,MN8014,13.156745044418523,6.54190305887163,CPG,CPG,0.947,0.949,0.1293533708149321,0.39519720218310983,0.21447641815345614,-0.9956932185355566,16.085218652401117,15.947678608950122,0.12346487099014632,0.5771237336546277,6e0a36ff,0.38852675284678906,483.5,0.9,31.1
0.25890440954350824,0.29646137842019726,U10,MN8014,13.156745044418523,6.54190305887163,CPG,CPG,0.947,0.949,0.1293533708149321,0.39519720218310983,0.21447641815345614,-0.9956932185355566,16.099554282310677,15.947678608950122,0.12346487099014632,0.5771237336546277,6e0a36ff,0.38852675284678906,483.5,0.9,31.1
0.25890440954350824,0.29646137842019726,U10,MN8014,13.156745044418523,6.54190305887163,CPG,CPG,0.947,0.949,0.1293533708149321,0.39519720218310983,0.21447641815345614,-0.9956932185355566,17.009692883531887,15.947678608950122,0.12346487099014632,0.5771237336546277,6e0a36ff,0.38852675284678906,483.5,0.9,31.1
0.25890440954350824,0.29646137842019726,U10,MN8014,13.156745044418523,6.54190305887163,CPG,CPG,0.947,0.949,0.1293533708149321,0.39519720218310983,0.21447641815345614,-0.9956932185355566,17.01387733923654,15.947678608950122,0.12346487099014632,0.5771237336546277,6e0a36ff,0.38852675284678906,483.5,0.9,31.1
0.25855136200810425,0.3083002429290547,U8,U12,10.876368732911555,5.771970246125575,CPG,SSPG,0.949,0.962,0.13082641439341744,0.39976749664172395,0.21653910220226696,-1.0493755037231365,11.447191489420984,18.276256647486168,0.11511116942061311,0.4953894779251268,eb631da5,2.3243683353586215,586.2,0.1,38.5
0.25855136200810425,0.3083002429290547,U8,U12,10.876368732911555,5.771970246125575,CPG,SSPG,0.949,0.962,0.13082641439341744,0.39976749664172395,0.21653910220226696,-1.0493755037231365,11.566737747898657,18.276256647486168,0.11511116942061311,0.4953894779251268,eb631da5,2.3243683353586215,586.2,0.1,38.5
0.25855136200810425,0.3083002429290547,U8,U12,10.876368732911555,5.771970246125575,CPG,SSPG,0.949,0.962,0.13082641439341744,0.39976749664172395,0.21653910220226696,-1.0493755037231365,11.756464760375646,18.276256647486168,0.11511116942061311,0.4953894779251268,eb631da5,2.3243683353586215,586.2,0.1,38.5
0.25855136200810425,0.3083002429290547,U8,U12,10.876368732911555,5.771970246125575,CPG,SSPG,0.949,0.962,0.13082641439341744,0.39976749664172395,0.21653910220226696,-1.0493755037231365,11.886740172077225,18.276256647486168,0.11511116942061311,0.4953894779251268,eb631da5,2.3243683353586215,586.2,0.1,38.5
0.25855136200810425,0.3083002429290547,U8,U12,10.876368732911555,5.771970246125575,CPG,SSPG,0.949,0.962,0.13082641439341744,0.39976749664172395,0.21653910220226696,-1.0493755037231365,11.999249655347425,18.276256647486168,0.11511116942061311,0.4953894779251268,eb631da5,2.3243683353586215,586.2,0.1,38.5
0.2845505626651168,0.28145469574469284,U8,U12,9.237811709209275,5.9380502496784136,CPG,SSPG,0.95,0.955,0.12824092866234105,0.4014121421962808,0.20729599678650212,-0.8384492091398619,5.567146727996664,11.127154331837053,0.13969078248547734,0.36826780516376173,a51f2408,0.6605783506678495,487.1,1.7,31.3
0.2845505626651168,0.28145469574469284,U8,U12,9.237811709209275,5.9380502496784136,CPG,SSPG,0.95,0.955,0.12824092866234105,0.4014121421962808,0.20729599678650212,-0.8384492091398619,7.438680499063735,11.127154331837053,0.13969078248547734,0.36826780516376173,a51f2408,0.6605783506678495,487.1,1.7,31.3
0.2845505626651168,0.28145469574469284,U8,U12,9.237811709209275,5.9380502496784136,CPG,SSPG,0.95,0.955,0.12824092866234105,0.4014121421962808,0.20729599678650212,-0.8384492091398619,7.7703013706678865,11.127154331837053,0.13969078248547734,0.36826780516376173,a51f2408,0.6605783506678495,487.1,1.7,31.3
0.2845505626651168,0.28145469574469284,U8,U12,9.237811709209275,5.9380502496784136,CPG,SSPG,0.95,0.955,0.12824092866234105,0.4014121421962808,0.20729599678650212,-0.8384492091398619,7.849193692042129,11.127154331837053,0.13969078248547734,0.36826780516376173,a51f2408,0.6605783506678495,487.1,1.7,31.3
0.2845505626651168,0.28145469574469284,U8,U12,9.237811709209275,5.9380502496784136,CPG,SSPG,0.95,0.955,0.12824092866234105,0.4014121421962808,0.20729599678650212,-0.8384492091398619,7.913454215224071,11.127154331837053,0.13969078248547734,0.36826780516376173,a51f2408,0.6605783506678495,487.1,1.7,31.3
0.2482266798007834,0.25047320124591016,U10,MN8014,11.065736769356349,7.598097661226058,CPG,CPG,0.941,0.952,0.13528319518267812,0.37262256706369057,0.24232399340635058,-0.7517086454591793,5.821085327672422,6.853621444163944,0.02609011895633811,0.1494816869229349,103e14bb,1.2824374433513552,409.6,2.9,30.7
0.2482266798007834,0.25047320124591016,U10,MN8014,11.065736769356349,7.598097661226058,CPG,CPG,0.941,0.952,0.13528319518267812,0.37262256706369057,0.24232399340635058,-0.7517086454591793,6.232942015981842,6.853621444163944,0.02609011895633811,0.1494816869229349,103e14bb,1.2824374433513552,409.6,2.9,30.7
0.2482266798007834,0.25047320124591016,U10,MN8014,11.065736769356349,7.598097661226058,CPG,CPG,0.941,0.952,0.13528319518267812,0.37262256706369057,0.24232399340635058,-0.7517086454591793,6.251399772542586,6.853621444163944,0.02609011895633811,0.1494816869229349,103e14bb,1.2824374433513552,409.6,2.9,30.7
0.2482266798007834,0.25047320124591016,U10,MN8014,11.065736769356349,7.598097661226058,CPG,CPG,0.941,0.952,0.13528319518267812,0.37262256706369057,0.24232399340635058,-0.7517086454591793,6.040829349811768,6.853621444163944,0.02609011895633811,0.1494816869229349,103e14bb,1.2824374433513552,409.6,2.9,30.7
0.2482266798007834,0.25047320124591016,U10,MN8014,11.065736769356349,7.598097661226058,CPG,CPG,0.941,0.952,0.13528319518267812,0.37262256706369057,0.24232399340635058,-0.7517086454591793,6.236351891257906,6.853621444163944,0.02609011895633811,0.1494816869229349,103e14bb,1.2824374433513552,409.6,2.9,30.7
0.2939509114391898,0.28103872610898784,U10,MN8014,13.747436753522253,7.196561382338808,CPG,SSPG,0.935,0.96,0.12431889664180615,0.405388590747626,0.2373497148266958,-1.063863350997778,17.56888101017846,18.012522759841595,0.11523064527477032,0.5937675451840942,ee9ae0f8,1.0962851450239413,531.9,1.5,33.2
0.2939509114391898,0.28103872610898784,U10,MN8014,13.747436753522253,7.196561382338808,CPG,SSPG,0.935,0.96,0.12431889664180615,0.405388590747626,0.2373497148266958,-1.063863350997778,17.298096781567438,18.012522759841595,0.11523064527477032,0.5937675451840942,ee9ae0f8,1.0962851450239413,531.9,1.5,33.2
0.2939509114391898,0.28103872610898784,U10,MN8014,13.747436753522253,7.196561382338808,CPG,SSPG,0.935,0.96,0.12431889664180615,0.405388590747626,0.2373497148266958,-1.063863350997778,17.400586832647406,18.012522759841595,0.11523064527477032,0.5937675451840942,ee9ae0f8,1.0962851450239413,531.9,1.5,33.2
0.2939509114391898,0.28103872610898784,U10,MN8014,13.747436753522253,7.196561382338808,CPG,SSPG,0.935,0.96,0.12431889664180615,0.405388590747626,0.2373497148266958,-1.063863350997778,17.668721194703355,18.012522759841595,0.11523064527477032,0.5937675451840942,ee9ae0f8,1.0962851450239413,531.9,1.5,33.2
0.2939509114391898,0.28103872610898784,U10,MN8014,13.747436753522253,7.196561382338808,CPG,SSPG,0.935,0.96,0.12431889664180615,0.405388590747626,0.2373497148266958,-1.063863350997778,17.26045208707586,18.012522759841595,0.11523064527477032,0.5937675451840942,ee9ae0f8,1.0962851450239413,531.9,1.5,33.2
0.2490769694167898,0.29971341795918405,U10,MN8014,9.927626616540394,7.150464418192872,CPG,SSPG,0.945,0.96,0.1289348530708904,0.42136717435462856,0.23513463519328068,-0.6513535892708711,12.844205056074362,12.0122925289257,0.13839453434479768,0.4689295578567188,e8daff78,-0.09473372854744255,454.8,0.7,34.5
0.2490769694167898,0.29971341795918405,U10,MN8014,9.927626616540394,7.150464418192872,CPG,SSPG,0.945,0.96,0.1289348530708904,0.42136717435462856,0.23513463519328068,-0.6513535892708711,12.176723708158955,12.0122925289257,0.13839453434479768,0.4689295578567188,e8daff78,-0.09473372854744255,454.8,0.7,34.5
0.2490769694167898,0.29971341795918405,U10,MN8014,9.927626616540394,7.150464418192872,CPG,SSPG,0.945,0.96,0.1289348530708904,0.42136717435462856,0.23513463519328068,-0.6513535892708711,12.796988322565257,12.0122925289257,0.13839453434479768,0.4689295578567188,e8daff78,-0.09473372854744255,454.8,0.7,34.5
0.2490769694167898,0.29971341795918405,U10,MN8014,9.927626616540394,7.150464418192872,CPG,SSPG,0.945,0.96,0.1289348530708904,0.42136717435462856,0.23513463519328068,-0.6513535892708711,12.763935546953249,12.0122925289257,0.13839453434479768,0.4689295578567188,e8daff78,-0.09473372854744255,454.8,0.7,34.5
0.2490769694167898,0.29971341795918405,U10,MN8014,9.927626616540394,7.150464418192872,CPG,SSPG,0.945,0.96,0.1289348530708904,0.42136717435462856,0.23513463519328068,-0.6513535892708711,12.81391290905498,12.0122925289257,0.13839453434479768,0.4689295578567188,e8daff78,-0.09473372854744255,454.8,0.7,34.5
0.29189927935020366,0.29756573357260574,U8,U12,11.880148732632243,8.316652425919173,CPG,CPG,0.949,0.962,0.12977173154754335,0.43339249736204927,0.20267500107771955,-0.9154485994498365,10.538921305735492,13.489324815296666,0.15492991620616584,0.45886464330039395,5c9cb47e,0.6602458738551071,457.7,1.2,32.0
0.29189927935020366,0.29756573357260574,U8,U12,11.880148732632243,8.316652425919173,CPG,CPG,0.949,0.962,0.12977173154754335,0.43339249736204927,0.20267500107771955,-0.9154485994498365,10.493069430772419,13.489324815296666,0.15492991620616584,0.45886464330039395,5c9cb47e,0.6602458738551071,457.7,1.2,32.0
0.29189927935020366,0.29756573357260574,U8,U12,11.880148732632243,8.316652425919173,CPG,CPG,0.949,0.962,0.12977173154754335,0.43339249736204927,0.20267500107771955,-0.9154485994498365,10.422437920586455,13.489324815296666,0.15492991620616584,0.45886464330039395,5c9cb47e,0.6602458738551071,457.7,1.2,32.0
0.29189927935020366,0.29756573357260574,U8,U12,11.880148732632243,8.316652425919173,CPG,CPG,0.949,0.962,0.12977173154754335,0.43339249736204927,0.20267500107771955,-0.9154485994498365,10.176217337655334,13.489324815296666,0.15492991620616584,0.45886464330039395,5c9cb47e,0.6602458738551071,457.7,1.2,32.0
0.29189927935020366,0.29756573357260574,U8,U12,11.880148732632243,8.316652425919173,CPG,CPG,0.949,0.962,0.12977173154754335,0.43339249736204927,0.20267500107771955,-0.9154485994498365,10.312588726522362,13.489324815296666,0.15492991620616584,0.45886464330039395,5c9cb47e,0.6602458738551071,457.7,1.2,32.0
0.25588180774781366,0.3001925174563521,U10,U12,11.812028636398379,6.707270503706461,CPG,CPG,0.949,0.954,0.13909190005532665,0.4067282374615152,0.2132446179586637,-0.5998836838213186,10.50574437530656,13.76328210193181,0.1408351495916962,0.459742036546324,a6d1415e,0.7692141597623472,434.7,2.2,31.2
0.25588180774781366,0.3001925174563521,U10,U12,11.812028636398379,6.707270503706461,CPG,CPG,0.949,0.954,0.13909190005532665,0.4067282374615152,0.2132446179586637,-0.5998836838213186,10.528631832476428,13.76328210193181,0.1408351495916962,0.459742036546324,a6d1415e,0.7692141597623472,434.7,2.2,31.2
0.25588180774781366,0.3001925174563521,U10,U12,11.812028636398379,6.707270503706461,CPG,CPG,0.949,0.954,0.13909190005532665,0.4067282374615152,0.2132446179586637,-0.5998836838213186,8.686926406133937,13.76328210193181,0.1408351495916962,0.459742036546324,a6d1415e,0.7692141597623472,434.7,2.2,31.2
0.25588180774781366,0.3001925174563521,U10,U12,11.812028636398379,6.707270503706461,CPG,CPG,0.949,0.954,0.13909190005532665,0.4067282374615152,0.2132446179586637,-0.5998836838213186,10.101512178899027,13.76328210193181,0.1408351495916962,0.459742036546324,a6d1415e,0.7692141597623472,434.7,2.2,31.2
0.25588180774781366,0.3001925174563521,U10,U12,11.812028636398379,6.707270503706461,CPG,CPG,0.949,0.954,0.13909190005532665,0.4067282374615152,0.2132446179586637,-0.5998836838213186,10.367360026529422,13.76328210193181,0.1408351495916962,0.459742036546324,a6d1415e,0.7692141597623472,434.7,2.2,31.2
0.23878171189193442,0.3068370805148959,U8,MN8014,8.670741482214584,7.317656233861365,CPG,SSPG,0.953,0.96,0.14128153133099902,0.4469633403996383,0.3270068543228537,-0.5710602479009482,7.969415500160874,10.570353668770762,0.0716740438326399,0.26919813600714027,f7440d30,1.5403701358095723,451.9,1.2,34.5
0.23878171189193442,0.3068370805148959,U8,MN8014,8.670741482214584,7.317656233861365,CPG,SSPG,0.953,0.96,0.14128153133099902,0.4469633403996383,0.3270068543228537,-0.5710602479009482,7.964805684548589,10.570353668770762,0.0716740438326399,0.26919813600714027,f7440d30,1.5403701358095723,451.9,1.2,34.5
0.23878171189193442,0.3068370805148959,U8,MN8014,8.670741482214584,7.317656233861365,CPG,SSPG,0.953,0.96,0.14128153133099902,0.4469633403996383,0.3270068543228537,-0.5710602479009482,7.969415500160874,10.570353668770762,0.0716740438326399,0.26919813600714027,f7440d30,1.5403701358095723,451.9,1.2,34.5
0.23878171189193442,0.3068370805148959,U8,MN8014,8.670741482214584,7.317656233861365,CPG,SSPG,0.953,0.96,0.14128153133099902,0.4469633403996383,0.3270068543228537,-0.5710602479009482,7.961099216984724,10.570353668770762,0.0716740438326399,0.26919813600714027,f7440d30,1.5403701358095723,451.9,1.2,34.5
0.23878171189193442,0.3068370805148959,U8,MN8014,8.670741482214584,7.317656233861365,CPG,SSPG,0.953,0.96,0.14128153133099902,0.4469633403996383,0.3270068543228537,-0.5710602479009482,7.959808379607279,10.570353668770762,0.0716740438326399,0.26919813600714027,f7440d30,1.5403701358095723,451.9,1.2,34.5
0.2668762076277831,0.2924893084196363,U8,MN8014,9.593963618493682,7.303384970821732,CPG,SSPG,0.95,0.96,0.12527022445820335,0.4121250355006265,0.22655996360491787,-1.2816336598641143,7.191399946091617,16.092731477066167,0.04595733116858489,0.26548813387219056,7cc174de,3.979133810555064,467.6,1.2,32.9
0.2668762076277831,0.2924893084196363,U8,MN8014,9.593963618493682,7.303384970821732,CPG,SSPG,0.95,0.96,0.12527022445820335,0.4121250355006265,0.22655996360491787,-1.2816336598641143,7.428538638109836,16.092731477066167,0.04595733116858489,0.26548813387219056,7cc174de,3.979133810555064,467.6,1.2,32.9
0.2668762076277831,0.2924893084196363,U8,MN8014,9.593963618493682,7.303384970821732,CPG,SSPG,0.95,0.96,0.12527022445820335,0.4121250355006265,0.22655996360491787,-1.2816336598641143,8.219144690788113,16.092731477066167,0.04595733116858489,0.26548813387219056,7cc174de,3.979133810555064,467.6,1.2,32.9
0.2668762076277831,0.2924893084196363,U8,MN8014,9.593963618493682,7.303384970821732,CPG,SSPG,0.95,0.96,0.12527022445820335,0.4121250355006265,0.22655996360491787,-1.2816336598641143,7.921646606667646,16.092731477066167,0.04595733116858489,0.26548813387219056,7cc174de,3.979133810555064,467.6,1.2,32.9
0.2668762076277831,0.2924893084196363,U8,MN8014,9.593963618493682,7.303384970821732,CPG,SSPG,0.95,0.96,0.12527022445820335,0.4121250355006265,0.22655996360491787,-1.2816336598641143,6.674206385997916,16.092731477066167,0.04595733116858489,0.26548813387219056,7cc174de,3.979133810555064,467.6,1.2,32.9
0.2679536566444432,0.29722297158230115,U8,MN8014,12.844271531879807,9.650580359844202,CPG,CPG,0.944,0.95,0.13451543397934024,0.4180919324299391,0.22684114152762042,-0.744946083037059,15.220183020442068,14.322088060455066,0.15718208415443993,0.5628664561907792,a183fc5d,-0.15560627167027974,482.7,1.1,35.9
0.2679536566444432,0.29722297158230115,U8,MN8014,12.844271531879807,9.650580359844202,CPG,CPG,0.944,0.95,0.13451543397934024,0.4180919324299391,0.22684114152762042,-0.744946083037059,14.734578019939647,14.322088060455066,0.15718208415443993,0.5628664561907792,a183fc5d,-0.15560627167027974,482.7,1.1,35.9
0.2679536566444432,0.29722297158230115,U8,MN8014,12.844271531879807,9.650580359844202,CPG,CPG,0.944,0.95,0.13451543397934024,0.4180919324299391,0.22684114152762042,-0.744946083037059,14.136640072016396,14.322088060455066,0.15718208415443993,0.5628664561907792,a183fc5d,-0.15560627167027974,482.7,1.1,35.9
0.2679536566444432,0.29722297158230115,U8,MN8014,12.844271531879807,9.650580359844202,CPG,CPG,0.944,0.95,0.13451543397934024,0.4180919324299391,0.22684114152762042,-0.744946083037059,14.765634658645231,14.322088060455066,0.15718208415443993,0.5628664561907792,a183fc5d,-0.15560627167027974,482.7,1.1,35.9
0.2679536566444432,0.29722297158230115,U8,MN8014,12.844271531879807,9.650580359844202,CPG,CPG,0.944,0.95,0.13451543397934024,0.4180919324299391,0.22684114152762042,-0.744946083037059,14.81204766207076,14.322088060455066,0.15718208415443993,0.5628664561907792,a183fc5d,-0.15560627167027974,482.7,1.1,35.9
0.26618226111319104,0.30970537259270675,U10,MN8014,10.799321274408847,7.814751894214653,CPG,CPG,0.945,0.948,0.12410550458574317,0.3745578486756957,0.20174757044238706,-0.8031080002786718,15.299031743044376,17.17675247235866,0.14362597375974703,0.6176727860697862,2007fe11,0.462949936775618,492.4,2.3,32.8
0.26618226111319104,0.30970537259270675,U10,MN8014,10.799321274408847,7.814751894214653,CPG,CPG,0.945,0.948,0.12410550458574317,0.3745578486756957,0.20174757044238706,-0.8031080002786718,15.468018229984526,17.17675247235866,0.14362597375974703,0.6176727860697862,2007fe11,0.462949936775618,492.4,2.3,32.8
0.26618226111319104,0.30970537259270675,U10,MN8014,10.799321274408847,7.814751894214653,CPG,CPG,0.945,0.948,0.12410550458574317,0.3745578486756957,0.20174757044238706,-0.8031080002786718,15.57776798051596,17.17675247235866,0.14362597375974703,0.6176727860697862,2007fe11,0.462949936775618,492.4,2.3,32.8
0.26618226111319104,0.30970537259270675,U10,MN8014,10.799321274408847,7.814751894214653,CPG,CPG,0.945,0.948,0.12410550458574317,0.3745578486756957,0.20174757044238706,-0.8031080002786718,15.580578532960754,17.17675247235866,0.14362597375974703,0.6176727860697862,2007fe11,0.462949936775618,492.4,2.3,32.8
0.26618226111319104,0.30970537259270675,U10,MN8014,10.799321274408847,7.814751894214653,CPG,CPG,0.945,0.948,0.12410550458574317,0.3745578486756957,0.20174757044238706,-0.8031080002786718,15.625497209310304,17.17675247235866,0.14362597375974703,0.6176727860697862,2007fe11,0.462949936775618,492.4,2.3,32.8
0.2522300501406033,0.29902010533515777,U8,MN8014,9.929603006393535,7.757701167919332,CPG,CPG,0.945,0.948,0.12566005025454924,0.4042187779913251,0.270513588819726,-0.477349627850884,10.667394003475618,10.539258715235185,0.12951172112752055,0.4324940884301748,7e705dc9,-0.3216029072126698,514.2,0.6,35.7
0.2522300501406033,0.29902010533515777,U8,MN8014,9.929603006393535,7.757701167919332,CPG,CPG,0.945,0.948,0.12566005025454924,0.4042187779913251,0.270513588819726,-0.477349627850884,10.94736779104202,10.539258715235185,0.12951172112752055,0.4324940884301748,7e705dc9,-0.3216029072126698,514.2,0.6,35.7
0.2522300501406033,0.29902010533515777,U8,MN8014,9.929603006393535,7.757701167919332,CPG,CPG,0.945,0.948,0.12566005025454924,0.4042187779913251,0.270513588819726,-0.477349627850884,10.483616911681795,10.539258715235185,0.12951172112752055,0.4324940884301748,7e705dc9,-0.3216029072126698,514.2,0.6,35.7
0.2522300501406033,0.29902010533515777,U8,MN8014,9.929603006393535,7.757701167919332,CPG,CPG,0.945,0.948,0.12566005025454924,0.4042187779913251,0.270513588819726,-0.477349627850884,10.571779737041995,10.539258715235185,0.12951172112752055,0.4324940884301748,7e705dc9,-0.3216029072126698,514.2,0.6,35.7
0.2522300501406033,0.29902010533515777,U8,MN8014,9.929603006393535,7.757701167919332,CPG,CPG,0.945,0.948,0.12566005025454924,0.4042187779913251,0.270513588819726,-0.477349627850884,10.897714048462891,10.539258715235185,0.12951172112752055,0.4324940884301748,7e705dc9,-0.3216029072126698,514.2,0.6,35.7
0.2598542870117877,0.29264121992826375,U10,MN8014,10.648671885721331,8.524797581765373,CPG,CPG,0.951,0.956,0.1223514255207939,0.4189537087708145,0.27077839060921505,-0.44957463523821173,8.02995501928927,12.165156030476773,0.09871919917978896,0.3712618201376471,c124a526,1.0771898171930872,399.3,1.0,32.0
0.2598542870117877,0.29264121992826375,U10,MN8014,10.648671885721331,8.524797581765373,CPG,CPG,0.951,0.956,0.1223514255207939,0.4189537087708145,0.27077839060921505,-0.44957463523821173,8.580902387988239,12.165156030476773,0.09871919917978896,0.3712618201376471,c124a526,1.0771898171930872,399.3,1.0,32.0
0.2598542870117877,0.29264121992826375,U10,MN8014,10.648671885721331,8.524797581765373,CPG,CPG,0.951,0.956,0.1223514255207939,0.4189537087708145,0.27077839060921505,-0.44957463523821173,8.589990772514266,12.165156030476773,0.09871919917978896,0.3712618201376471,c124a526,1.0771898171930872,399.3,1.0,32.0
0.2598542870117877,0.29264121992826375,U10,MN8014,10.648671885721331,8.524797581765373,CPG,CPG,0.951,0.956,0.1223514255207939,0.4189537087708145,0.27077839060921505,-0.44957463523821173,8.557512830626507,12.165156030476773,0.09871919917978896,0.3712618201376471,c124a526,1.0771898171930872,399.3,1.0,32.0
0.2598542870117877,0.29264121992826375,U10,MN8014,10.648671885721331,8.524797581765373,CPG,CPG,0.951,0.956,0.1223514255207939,0.4189537087708145,0.27077839060921505,-0.44957463523821173,8.368317760817137,12.165156030476773,0.09871919917978896,0.3712618201376471,c124a526,1.0771898171930872,399.3,1.0,32.0
0.2677410363231607,0.33150761124085887,U10,MN8014,9.710895418496065,7.212330654017009,CPG,SSPG,0.95,0.96,0.13490296070158775,0.42065255191937434,0.20674153627298342,-0.7532774825052123,15.554187058285342,18.232037563902516,0.2360345753572445,0.6908799655784649,04ebb89c,0.09226358875422402,481.8,0.6,34.0
0.2677410363231607,0.33150761124085887,U10,MN8014,9.710895418496065,7.212330654017009,CPG,SSPG,0.95,0.96,0.13490296070158775,0.42065255191937434,0.20674153627298342,-0.7532774825052123,15.031905771243101,18.232037563902516,0.2360345753572445,0.6908799655784649,04ebb89c,0.09226358875422402,481.8,0.6,34.0
0.2677410363231607,0.33150761124085887,U10,MN8014,9.710895418496065,7.212330654017009,CPG,SSPG,0.95,0.96,0.13490296070158775,0.42065255191937434,0.20674153627298342,-0.7532774825052123,15.152085561168226,18.232037563902516,0.2360345753572445,0.6908799655784649,04ebb89c,0.09226358875422402,481.8,0.6,34.0
0.2677410363231607,0.33150761124085887,U10,MN8014,9.710895418496065,7.212330654017009,CPG,SSPG,0.95,0.96,0.13490296070158775,0.42065255191937434,0.20674153627298342,-0.7532774825052123,15.514879576521325,18.232037563902516,0.2360345753572445,0.6908799655784649,04ebb89c,0.09226358875422402,481.8,0.6,34.0
0.2677410363231607,0.33150761124085887,U10,MN8014,9.710895418496065,7.212330654017009,CPG,SSPG,0.95,0.96,0.13490296070158775,0.42065255191937434,0.20674153627298342,-0.7532774825052123,15.641334768116772,18.232037563902516,0.2360345753572445,0.6908799655784649,04ebb89c,0.09226358875422402,481.8,0.6,34.0
0.26690930857990136,0.27456763098008197,U10,MN8014,10.520131971845792,8.08661714471056,CPG,CPG,0.944,0.959,0.1332859803340561,0.4376614110880096,0.30337644055188895,-0.8091685121764303,6.767081503503583,7.491887876236399,0.02753097840959305,0.15623177774197244,b099d62c,1.4830417794817803,415.1,2.1,37.3
0.26690930857990136,0.27456763098008197,U10,MN8014,10.520131971845792,8.08661714471056,CPG,CPG,0.944,0.959,0.1332859803340561,0.4376614110880096,0.30337644055188895,-0.8091685121764303,6.741531160278865,7.491887876236399,0.02753097840959305,0.15623177774197244,b099d62c,1.4830417794817803,415.1,2.1,37.3
0.26690930857990136,0.27456763098008197,U10,MN8014,10.520131971845792,8.08661714471056,CPG,CPG,0.944,0.959,0.1332859803340561,0.4376614110880096,0.30337644055188895,-0.8091685121764303,7.076114360026629,7.491887876236399,0.02753097840959305,0.15623177774197244,b099d62c,1.4830417794817803,415.1,2.1,37.3
0.26690930857990136,0.27456763098008197,U10,MN8014,10.520131971845792,8.08661714471056,CPG,CPG,0.944,0.959,0.1332859803340561,0.4376614110880096,0.30337644055188895,-0.8091685121764303,7.0962678987921635,7.491887876236399,0.02753097840959305,0.15623177774197244,b099d62c,1.4830417794817803,415.1,2.1,37.3
0.26690930857990136,0.27456763098008197,U10,MN8014,10.520131971845792,8.08661714471056,CPG,CPG,0.944,0.959,0.1332859803340561,0.4376614110880096,0.30337644055188895,-0.8091685121764303,7.067261680851868,7.491887876236399,0.02753097840959305,0.15623177774197244,b099d62c,1.4830417794817803,415.1,2.1,37.3
0.2542180621969025,0.2929065447000414,U10,MN8014,9.764293243991295,7.343251888588172,CPG,SSPG,0.952,0.96,0.12742290250440053,0.4120175997053609,0.20644354636134107,-0.9559594070033622,18.820459653270945,17.60495066707505,0.16371366223058018,0.671007999551329,b1b4ac91,0.04504828569610897,523.9,0.3,36.9
0.2542180621969025,0.2929065447000414,U10,MN8014,9.764293243991295,7.343251888588172,CPG,SSPG,0.952,0.96,0.12742290250440053,0.4120175997053609,0.20644354636134107,-0.9559594070033622,18.87561978330508,17.60495066707505,0.16371366223058018,0.671007999551329,b1b4ac91,0.04504828569610897,523.9,0.3,36.9
0.2542180621969025,0.2929065447000414,U10,MN8014,9.764293243991295,7.343251888588172,CPG,SSPG,0.952,0.96,0.12742290250440053,0.4120175997053609,0.20644354636134107,-0.9559594070033622,18.85235510493303,17.60495066707505,0.16371366223058018,0.671007999551329,b1b4ac91,0.04504828569610897,523.9,0.3,36.9
0.2542180621969025,0.2929065447000414,U10,MN8014,9.764293243991295,7.343251888588172,CPG,SSPG,0.952,0.96,0.12742290250440053,0.4120175997053609,0.20644354636134107,-0.9559594070033622,18.79494558376777,17.60495066707505,0.16371366223058018,0.671007999551329,b1b4ac91,0.04504828569610897,523.9,0.3,36.9
0.2542180621969025,0.2929065447000414,U10,MN8014,9.764293243991295,7.343251888588172,CPG,SSPG,0.952,0.96,0.12742290250440053,0.4120175997053609,0.20644354636134107,-0.9559594070033622,18.819201180542542,17.60495066707505,0.16371366223058018,0.671007999551329,b1b4ac91,0.04504828569610897,523.9,0.3,36.9
0.27620397899708693,0.2945963423730937,U8,MN8014,12.500345745198334,7.139039020011387,CPG,CPG,0.945,0.945,0.12648684327492815,0.39207254503105954,0.24742119562119164,-0.8549722493753595,14.112565791242885,13.290647098688666,0.13749257825346506,0.529616905642699,7b284285,-0.22688370119235568,598.9,0.8,32.6
0.27620397899708693,0.2945963423730937,U8,MN8014,12.500345745198334,7.139039020011387,CPG,CPG,0.945,0.945,0.12648684327492815,0.39207254503105954,0.24742119562119164,-0.8549722493753595,14.07723943627523,13.290647098688666,0.13749257825346506,0.529616905642699,7b284285,-0.22688370119235568,598.9,0.8,32.6
0.27620397899708693,0.2945963423730937,U8,MN8014,12.500345745198334,7.139039020011387,CPG,CPG,0.945,0.945,0.12648684327492815,0.39207254503105954,0.24742119562119164,-0.8549722493753595,14.082326240346864,13.290647098688666,0.13749257825346506,0.529616905642699,7b284285,-0.22688370119235568,598.9,0.8,32.6
0.27620397899708693,0.2945963423730937,U8,MN8014,12.500345745198334,7.139039020011387,CPG,CPG,0.945,0.945,0.12648684327492815,0.39207254503105954,0.24742119562119164,-0.8549722493753595,14.097608733871049,13.290647098688666,0.13749257825346506,0.529616905642699,7b284285,-0.22688370119235568,598.9,0.8,32.6
0.27620397899708693,0.2945963423730937,U8,MN8014,12.500345745198334,7.139039020011387,CPG,CPG,0.945,0.945,0.12648684327492815,0.39207254503105954,0.24742119562119164,-0.8549722493753595,14.079113094378146,13.290647098688666,0.13749257825346506,0.529616905642699,7b284285,-0.22688370119235568,598.9,0.8,32.6
0.2683977904778266,0.2951289108697186,U8,MN8014,10.42055172718202,6.826682281658479,CPG,CPG,0.953,0.958,0.13288089062649514,0.4024623610303506,0.20011657848517114,-0.8408839154710027,11.984540752010762,11.048115759564055,0.13359490977842287,0.4488705265274951,33401b26,-0.2861318653775431,462.7,0.9,33.7
0.2683977904778266,0.2951289108697186,U8,MN8014,10.42055172718202,6.826682281658479,CPG,CPG,0.953,0.958,0.13288089062649514,0.4024623610303506,0.20011657848517114,-0.8408839154710027,11.71372052372596,11.048115759564055,0.13359490977842287,0.4488705265274951,33401b26,-0.2861318653775431,462.7,0.9,33.7
0.2683977904778266,0.2951289108697186,U8,MN8014,10.42055172718202,6.826682281658479,CPG,CPG,0.953,0.958,0.13288089062649514,0.4024623610303506,0.20011657848517114,-0.8408839154710027,11.762901551328794,11.048115759564055,0.13359490977842287,0.4488705265274951,33401b26,-0.2861318653775431,462.7,0.9,33.7
0.2683977904778266,0.2951289108697186,U8,MN8014,10.42055172718202,6.826682281658479,CPG,CPG,0.953,0.958,0.13288089062649514,0.4024623610303506,0.20011657848517114,-0.8408839154710027,11.760991035084825,11.048115759564055,0.13359490977842287,0.4488705265274951,33401b26,-0.2861318653775431,462.7,0.9,33.7
0.2683977904778266,0.2951289108697186,U8,MN8014,10.42055172718202,6.826682281658479,CPG,CPG,0.953,0.958,0.13288089062649514,0.4024623610303506,0.20011657848517114,-0.8408839154710027,11.688340492915591,11.048115759564055,0.13359490977842287,0.4488705265274951,33401b26,-0.2861318653775431,462.7,0.9,33.7
0.2591686515781251,0.3183915157816396,U10,MN8014,11.134391859260985,7.879136020007179,CPG,CPG,0.941,0.941,0.13001482160017186,0.40553192121876547,0.20811055406449291,-0.854023002798273,17.40184824588877,18.993620006967095,0.18025222504653965,0.7216679777474734,fc5396d1,0.07428384471793947,514.5,1.3,37.9
0.2591686515781251,0.3183915157816396,U10,MN8014,11.134391859260985,7.879136020007179,CPG,CPG,0.941,0.941,0.13001482160017186,0.40553192121876547,0.20811055406449291,-0.854023002798273,17.898123710889074,18.993620006967095,0.18025222504653965,0.7216679777474734,fc5396d1,0.07428384471793947,514.5,1.3,37.9
0.2591686515781251,0.3183915157816396,U10,MN8014,11.134391859260985,7.879136020007179,CPG,CPG,0.941,0.941,0.13001482160017186,0.40553192121876547,0.20811055406449291,-0.854023002798273,17.93173550949425,18.993620006967095,0.18025222504653965,0.7216679777474734,fc5396d1,0.07428384471793947,514.5,1.3,37.9
0.2591686515781251,0.3183915157816396,U10,MN8014,11.134391859260985,7.879136020007179,CPG,CPG,0.941,0.941,0.13001482160017186,0.40553192121876547,0.20811055406449291,-0.854023002798273,18.089914153522418,18.993620006967095,0.18025222504653965,0.7216679777474734,fc5396d1,0.07428384471793947,514.5,1.3,37.9
0.2591686515781251,0.3183915157816396,U10,MN8014,11.134391859260985,7.879136020007179,CPG,CPG,0.941,0.941,0.13001482160017186,0.40553192121876547,0.20811055406449291,-0.854023002798273,18.138913339714264,18.993620006967095,0.18025222504653965,0.7216679777474734,fc5396d1,0.07428384471793947,514.5,1.3,37.9
0.2525428752904133,0.28119913585009204,U10,MN8014,9.117959372709565,6.589767000865949,CPG,CPG,0.945,0.946,0.11307296276862641,0.4095911006146091,0.20356045784168889,-0.5003605480154012,10.538335829792763,12.365595745277338,0.19700891315453764,0.4380705369157046,fe9e205c,0.4079213456294246,491.4,1.5,34.2
0.2525428752904133,0.28119913585009204,U10,MN8014,9.117959372709565,6.589767000865949,CPG,CPG,0.945,0.946,0.11307296276862641,0.4095911006146091,0.20356045784168889,-0.5003605480154012,10.491760342536244,12.365595745277338,0.19700891315453764,0.4380705369157046,fe9e205c,0.4079213456294246,491.4,1.5,34.2
0.2525428752904133,0.28119913585009204,U10,MN8014,9.117959372709565,6.589767000865949,CPG,CPG,0.945,0.946,0.11307296276862641,0.4095911006146091,0.20356045784168889,-0.5003605480154012,10.648945510786803,12.365595745277338,0.19700891315453764,0.4380705369157046,fe9e205c,0.4079213456294246,491.4,1.5,34.2
0.2525428752904133,0.28119913585009204,U10,MN8014,9.117959372709565,6.589767000865949,CPG,CPG,0.945,0.946,0.11307296276862641,0.4095911006146091,0.20356045784168889,-0.5003605480154012,10.538698495352326,12.365595745277338,0.19700891315453764,0.4380705369157046,fe9e205c,0.4079213456294246,491.4,1.5,34.2
0.2525428752904133,0.28119913585009204,U10,MN8014,9.117959372709565,6.589767000865949,CPG,CPG,0.945,0.946,0.11307296276862641,0.4095911006146091,0.20356045784168889,-0.5003605480154012,10.418999638605323,12.365595745277338,0.19700891315453764,0.4380705369157046,fe9e205c,0.4079213456294246,491.4,1.5,34.2
0.2677545499668357,0.3139793005417062,U8,MN8014,9.171374791403144,8.236359337217856,CPG,CPG,0.95,0.942,0.13179845352826036,0.4212187604505513,0.2697180855565505,-0.5391249497411286,9.430980702190816,10.040364008766556,0.1445196026299575,0.41066088474400564,c861ebe4,-0.2909806996804214,512.9,1.1,35.9
0.2677545499668357,0.3139793005417062,U8,MN8014,9.171374791403144,8.236359337217856,CPG,CPG,0.95,0.942,0.13179845352826036,0.4212187604505513,0.2697180855565505,-0.5391249497411286,9.754536757270564,10.040364008766556,0.1445196026299575,0.41066088474400564,c861ebe4,-0.2909806996804214,512.9,1.1,35.9
0.2677545499668357,0.3139793005417062,U8,MN8014,9.171374791403144,8.236359337217856,CPG,CPG,0.95,0.942,0.13179845352826036,0.4212187604505513,0.2697180855565505,-0.5391249497411286,9.741517026509902,10.040364008766556,0.1445196026299575,0.41066088474400564,c861ebe4,-0.2909806996804214,512.9,1.1,35.9
0.2677545499668357,0.3139793005417062,U8,MN8014,9.171374791403144,8.236359337217856,CPG,CPG,0.95,0.942,0.13179845352826036,0.4212187604505513,0.2697180855565505,-0.5391249497411286,10.052154021157408,10.040364008766556,0.1445196026299575,0.41066088474400564,c861ebe4,-0.2909806996804214,512.9,1.1,35.9
0.2677545499668357,0.3139793005417062,U8,MN8014,9.171374791403144,8.236359337217856,CPG,CPG,0.95,0.942,0.13179845352826036,0.4212187604505513,0.2697180855565505,-0.5391249497411286,10.177960382937753,10.040364008766556,0.1445196026299575,0.41066088474400564,c861ebe4,-0.2909806996804214,512.9,1.1,35.9
0.2693062944605944,0.3189081973579201,U8,MN8014,10.951703502035663,6.324308577343064,CPG,SSPG,0.939,0.949,0.11941147686116993,0.39698812588126475,0.20124265716956644,-0.7117401256381415,12.219331301593254,12.16463217487498,0.16873308955352434,0.5179875148351861,df93c880,-0.5839430602138505,499.4,1.3,40.4
0.2693062944605944,0.3189081973579201,U8,MN8014,10.951703502035663,6.324308577343064,CPG,SSPG,0.939,0.949,0.11941147686116993,0.39698812588126475,0.20124265716956644,-0.7117401256381415,12.39599868441843,12.16463217487498,0.16873308955352434,0.5179875148351861,df93c880,-0.5839430602138505,499.4,1.3,40.4
0.2693062944605944,0.3189081973579201,U8,MN8014,10.951703502035663,6.324308577343064,CPG,SSPG,0.939,0.949,0.11941147686116993,0.39698812588126475,0.20124265716956644,-0.7117401256381415,12.771493686098538,12.16463217487498,0.16873308955352434,0.5179875148351861,df93c880,-0.5839430602138505,499.4,1.3,40.4
0.2693062944605944,0.3189081973579201,U8,MN8014,10.951703502035663,6.324308577343064,CPG,SSPG,0.939,0.949,0.11941147686116993,0.39698812588126475,0.20124265716956644,-0.7117401256381415,12.93890314821621,12.16463217487498,0.16873308955352434,0.5179875148351861,df93c880,-0.5839430602138505,499.4,1.3,40.4
0.2693062944605944,0.3189081973579201,U8,MN8014,10.951703502035663,6.324308577343064,CPG,SSPG,0.939,0.949,0.11941147686116993,0.39698812588126475,0.20124265716956644,-0.7117401256381415,12.531274040071063,12.16463217487498,0.16873308955352434,0.5179875148351861,df93c880,-0.5839430602138505,499.4,1.3,40.4
0.23274354549397666,0.314200126917119,U8,MN8014,9.801054862074837,7.543468089763504,CPG,CPG,0.952,0.951,0.12081609216186116,0.4106245252546299,0.21873955247329263,-0.7209825265772356,11.36739214160413,12.058618231210957,0.19716182089171935,0.45983378645937195,a33ef96b,0.02833440256506936,603.8,0.9,36.2
0.23274354549397666,0.314200126917119,U8,MN8014,9.801054862074837,7.543468089763504,CPG,CPG,0.952,0.951,0.12081609216186116,0.4106245252546299,0.21873955247329263,-0.7209825265772356,11.01229703196712,12.058618231210957,0.19716182089171935,0.45983378645937195,a33ef96b,0.02833440256506936,603.8,0.9,36.2
0.23274354549397666,0.314200126917119,U8,MN8014,9.801054862074837,7.543468089763504,CPG,CPG,0.952,0.951,0.12081609216186116,0.4106245252546299,0.21873955247329263,-0.7209825265772356,10.465590216843689,12.058618231210957,0.19716182089171935,0.45983378645937195,a33ef96b,0.02833440256506936,603.8,0.9,36.2
0.23274354549397666,0.314200126917119,U8,MN8014,9.801054862074837,7.543468089763504,CPG,CPG,0.952,0.951,0.12081609216186116,0.4106245252546299,0.21873955247329263,-0.7209825265772356,10.510761487344082,12.058618231210957,0.19716182089171935,0.45983378645937195,a33ef96b,0.02833440256506936,603.8,0.9,36.2
0.23274354549397666,0.314200126917119,U8,MN8014,9.801054862074837,7.543468089763504,CPG,CPG,0.952,0.951,0.12081609216186116,0.4106245252546299,0.21873955247329263,-0.7209825265772356,10.393737348604184,12.058618231210957,0.19716182089171935,0.45983378645937195,a33ef96b,0.02833440256506936,603.8,0.9,36.2
0.26253358189171555,0.31003912299905506,U8,MN8014,7.734372325960723,8.437088374636343,CPG,CPG,0.947,0.948,0.13849090453869034,0.42371736449028435,0.24798145010603573,-0.5084180334123878,7.6620658895662865,8.33752531970798,0.15217731855849856,0.3194707410095051,f54c7ffc,0.0022244699270643764,496.4,0.8,38.5
0.26253358189171555,0.31003912299905506,U8,MN8014,7.734372325960723,8.437088374636343,CPG,CPG,0.947,0.948,0.13849090453869034,0.42371736449028435,0.24798145010603573,-0.5084180334123878,7.397235371497278,8.33752531970798,0.15217731855849856,0.3194707410095051,f54c7ffc,0.0022244699270643764,496.4,0.8,38.5
0.26253358189171555,0.31003912299905506,U8,MN8014,7.734372325960723,8.437088374636343,CPG,CPG,0.947,0.948,0.13849090453869034,0.42371736449028435,0.24798145010603573,-0.5084180334123878,7.344083478022577,8.33752531970798,0.15217731855849856,0.3194707410095051,f54c7ffc,0.0022244699270643764,496.4,0.8,38.5
0.26253358189171555,0.31003912299905506,U8,MN8014,7.734372325960723,8.437088374636343,CPG,CPG,0.947,0.948,0.13849090453869034,0.42371736449028435,0.24798145010603573,-0.5084180334123878,7.495007310096942,8.33752531970798,0.15217731855849856,0.3194707410095051,f54c7ffc,0.0022244699270643764,496.4,0.8,38.5
0.26253358189171555,0.31003912299905506,U8,MN8014,7.734372325960723,8.437088374636343,CPG,CPG,0.947,0.948,0.13849090453869034,0.42371736449028435,0.24798145010603573,-0.5084180334123878,7.693874028325446,8.33752531970798,0.15217731855849856,0.3194707410095051,f54c7ffc,0.0022244699270643764,496.4,0.8,38.5
0.25147137279142756,0.31567911611657595,U8,MN8014,12.000822200678817,6.216661548339152,CPG,CPG,0.944,0.954,0.13859937492754687,0.41282112754579187,0.20057312000368463,-0.7388670142045348,12.869825186199508,14.949620220963556,0.2545663056408623,0.5380817137485309,a0f79713,0.39730728880977306,556.8,0.1,32.9
0.25147137279142756,0.31567911611657595,U8,MN8014,12.000822200678817,6.216661548339152,CPG,CPG,0.944,0.954,0.13859937492754687,0.41282112754579187,0.20057312000368463,-0.7388670142045348,12.851064721738762,14.949620220963556,0.2545663056408623,0.5380817137485309,a0f79713,0.39730728880977306,556.8,0.1,32.9
0.25147137279142756,0.31567911611657595,U8,MN8014,12.000822200678817,6.216661548339152,CPG,CPG,0.944,0.954,0.13859937492754687,0.41282112754579187,0.20057312000368463,-0.7388670142045348,11.882496903130672,14.949620220963556,0.2545663056408623,0.5380817137485309,a0f79713,0.39730728880977306,556.8,0.1,32.9
0.25147137279142756,0.31567911611657595,U8,MN8014,12.000822200678817,6.216661548339152,CPG,CPG,0.944,0.954,0.13859937492754687,0.41282112754579187,0.20057312000368463,-0.7388670142045348,12.460266799367943,14.949620220963556,0.2545663056408623,0.5380817137485309,a0f79713,0.39730728880977306,556.8,0.1,32.9
0.25147137279142756,0.31567911611657595,U8,MN8014,12.000822200678817,6.216661548339152,CPG,CPG,0.944,0.954,0.13859937492754687,0.41282112754579187,0.20057312000368463,-0.7388670142045348,12.509232967526996,14.949620220963556,0.2545663056408623,0.5380817137485309,a0f79713,0.39730728880977306,556.8,0.1,32.9
0.265130528046147,0.28757216966794813,U8,U12,9.936626810101657,6.645549345206678,CPG,SSPG,0.945,0.95,0.13388037005485376,0.4258097719495762,0.2000886387921899,-0.6943683430533554,8.958488550650726,10.658779803247954,0.14252625519962847,0.3855864952946722,9666faca,0.2612550129710147,472.0,1.1,38.3
0.265130528046147,0.28757216966794813,U8,U12,9.936626810101657,6.645549345206678,CPG,SSPG,0.945,0.95,0.13388037005485376,0.4258097719495762,0.2000886387921899,-0.6943683430533554,9.27752238433938,10.658779803247954,0.14252625519962847,0.3855864952946722,9666faca,0.2612550129710147,472.0,1.1,38.3
0.265130528046147,0.28757216966794813,U8,U12,9.936626810101657,6.645549345206678,CPG,SSPG,0.945,0.95,0.13388037005485376,0.4258097719495762,0.2000886387921899,-0.6943683430533554,8.85242363957056,10.658779803247954,0.14252625519962847,0.3855864952946722,9666faca,0.2612550129710147,472.0,1.1,38.3
0.265130528046147,0.28757216966794813,U8,U12,9.936626810101657,6.645549345206678,CPG,SSPG,0.945,0.95,0.13388037005485376,0.4258097719495762,0.2000886387921899,-0.6943683430533554,9.328789762293136,10.658779803247954,0.14252625519962847,0.3855864952946722,9666faca,0.2612550129710147,472.0,1.1,38.3
0.265130528046147,0.28757216966794813,U8,U12,9.936626810101657,6.645549345206678,CPG,SSPG,0.945,0.95,0.13388037005485376,0.4258097719495762,0.2000886387921899,-0.6943683430533554,8.046664840140233,10.658779803247954,0.14252625519962847,0.3855864952946722,9666faca,0.2612550129710147,472.0,1.1,38.3
0.2642548500710408,0.29995717839404457,U8,MN8014,11.01352591519075,9.666282007576264,CPG,CPG,0.939,0.95,0.12047367062215886,0.4230581692149447,0.20005130538894247,-0.5557015623485491,8.397818369104955,12.832027148972813,0.24962503754070128,0.3605133957201646,ed38d4dc,1.4882885660525718,550.9,0.3,36.3
0.2642548500710408,0.29995717839404457,U8,MN8014,11.01352591519075,9.666282007576264,CPG,CPG,0.939,0.95,0.12047367062215886,0.4230581692149447,0.20005130538894247,-0.5557015623485491,7.946891766290385,12.832027148972813,0.24962503754070128,0.3605133957201646,ed38d4dc,1.4882885660525718,550.9,0.3,36.3
0.2642548500710408,0.29995717839404457,U8,MN8014,11.01352591519075,9.666282007576264,CPG,CPG,0.939,0.95,0.12047367062215886,0.4230581692149447,0.20005130538894247,-0.5557015623485491,7.923530435516537,12.832027148972813,0.24962503754070128,0.3605133957201646,ed38d4dc,1.4882885660525718,550.9,0.3,36.3
0.2642548500710408,0.29995717839404457,U8,MN8014,11.01352591519075,9.666282007576264,CPG,CPG,0.939,0.95,0.12047367062215886,0.4230581692149447,0.20005130538894247,-0.5557015623485491,8.034509793904757,12.832027148972813,0.24962503754070128,0.3605133957201646,ed38d4dc,1.4882885660525718,550.9,0.3,36.3
0.2642548500710408,0.29995717839404457,U8,MN8014,11.01352591519075,9.666282007576264,CPG,CPG,0.939,0.95,0.12047367062215886,0.4230581692149447,0.20005130538894247,-0.5557015623485491,8.00549958293054,12.832027148972813,0.24962503754070128,0.3605133957201646,ed38d4dc,1.4882885660525718,550.9,0.3,36.3
0.24648304202608035,0.30775335374112106,U8,MN8014,11.342632739491401,5.7029850931170545,CPG,SSPG,0.949,0.947,0.12481708203610645,0.3791722774311124,0.2657635175041207,-0.7774210922458737,11.263214326000405,8.740069392403106,0.043518223917254496,0.2633908066633758,78089302,0.8117462637287907,511.5,0.3,43.2
0.24648304202608035,0.30775335374112106,U8,MN8014,11.342632739491401,5.7029850931170545,CPG,SSPG,0.949,0.947,0.12481708203610645,0.3791722774311124,0.2657635175041207,-0.7774210922458737,12.294025305491028,8.740069392403106,0.043518223917254496,0.2633908066633758,78089302,0.8117462637287907,511.5,0.3,43.2
0.24648304202608035,0.30775335374112106,U8,MN8014,11.342632739491401,5.7029850931170545,CPG,SSPG,0.949,0.947,0.12481708203610645,0.3791722774311124,0.2657635175041207,-0.7774210922458737,9.094914824903872,8.740069392403106,0.043518223917254496,0.2633908066633758,78089302,0.8117462637287907,511.5,0.3,43.2
0.24648304202608035,0.30775335374112106,U8,MN8014,11.342632739491401,5.7029850931170545,CPG,SSPG,0.949,0.947,0.12481708203610645,0.3791722774311124,0.2657635175041207,-0.7774210922458737,11.600402318013963,8.740069392403106,0.043518223917254496,0.2633908066633758,78089302,0.8117462637287907,511.5,0.3,43.2
0.24648304202608035,0.30775335374112106,U8,MN8014,11.342632739491401,5.7029850931170545,CPG,SSPG,0.949,0.947,0.12481708203610645,0.3791722774311124,0.2657635175041207,-0.7774210922458737,11.61308448476725,8.740069392403106,0.043518223917254496,0.2633908066633758,78089302,0.8117462637287907,511.5,0.3,43.2
0.2554360653869265,0.31148297587569684,U8,MN8014,8.187481914643776,6.481882789508784,CPG,CPG,0.954,0.949,0.12792165565832886,0.4121695063859152,0.2679459389787201,-0.7189827591173943,6.568951077221074,13.017173268015968,0.040372919053718793,0.24468743863071377,db56ca46,2.8797705022396567,489.7,1.2,45.2
0.2554360653869265,0.31148297587569684,U8,MN8014,8.187481914643776,6.481882789508784,CPG,CPG,0.954,0.949,0.12792165565832886,0.4121695063859152,0.2679459389787201,-0.7189827591173943,7.079497420782366,13.017173268015968,0.040372919053718793,0.24468743863071377,db56ca46,2.8797705022396567,489.7,1.2,45.2
0.2554360653869265,0.31148297587569684,U8,MN8014,8.187481914643776,6.481882789508784,CPG,CPG,0.954,0.949,0.12792165565832886,0.4121695063859152,0.2679459389787201,-0.7189827591173943,7.4351314728982,13.017173268015968,0.040372919053718793,0.24468743863071377,db56ca46,2.8797705022396567,489.7,1.2,45.2
0.2554360653869265,0.31148297587569684,U8,MN8014,8.187481914643776,6.481882789508784,CPG,CPG,0.954,0.949,0.12792165565832886,0.4121695063859152,0.2679459389787201,-0.7189827591173943,7.360636180151741,13.017173268015968,0.040372919053718793,0.24468743863071377,db56ca46,2.8797705022396567,489.7,1.2,45.2
0.2554360653869265,0.31148297587569684,U8,MN8014,8.187481914643776,6.481882789508784,CPG,CPG,0.954,0.949,0.12792165565832886,0.4121695063859152,0.2679459389787201,-0.7189827591173943,6.7246342320878885,13.017173268015968,0.040372919053718793,0.24468743863071377,db56ca46,2.8797705022396567,489.7,1.2,45.2
0.2653631551342811,0.3234263707291441,U8,MN8014,10.17241473684151,9.226498183785656,CPG,CPG,0.952,0.95,0.12782140040566387,0.41614348033704124,0.2970936772727957,-0.6802661377181489,10.579014576912963,21.322198116950833,0.10024695769818456,0.4157725572352561,d9df4ee6,4.54758501134618,529.6,0.5,39.8
0.2653631551342811,0.3234263707291441,U8,MN8014,10.17241473684151,9.226498183785656,CPG,CPG,0.952,0.95,0.12782140040566387,0.41614348033704124,0.2970936772727957,-0.6802661377181489,10.538610061351042,21.322198116950833,0.10024695769818456,0.4157725572352561,d9df4ee6,4.54758501134618,529.6,0.5,39.8
0.2653631551342811,0.3234263707291441,U8,MN8014,10.17241473684151,9.226498183785656,CPG,CPG,0.952,0.95,0.12782140040566387,0.41614348033704124,0.2970936772727957,-0.6802661377181489,10.592830502114243,21.322198116950833,0.10024695769818456,0.4157725572352561,d9df4ee6,4.54758501134618,529.6,0.5,39.8
0.2653631551342811,0.3234263707291441,U8,MN8014,10.17241473684151,9.226498183785656,CPG,CPG,0.952,0.95,0.12782140040566387,0.41614348033704124,0.2970936772727957,-0.6802661377181489,10.620570895516776,21.322198116950833,0.10024695769818456,0.4157725572352561,d9df4ee6,4.54758501134618,529.6,0.5,39.8
0.2653631551342811,0.3234263707291441,U8,MN8014,10.17241473684151,9.226498183785656,CPG,CPG,0.952,0.95,0.12782140040566387,0.41614348033704124,0.2970936772727957,-0.6802661377181489,10.627820166876294,21.322198116950833,0.10024695769818456,0.4157725572352561,d9df4ee6,4.54758501134618,529.6,0.5,39.8
0.26707963017295305,0.30668019672510605,U8,MN8014,11.075421896478115,7.519159114188074,CPG,CPG,0.941,0.951,0.11695709273004347,0.39607527233469636,0.20826423905639918,-0.8337377608367067,13.171443151318082,15.291562123337718,0.12441726133266374,0.5144875158810366,def2bd56,0.8127950948796459,450.7,1.1,36.6
0.26707963017295305,0.30668019672510605,U8,MN8014,11.075421896478115,7.519159114188074,CPG,CPG,0.941,0.951,0.11695709273004347,0.39607527233469636,0.20826423905639918,-0.8337377608367067,11.21281285007558,15.291562123337718,0.12441726133266374,0.5144875158810366,def2bd56,0.8127950948796459,450.7,1.1,36.6
0.26707963017295305,0.30668019672510605,U8,MN8014,11.075421896478115,7.519159114188074,CPG,CPG,0.941,0.951,0.11695709273004347,0.39607527233469636,0.20826423905639918,-0.8337377608367067,13.66739109881622,15.291562123337718,0.12441726133266374,0.5144875158810366,def2bd56,0.8127950948796459,450.7,1.1,36.6
0.26707963017295305,0.30668019672510605,U8,MN8014,11.075421896478115,7.519159114188074,CPG,CPG,0.941,0.951,0.11695709273004347,0.39607527233469636,0.20826423905639918,-0.8337377608367067,13.61814125931563,15.291562123337718,0.12441726133266374,0.5144875158810366,def2bd56,0.8127950948796459,450.7,1.1,36.6
0.26707963017295305,0.30668019672510605,U8,MN8014,11.075421896478115,7.519159114188074,CPG,CPG,0.941,0.951,0.11695709273004347,0.39607527233469636,0.20826423905639918,-0.8337377608367067,13.67302006557913,15.291562123337718,0.12441726133266374,0.5144875158810366,def2bd56,0.8127950948796459,450.7,1.1,36.6
0.2806652896595172,0.3019476709131069,U8,MN8014,10.262701601478934,6.852241224254446,CPG,CPG,0.954,0.958,0.12703823642541742,0.40878289109563437,0.20856802224142057,-0.8460496947175077,10.953735297741053,14.021572736462383,0.1327509954761724,0.47924994575702207,4f5b41e3,0.6604892473717001,456.1,1.9,36.9
0.2806652896595172,0.3019476709131069,U8,MN8014,10.262701601478934,6.852241224254446,CPG,CPG,0.954,0.958,0.12703823642541742,0.40878289109563437,0.20856802224142057,-0.8460496947175077,11.745814500180915,14.021572736462383,0.1327509954761724,0.47924994575702207,4f5b41e3,0.6604892473717001,456.1,1.9,36.9
0.2806652896595172,0.3019476709131069,U8,MN8014,10.262701601478934,6.852241224254446,CPG,CPG,0.954,0.958,0.12703823642541742,0.40878289109563437,0.20856802224142057,-0.8460496947175077,11.74464782467316,14.021572736462383,0.1327509954761724,0.47924994575702207,4f5b41e3,0.6604892473717001,456.1,1.9,36.9
0.2806652896595172,0.3019476709131069,U8,MN8014,10.262701601478934,6.852241224254446,CPG,CPG,0.954,0.958,0.12703823642541742,0.40878289109563437,0.20856802224142057,-0.8460496947175077,11.671543829480564,14.021572736462383,0.1327509954761724,0.47924994575702207,4f5b41e3,0.6604892473717001,456.1,1.9,36.9
0.2806652896595172,0.3019476709131069,U8,MN8014,10.262701601478934,6.852241224254446,CPG,CPG,0.954,0.958,0.12703823642541742,0.40878289109563437,0.20856802224142057,-0.8460496947175077,11.430488379631408,14.021572736462383,0.1327509954761724,0.47924994575702207,4f5b41e3,0.6604892473717001,456.1,1.9,36.9
0.2538318686091639,0.33121386272858316,U8,MN8014,8.68893735351276,7.649551870797611,CPG,CPG,0.953,0.952,0.12703125639885643,0.3960008825256939,0.20055352415502534,-0.5514337167002132,4.296178957554948,11.808442364027666,0.24473918973872322,0.3349588532409164,65279da0,1.3333148434951219,564.9,0.6,40.2
0.2538318686091639,0.33121386272858316,U8,MN8014,8.68893735351276,7.649551870797611,CPG,CPG,0.953,0.952,0.12703125639885643,0.3960008825256939,0.20055352415502534,-0.5514337167002132,6.8303745884950855,11.808442364027666,0.24473918973872322,0.3349588532409164,65279da0,1.3333148434951219,564.9,0.6,40.2
0.2538318686091639,0.33121386272858316,U8,MN8014,8.68893735351276,7.649551870797611,CPG,CPG,0.953,0.952,0.12703125639885643,0.3960008825256939,0.20055352415502534,-0.5514337167002132,6.775821985713473,11.808442364027666,0.24473918973872322,0.3349588532409164,65279da0,1.3333148434951219,564.9,0.6,40.2
0.2538318686091639,0.33121386272858316,U8,MN8014,8.68893735351276,7.649551870797611,CPG,CPG,0.953,0.952,0.12703125639885643,0.3960008825256939,0.20055352415502534,-0.5514337167002132,6.619421499909484,11.808442364027666,0.24473918973872322,0.3349588532409164,65279da0,1.3333148434951219,564.9,0.6,40.2
0.2538318686091639,0.33121386272858316,U8,MN8014,8.68893735351276,7.649551870797611,CPG,CPG,0.953,0.952,0.12703125639885643,0.3960008825256939,0.20055352415502534,-0.5514337167002132,6.920341347518575,11.808442364027666,0.24473918973872322,0.3349588532409164,65279da0,1.3333148434951219,564.9,0.6,40.2
0.2726427502700105,0.31155470226935833,U8,MN8014,11.032316655860951,6.093627262888293,CPG,SSPG,0.939,0.952,0.12476596928701886,0.4166824427764937,0.214093823201846,-0.9822746581073565,9.929758313929279,9.982156282700723,0.06928398059723158,0.34638234822018305,9a71718e,0.4113767428721129,406.8,0.8,38.5
0.2726427502700105,0.31155470226935833,U8,MN8014,11.032316655860951,6.093627262888293,CPG,SSPG,0.939,0.952,0.12476596928701886,0.4166824427764937,0.214093823201846,-0.9822746581073565,9.918572794651046,9.982156282700723,0.06928398059723158,0.34638234822018305,9a71718e,0.4113767428721129,406.8,0.8,38.5
0.2726427502700105,0.31155470226935833,U8,MN8014,11.032316655860951,6.093627262888293,CPG,SSPG,0.939,0.952,0.12476596928701886,0.4166824427764937,0.214093823201846,-0.9822746581073565,10.32604245088209,9.982156282700723,0.06928398059723158,0.34638234822018305,9a71718e,0.4113767428721129,406.8,0.8,38.5
0.2726427502700105,0.31155470226935833,U8,MN8014,11.032316655860951,6.093627262888293,CPG,SSPG,0.939,0.952,0.12476596928701886,0.4166824427764937,0.214093823201846,-0.9822746581073565,10.234388603999173,9.982156282700723,0.06928398059723158,0.34638234822018305,9a71718e,0.4113767428721129,406.8,0.8,38.5
0.2726427502700105,0.31155470226935833,U8,MN8014,11.032316655860951,6.093627262888293,CPG,SSPG,0.939,0.952,0.12476596928701886,0.4166824427764937,0.214093823201846,-0.9822746581073565,10.366049022634597,9.982156282700723,0.06928398059723158,0.34638234822018305,9a71718e,0.4113767428721129,406.8,0.8,38.5
0.26969756173701814,0.30435945526581715,U8,MN8014,10.72365990211038,5.275059774012405,CPG,CPG,0.948,0.952,0.12137522166857342,0.4078027388157977,0.20493955835733857,-0.8883421807005082,12.4038533989969,11.15192941355773,0.12048962837495408,0.45606142328412697,c5ab8907,-0.32247521451346994,489.6,1.1,38.8
0.26969756173701814,0.30435945526581715,U8,MN8014,10.72365990211038,5.275059774012405,CPG,CPG,0.948,0.952,0.12137522166857342,0.4078027388157977,0.20493955835733857,-0.8883421807005082,13.089679077060984,11.15192941355773,0.12048962837495408,0.45606142328412697,c5ab8907,-0.32247521451346994,489.6,1.1,38.8
0.26969756173701814,0.30435945526581715,U8,MN8014,10.72365990211038,5.275059774012405,CPG,CPG,0.948,0.952,0.12137522166857342,0.4078027388157977,0.20493955835733857,-0.8883421807005082,13.076614542738339,11.15192941355773,0.12048962837495408,0.45606142328412697,c5ab8907,-0.32247521451346994,489.6,1.1,38.8
0.26969756173701814,0.30435945526581715,U8,MN8014,10.72365990211038,5.275059774012405,CPG,CPG,0.948,0.952,0.12137522166857342,0.4078027388157977,0.20493955835733857,-0.8883421807005082,13.095862500008947,11.15192941355773,0.12048962837495408,0.45606142328412697,c5ab8907,-0.32247521451346994,489.6,1.1,38.8
0.26969756173701814,0.30435945526581715,U8,MN8014,10.72365990211038,5.275059774012405,CPG,CPG,0.948,0.952,0.12137522166857342,0.4078027388157977,0.20493955835733857,-0.8883421807005082,13.123355186102545,11.15192941355773,0.12048962837495408,0.45606142328412697,c5ab8907,-0.32247521451346994,489.6,1.1,38.8
0.2618180546971393,0.3117614791287404,U8,MN8014,9.322834274162211,7.23569758047586,CPG,SSPG,0.945,0.96,0.1316672001121441,0.41761443450524255,0.20966852880776318,-0.6528719246570939,9.47935437073857,10.072850336848544,0.16893027198865157,0.41137054535224266,f9776b8a,-0.2849145245826792,494.5,1.1,40.6
0.2618180546971393,0.3117614791287404,U8,MN8014,9.322834274162211,7.23569758047586,CPG,SSPG,0.945,0.96,0.1316672001121441,0.41761443450524255,0.20966852880776318,-0.6528719246570939,9.801144748713902,10.072850336848544,0.16893027198865157,0.41137054535224266,f9776b8a,-0.2849145245826792,494.5,1.1,40.6
0.2618180546971393,0.3117614791287404,U8,MN8014,9.322834274162211,7.23569758047586,CPG,SSPG,0.945,0.96,0.1316672001121441,0.41761443450524255,0.20966852880776318,-0.6528719246570939,9.46375631508185,10.072850336848544,0.16893027198865157,0.41137054535224266,f9776b8a,-0.2849145245826792,494.5,1.1,40.6
0.2618180546971393,0.3117614791287404,U8,MN8014,9.322834274162211,7.23569758047586,CPG,SSPG,0.945,0.96,0.1316672001121441,0.41761443450524255,0.20966852880776318,-0.6528719246570939,9.505884655683394,10.072850336848544,0.16893027198865157,0.41137054535224266,f9776b8a,-0.2849145245826792,494.5,1.1,40.6
0.2618180546971393,0.3117614791287404,U8,MN8014,9.322834274162211,7.23569758047586,CPG,SSPG,0.945,0.96,0.1316672001121441,0.41761443450524255,0.20966852880776318,-0.6528719246570939,9.905464922113422,10.072850336848544,0.16893027198865157,0.41137054535224266,f9776b8a,-0.2849145245826792,494.5,1.1,40.6
0.2612806395583926,0.29665069867922444,U8,MN8014,10.216511678720629,8.26657923290605,CPG,CPG,0.952,0.959,0.13449000289422214,0.40906783397291047,0.20487403149082048,-0.35318288435932277,7.449425935750805,12.515020505502813,0.2493210427385517,0.32344576263700736,0503070b,1.77030270569488,514.2,0.8,38.3
0.2612806395583926,0.29665069867922444,U8,MN8014,10.216511678720629,8.26657923290605,CPG,CPG,0.952,0.959,0.13449000289422214,0.40906783397291047,0.20487403149082048,-0.35318288435932277,7.060889363157035,12.515020505502813,0.2493210427385517,0.32344576263700736,0503070b,1.77030270569488,514.2,0.8,38.3
0.2612806395583926,0.29665069867922444,U8,MN8014,10.216511678720629,8.26657923290605,CPG,CPG,0.952,0.959,0.13449000289422214,0.40906783397291047,0.20487403149082048,-0.35318288435932277,7.109064334471079,12.515020505502813,0.2493210427385517,0.32344576263700736,0503070b,1.77030270569488,514.2,0.8,38.3
0.2612806395583926,0.29665069867922444,U8,MN8014,10.216511678720629,8.26657923290605,CPG,CPG,0.952,0.959,0.13449000289422214,0.40906783397291047,0.20487403149082048,-0.35318288435932277,7.1561643466250855,12.515020505502813,0.2493210427385517,0.32344576263700736,0503070b,1.77030270569488,514.2,0.8,38.3
0.2612806395583926,0.29665069867922444,U8,MN8014,10.216511678720629,8.26657923290605,CPG,CPG,0.952,0.959,0.13449000289422214,0.40906783397291047,0.20487403149082048,-0.35318288435932277,7.213468758867493,12.515020505502813,0.2493210427385517,0.32344576263700736,0503070b,1.77030270569488,514.2,0.8,38.3
0.2814165757663418,0.3178887091972429,U8,U12,10.988405331237033,5.93680695023123,CPG,SSPG,0.939,0.955,0.13078025377333385,0.37739407586008117,0.20216377308348077,-0.6405598153473161,12.20460003645131,18.106449203653586,0.19532096399552176,0.609272094543551,32e7c2a8,0.9615417630636038,512.1,1.5,37.8
0.2814165757663418,0.3178887091972429,U8,U12,10.988405331237033,5.93680695023123,CPG,SSPG,0.939,0.955,0.13078025377333385,0.37739407586008117,0.20216377308348077,-0.6405598153473161,12.112219388445487,18.106449203653586,0.19532096399552176,0.609272094543551,32e7c2a8,0.9615417630636038,512.1,1.5,37.8
0.2814165757663418,0.3178887091972429,U8,U12,10.988405331237033,5.93680695023123,CPG,SSPG,0.939,0.955,0.13078025377333385,0.37739407586008117,0.20216377308348077,-0.6405598153473161,12.134707791522917,18.106449203653586,0.19532096399552176,0.609272094543551,32e7c2a8,0.9615417630636038,512.1,1.5,37.8
0.2814165757663418,0.3178887091972429,U8,U12,10.988405331237033,5.93680695023123,CPG,SSPG,0.939,0.955,0.13078025377333385,0.37739407586008117,0.20216377308348077,-0.6405598153473161,11.933206862694933,18.106449203653586,0.19532096399552176,0.609272094543551,32e7c2a8,0.9615417630636038,512.1,1.5,37.8
0.2814165757663418,0.3178887091972429,U8,U12,10.988405331237033,5.93680695023123,CPG,SSPG,0.939,0.955,0.13078025377333385,0.37739407586008117,0.20216377308348077,-0.6405598153473161,12.200870772176625,18.106449203653586,0.19532096399552176,0.609272094543551,32e7c2a8,0.9615417630636038,512.1,1.5,37.8
0.25963798289245,0.316196249277932,U10,MN8014,8.873725032852306,7.455782140037824,CPG,CPG,0.954,0.951,0.123472981303903,0.40080422330798826,0.21768279976826813,-0.2816386634696735,7.482964575276476,17.02790076269342,0.3145910721463953,0.40030245222512706,71766586,2.8589355113185784,575.5,1.5,37.5
0.25963798289245,0.316196249277932,U10,MN8014,8.873725032852306,7.455782140037824,CPG,CPG,0.954,0.951,0.123472981303903,0.40080422330798826,0.21768279976826813,-0.2816386634696735,7.796926611765856,17.02790076269342,0.3145910721463953,0.40030245222512706,71766586,2.8589355113185784,575.5,1.5,37.5
0.25963798289245,0.316196249277932,U10,MN8014,8.873725032852306,7.455782140037824,CPG,CPG,0.954,0.951,0.123472981303903,0.40080422330798826,0.21768279976826813,-0.2816386634696735,8.064623888418668,17.02790076269342,0.3145910721463953,0.40030245222512706,71766586,2.8589355113185784,575.5,1.5,37.5
0.25963798289245,0.316196249277932,U10,MN8014,8.873725032852306,7.455782140037824,CPG,CPG,0.954,0.951,0.123472981303903,0.40080422330798826,0.21768279976826813,-0.2816386634696735,8.06931372741833,17.02790076269342,0.3145910721463953,0.40030245222512706,71766586,2.8589355113185784,575.5,1.5,37.5
0.25963798289245,0.316196249277932,U10,MN8014,8.873725032852306,7.455782140037824,CPG,CPG,0.954,0.951,0.123472981303903,0.40080422330798826,0.21768279976826813,-0.2816386634696735,7.978284951306324,17.02790076269342,0.3145910721463953,0.40030245222512706,71766586,2.8589355113185784,575.5,1.5,37.5
0.26049036938630493,0.3058839795252788,U8,MN8014,11.614471319928377,5.0670932897802725,CPG,SSPG,0.948,0.943,0.10852760691772839,0.3849369813424355,0.2655183740219513,-0.7771709022593951,8.632082093517168,8.721039971591754,0.04387801256302121,0.254043479333321,e55099ab,0.9092971807132102,460.1,0.9,37.3
0.26049036938630493,0.3058839795252788,U8,MN8014,11.614471319928377,5.0670932897802725,CPG,SSPG,0.948,0.943,0.10852760691772839,0.3849369813424355,0.2655183740219513,-0.7771709022593951,10.263594416537423,8.721039971591754,0.04387801256302121,0.254043479333321,e55099ab,0.9092971807132102,460.1,0.9,37.3
0.26049036938630493,0.3058839795252788,U8,MN8014,11.614471319928377,5.0670932897802725,CPG,SSPG,0.948,0.943,0.10852760691772839,0.3849369813424355,0.2655183740219513,-0.7771709022593951,10.096513777814616,8.721039971591754,0.04387801256302121,0.254043479333321,e55099ab,0.9092971807132102,460.1,0.9,37.3
0.26049036938630493,0.3058839795252788,U8,MN8014,11.614471319928377,5.0670932897802725,CPG,SSPG,0.948,0.943,0.10852760691772839,0.3849369813424355,0.2655183740219513,-0.7771709022593951,9.719911529789696,8.721039971591754,0.04387801256302121,0.254043479333321,e55099ab,0.9092971807132102,460.1,0.9,37.3
0.26049036938630493,0.3058839795252788,U8,MN8014,11.614471319928377,5.0670932897802725,CPG,SSPG,0.948,0.943,0.10852760691772839,0.3849369813424355,0.2655183740219513,-0.7771709022593951,10.679170365331345,8.721039971591754,0.04387801256302121,0.254043479333321,e55099ab,0.9092971807132102,460.1,0.9,37.3
0.2706026049025126,0.29886798385500946,U8,MN8014,12.363020703518439,5.085151234870745,CPG,SSPG,0.941,0.943,0.1306648395290843,0.4118128088308687,0.24658920260879877,-1.1799764381289028,13.927235487682951,10.905800564320618,0.06431244010904805,0.3604016984372454,a9b16cf2,0.6535513569508611,534.0,1.1,36.9
0.2706026049025126,0.29886798385500946,U8,MN8014,12.363020703518439,5.085151234870745,CPG,SSPG,0.941,0.943,0.1306648395290843,0.4118128088308687,0.24658920260879877,-1.1799764381289028,13.966611402931962,10.905800564320618,0.06431244010904805,0.3604016984372454,a9b16cf2,0.6535513569508611,534.0,1.1,36.9
0.2706026049025126,0.29886798385500946,U8,MN8014,12.363020703518439,5.085151234870745,CPG,SSPG,0.941,0.943,0.1306648395290843,0.4118128088308687,0.24658920260879877,-1.1799764381289028,13.549237987936577,10.905800564320618,0.06431244010904805,0.3604016984372454,a9b16cf2,0.6535513569508611,534.0,1.1,36.9
0.2706026049025126,0.29886798385500946,U8,MN8014,12.363020703518439,5.085151234870745,CPG,SSPG,0.941,0.943,0.1306648395290843,0.4118128088308687,0.24658920260879877,-1.1799764381289028,13.562001824513795,10.905800564320618,0.06431244010904805,0.3604016984372454,a9b16cf2,0.6535513569508611,534.0,1.1,36.9
0.2706026049025126,0.29886798385500946,U8,MN8014,12.363020703518439,5.085151234870745,CPG,SSPG,0.941,0.943,0.1306648395290843,0.4118128088308687,0.24658920260879877,-1.1799764381289028,13.52112099824802,10.905800564320618,0.06431244010904805,0.3604016984372454,a9b16cf2,0.6535513569508611,534.0,1.1,36.9
0.27217524265543924,0.2989958248680838,U8,MN8014,9.612839347514818,5.896081183558585,CPG,SSPG,0.95,0.952,0.1324023791712523,0.4181457806823726,0.296105592345916,-0.9010709739381876,8.371224158013746,15.395694652510736,0.04770230238896382,0.27222269721224945,59a6944b,3.600378948232963,577.9,1.1,38.2
0.27217524265543924,0.2989958248680838,U8,MN8014,9.612839347514818,5.896081183558585,CPG,SSPG,0.95,0.952,0.1324023791712523,0.4181457806823726,0.296105592345916,-0.9010709739381876,8.340953238084337,15.395694652510736,0.04770230238896382,0.27222269721224945,59a6944b,3.600378948232963,577.9,1.1,38.2
0.27217524265543924,0.2989958248680838,U8,MN8014,9.612839347514818,5.896081183558585,CPG,SSPG,0.95,0.952,0.1324023791712523,0.4181457806823726,0.296105592345916,-0.9010709739381876,8.314410583634029,15.395694652510736,0.04770230238896382,0.27222269721224945,59a6944b,3.600378948232963,577.9,1.1,38.2
0.27217524265543924,0.2989958248680838,U8,MN8014,9.612839347514818,5.896081183558585,CPG,SSPG,0.95,0.952,0.1324023791712523,0.4181457806823726,0.296105592345916,-0.9010709739381876,8.37871864952541,15.395694652510736,0.04770230238896382,0.27222269721224945,59a6944b,3.600378948232963,577.9,1.1,38.2
0.27217524265543924,0.2989958248680838,U8,MN8014,9.612839347514818,5.896081183558585,CPG,SSPG,0.95,0.952,0.1324023791712523,0.4181457806823726,0.296105592345916,-0.9010709739381876,6.72227274380561,15.395694652510736,0.04770230238896382,0.27222269721224945,59a6944b,3.600378948232963,577.9,1.1,38.2
0.2726760420361401,0.32189047585899433,U8,MN8014,8.958646978470766,4.90274730524535,CPG,CPG,0.939,0.955,0.12618139480898477,0.3990291360536331,0.20451868354604938,-0.8755470130102768,10.314841034897698,9.206598140270406,0.11834664927726328,0.38265680079199005,09627a99,-0.33584279474641,527.5,1.0,41.5
0.2726760420361401,0.32189047585899433,U8,MN8014,8.958646978470766,4.90274730524535,CPG,CPG,0.939,0.955,0.12618139480898477,0.3990291360536331,0.20451868354604938,-0.8755470130102768,10.335765115459719,9.206598140270406,0.11834664927726328,0.38265680079199005,09627a99,-0.33584279474641,527.5,1.0,41.5
0.2726760420361401,0.32189047585899433,U8,MN8014,8.958646978470766,4.90274730524535,CPG,CPG,0.939,0.955,0.12618139480898477,0.3990291360536331,0.20451868354604938,-0.8755470130102768,10.33124098942432,9.206598140270406,0.11834664927726328,0.38265680079199005,09627a99,-0.33584279474641,527.5,1.0,41.5
0.2726760420361401,0.32189047585899433,U8,MN8014,8.958646978470766,4.90274730524535,CPG,CPG,0.939,0.955,0.12618139480898477,0.3990291360536331,0.20451868354604938,-0.8755470130102768,10.28911807439705,9.206598140270406,0.11834664927726328,0.38265680079199005,09627a99,-0.33584279474641,527.5,1.0,41.5
0.2726760420361401,0.32189047585899433,U8,MN8014,8.958646978470766,4.90274730524535,CPG,CPG,0.939,0.955,0.12618139480898477,0.3990291360536331,0.20451868354604938,-0.8755470130102768,10.358913301464769,9.206598140270406,0.11834664927726328,0.38265680079199005,09627a99,-0.33584279474641,527.5,1.0,41.5
0.2846619799591241,0.3198656979820225,U8,MN8014,11.17523397562822,5.957079572026733,CPG,SSPG,0.937,0.952,0.12854584936600305,0.3923912905935792,0.26123228829674616,-0.8074960323615298,9.28295133432528,20.68633299484869,0.06916183403704569,0.35795644141604877,800b6e62,4.926080057552891,505.2,1.1,40.3
0.2846619799591241,0.3198656979820225,U8,MN8014,11.17523397562822,5.957079572026733,CPG,SSPG,0.937,0.952,0.12854584936600305,0.3923912905935792,0.26123228829674616,-0.8074960323615298,9.425379550992202,20.68633299484869,0.06916183403704569,0.35795644141604877,800b6e62,4.926080057552891,505.2,1.1,40.3
0.2846619799591241,0.3198656979820225,U8,MN8014,11.17523397562822,5.957079572026733,CPG,SSPG,0.937,0.952,0.12854584936600305,0.3923912905935792,0.26123228829674616,-0.8074960323615298,8.02588449088882,20.68633299484869,0.06916183403704569,0.35795644141604877,800b6e62,4.926080057552891,505.2,1.1,40.3
0.2846619799591241,0.3198656979820225,U8,MN8014,11.17523397562822,5.957079572026733,CPG,SSPG,0.937,0.952,0.12854584936600305,0.3923912905935792,0.26123228829674616,-0.8074960323615298,8.445716518479697,20.68633299484869,0.06916183403704569,0.35795644141604877,800b6e62,4.926080057552891,505.2,1.1,40.3
0.2846619799591241,0.3198656979820225,U8,MN8014,11.17523397562822,5.957079572026733,CPG,SSPG,0.937,0.952,0.12854584936600305,0.3923912905935792,0.26123228829674616,-0.8074960323615298,8.692353894404361,20.68633299484869,0.06916183403704569,0.35795644141604877,800b6e62,4.926080057552891,505.2,1.1,40.3
0.26462469394210686,0.30124411534784823,U8,MN8014,10.726967822952371,6.341164698133216,CPG,SSPG,0.948,0.949,0.1242290735151419,0.3864863873646573,0.23603034668360887,-0.8964417487019123,11.001055145248536,16.53349254897591,0.12424425626938278,0.5084511146848225,bc5592b7,1.4201361731717812,565.8,1.5,35.7
0.26462469394210686,0.30124411534784823,U8,MN8014,10.726967822952371,6.341164698133216,CPG,SSPG,0.948,0.949,0.1242290735151419,0.3864863873646573,0.23603034668360887,-0.8964417487019123,11.155508417256943,16.53349254897591,0.12424425626938278,0.5084511146848225,bc5592b7,1.4201361731717812,565.8,1.5,35.7
0.26462469394210686,0.30124411534784823,U8,MN8014,10.726967822952371,6.341164698133216,CPG,SSPG,0.948,0.949,0.1242290735151419,0.3864863873646573,0.23603034668360887,-0.8964417487019123,12.471190653483642,16.53349254897591,0.12424425626938278,0.5084511146848225,bc5592b7,1.4201361731717812,565.8,1.5,35.7
0.26462469394210686,0.30124411534784823,U8,MN8014,10.726967822952371,6.341164698133216,CPG,SSPG,0.948,0.949,0.1242290735151419,0.3864863873646573,0.23603034668360887,-0.8964417487019123,12.558733550008892,16.53349254897591,0.12424425626938278,0.5084511146848225,bc5592b7,1.4201361731717812,565.8,1.5,35.7
0.26462469394210686,0.30124411534784823,U8,MN8014,10.726967822952371,6.341164698133216,CPG,SSPG,0.948,0.949,0.1242290735151419,0.3864863873646573,0.23603034668360887,-0.8964417487019123,12.725322036476635,16.53349254897591,0.12424425626938278,0.5084511146848225,bc5592b7,1.4201361731717812,565.8,1.5,35.7
0.26083236528416376,0.30493141736912266,U8,MN8014,9.733684661058426,6.359718900372535,CPG,CPG,0.95,0.958,0.13060078917847778,0.416118117570498,0.25196089731297555,-1.132002496761816,4.811156756689027,6.349745839848761,0.025958367871145725,0.15567219660771797,940d6c90,0.9936750607927152,494.7,0.7,39.3
0.26083236528416376,0.30493141736912266,U8,MN8014,9.733684661058426,6.359718900372535,CPG,CPG,0.95,0.958,0.13060078917847778,0.416118117570498,0.25196089731297555,-1.132002496761816,4.943230726116408,6.349745839848761,0.025958367871145725,0.15567219660771797,940d6c90,0.9936750607927152,494.7,0.7,39.3
0.26083236528416376,0.30493141736912266,U8,MN8014,9.733684661058426,6.359718900372535,CPG,CPG,0.95,0.958,0.13060078917847778,0.416118117570498,0.25196089731297555,-1.132002496761816,8.045350578761388,6.349745839848761,0.025958367871145725,0.15567219660771797,940d6c90,0.9936750607927152,494.7,0.7,39.3
0.26083236528416376,0.30493141736912266,U8,MN8014,9.733684661058426,6.359718900372535,CPG,CPG,0.95,0.958,0.13060078917847778,0.416118117570498,0.25196089731297555,-1.132002496761816,7.822034608627092,6.349745839848761,0.025958367871145725,0.15567219660771797,940d6c90,0.9936750607927152,494.7,0.7,39.3
0.26083236528416376,0.30493141736912266,U8,MN8014,9.733684661058426,6.359718900372535,CPG,CPG,0.95,0.958,0.13060078917847778,0.416118117570498,0.25196089731297555,-1.132002496761816,7.901069917599897,6.349745839848761,0.025958367871145725,0.15567219660771797,940d6c90,0.9936750607927152,494.7,0.7,39.3
0.25839180567267556,0.3099483796128712,U8,MN8014,10.789077914103576,5.393727358726567,CPG,SSPG,0.945,0.945,0.1253041258391822,0.3998227806613485,0.20643107445696798,-1.0047047496411767,13.515862478884006,10.940580031141932,0.09141284340379154,0.42074337393771366,7a9d2f2a,-0.014409704984220895,476.5,0.6,37.1
0.25839180567267556,0.3099483796128712,U8,MN8014,10.789077914103576,5.393727358726567,CPG,SSPG,0.945,0.945,0.1253041258391822,0.3998227806613485,0.20643107445696798,-1.0047047496411767,13.349614701840855,10.940580031141932,0.09141284340379154,0.42074337393771366,7a9d2f2a,-0.014409704984220895,476.5,0.6,37.1
0.25839180567267556,0.3099483796128712,U8,MN8014,10.789077914103576,5.393727358726567,CPG,SSPG,0.945,0.945,0.1253041258391822,0.3998227806613485,0.20643107445696798,-1.0047047496411767,13.4741707422288,10.940580031141932,0.09141284340379154,0.42074337393771366,7a9d2f2a,-0.014409704984220895,476.5,0.6,37.1
0.25839180567267556,0.3099483796128712,U8,MN8014,10.789077914103576,5.393727358726567,CPG,SSPG,0.945,0.945,0.1253041258391822,0.3998227806613485,0.20643107445696798,-1.0047047496411767,11.92196899320003,10.940580031141932,0.09141284340379154,0.42074337393771366,7a9d2f2a,-0.014409704984220895,476.5,0.6,37.1
0.25839180567267556,0.3099483796128712,U8,MN8014,10.789077914103576,5.393727358726567,CPG,SSPG,0.945,0.945,0.1253041258391822,0.3998227806613485,0.20643107445696798,-1.0047047496411767,12.599693107149372,10.940580031141932,0.09141284340379154,0.42074337393771366,7a9d2f2a,-0.014409704984220895,476.5,0.6,37.1
0.26857833485279214,0.31704089989567424,U8,MN8014,12.072292055537261,6.140841170310884,CPG,SSPG,0.95,0.952,0.1226353798678242,0.41792531725392074,0.25478526349670727,-0.9661419573481383,8.102279966705233,10.855057009032524,0.06735968876524744,0.36362575921360485,f1e370f5,0.5950324233440414,463.8,0.7,39.1
0.26857833485279214,0.31704089989567424,U8,MN8014,12.072292055537261,6.140841170310884,CPG,SSPG,0.95,0.952,0.1226353798678242,0.41792531725392074,0.25478526349670727,-0.9661419573481383,11.384742107062738,10.855057009032524,0.06735968876524744,0.36362575921360485,f1e370f5,0.5950324233440414,463.8,0.7,39.1
0.26857833485279214,0.31704089989567424,U8,MN8014,12.072292055537261,6.140841170310884,CPG,SSPG,0.95,0.952,0.1226353798678242,0.41792531725392074,0.25478526349670727,-0.9661419573481383,13.025176367269262,10.855057009032524,0.06735968876524744,0.36362575921360485,f1e370f5,0.5950324233440414,463.8,0.7,39.1
0.26857833485279214,0.31704089989567424,U8,MN8014,12.072292055537261,6.140841170310884,CPG,SSPG,0.95,0.952,0.1226353798678242,0.41792531725392074,0.25478526349670727,-0.9661419573481383,13.075090242037101,10.855057009032524,0.06735968876524744,0.36362575921360485,f1e370f5,0.5950324233440414,463.8,0.7,39.1
0.26857833485279214,0.31704089989567424,U8,MN8014,12.072292055537261,6.140841170310884,CPG,SSPG,0.95,0.952,0.1226353798678242,0.41792531725392074,0.25478526349670727,-0.9661419573481383,12.960976403870553,10.855057009032524,0.06735968876524744,0.36362575921360485,f1e370f5,0.5950324233440414,463.8,0.7,39.1
0.26995195545105233,0.31586304124667614,U8,MN8014,8.899795029340332,4.034402726606023,CPG,SSPG,0.954,0.962,0.12734648539168714,0.3853813705894261,0.2172670669351361,-0.9744425868322278,7.402512808301275,13.48900684637589,0.05930627228005818,0.2814745319442579,4c5167a8,2.6681284546929893,540.7,1.6,41.8
0.26995195545105233,0.31586304124667614,U8,MN8014,8.899795029340332,4.034402726606023,CPG,SSPG,0.954,0.962,0.12734648539168714,0.3853813705894261,0.2172670669351361,-0.9744425868322278,8.125075740402258,13.48900684637589,0.05930627228005818,0.2814745319442579,4c5167a8,2.6681284546929893,540.7,1.6,41.8
0.26995195545105233,0.31586304124667614,U8,MN8014,8.899795029340332,4.034402726606023,CPG,SSPG,0.954,0.962,0.12734648539168714,0.3853813705894261,0.2172670669351361,-0.9744425868322278,8.000418492280938,13.48900684637589,0.05930627228005818,0.2814745319442579,4c5167a8,2.6681284546929893,540.7,1.6,41.8
0.26995195545105233,0.31586304124667614,U8,MN8014,8.899795029340332,4.034402726606023,CPG,SSPG,0.954,0.962,0.12734648539168714,0.3853813705894261,0.2172670669351361,-0.9744425868322278,7.386950120647029,13.48900684637589,0.05930627228005818,0.2814745319442579,4c5167a8,2.6681284546929893,540.7,1.6,41.8
0.26995195545105233,0.31586304124667614,U8,MN8014,8.899795029340332,4.034402726606023,CPG,SSPG,0.954,0.962,0.12734648539168714,0.3853813705894261,0.2172670669351361,-0.9744425868322278,7.762645840063706,13.48900684637589,0.05930627228005818,0.2814745319442579,4c5167a8,2.6681284546929893,540.7,1.6,41.8
0.2775823310173746,0.3014504782488525,U8,MN8014,10.607059436549306,5.404375009878881,CPG,SSPG,0.951,0.945,0.11421030609670205,0.38383779745047547,0.2000008935945575,-0.8016470910642174,11.67701455338301,10.973878481806375,0.1253749724589977,0.4474444632542524,47233d16,-0.3022088352567014,526.3,1.1,41.1
0.2775823310173746,0.3014504782488525,U8,MN8014,10.607059436549306,5.404375009878881,CPG,SSPG,0.951,0.945,0.11421030609670205,0.38383779745047547,0.2000008935945575,-0.8016470910642174,12.045300869709983,10.973878481806375,0.1253749724589977,0.4474444632542524,47233d16,-0.3022088352567014,526.3,1.1,41.1
0.2775823310173746,0.3014504782488525,U8,MN8014,10.607059436549306,5.404375009878881,CPG,SSPG,0.951,0.945,0.11421030609670205,0.38383779745047547,0.2000008935945575,-0.8016470910642174,11.994644753105616,10.973878481806375,0.1253749724589977,0.4474444632542524,47233d16,-0.3022088352567014,526.3,1.1,41.1
0.2775823310173746,0.3014504782488525,U8,MN8014,10.607059436549306,5.404375009878881,CPG,SSPG,0.951,0.945,0.11421030609670205,0.38383779745047547,0.2000008935945575,-0.8016470910642174,12.030012897220976,10.973878481806375,0.1253749724589977,0.4474444632542524,47233d16,-0.3022088352567014,526.3,1.1,41.1
0.2775823310173746,0.3014504782488525,U8,MN8014,10.607059436549306,5.404375009878881,CPG,SSPG,0.951,0.945,0.11421030609670205,0.38383779745047547,0.2000008935945575,-0.8016470910642174,11.939929393085405,10.973878481806375,0.1253749724589977,0.4474444632542524,47233d16,-0.3022088352567014,526.3,1.1,41.1
0.2729067144946364,0.3177027992005818,U8,MN8014,10.326851082186671,5.8299191873298035,CPG,SSPG,0.954,0.962,0.12526620737094207,0.4210793716426071,0.2156815110449505,-1.1199417825277962,6.804547526185439,10.291749831317407,0.09886218161673933,0.40789608152358536,c81be0b2,-0.15057971934061332,471.8,1.0,33.8
0.2729067144946364,0.3177027992005818,U8,MN8014,10.326851082186671,5.8299191873298035,CPG,SSPG,0.954,0.962,0.12526620737094207,0.4210793716426071,0.2156815110449505,-1.1199417825277962,10.695558623630578,10.291749831317407,0.09886218161673933,0.40789608152358536,c81be0b2,-0.15057971934061332,471.8,1.0,33.8
0.2729067144946364,0.3177027992005818,U8,MN8014,10.326851082186671,5.8299191873298035,CPG,SSPG,0.954,0.962,0.12526620737094207,0.4210793716426071,0.2156815110449505,-1.1199417825277962,12.273501297186373,10.291749831317407,0.09886218161673933,0.40789608152358536,c81be0b2,-0.15057971934061332,471.8,1.0,33.8
0.2729067144946364,0.3177027992005818,U8,MN8014,10.326851082186671,5.8299191873298035,CPG,SSPG,0.954,0.962,0.12526620737094207,0.4210793716426071,0.2156815110449505,-1.1199417825277962,12.33953973990566,10.291749831317407,0.09886218161673933,0.40789608152358536,c81be0b2,-0.15057971934061332,471.8,1.0,33.8
0.2729067144946364,0.3177027992005818,U8,MN8014,10.326851082186671,5.8299191873298035,CPG,SSPG,0.954,0.962,0.12526620737094207,0.4210793716426071,0.2156815110449505,-1.1199417825277962,12.389222804662868,10.291749831317407,0.09886218161673933,0.40789608152358536,c81be0b2,-0.15057971934061332,471.8,1.0,33.8
0.2679235757379469,0.3203136993916486,U8,MN8014,12.49712836316024,5.030987048817506,CPG,SSPG,0.945,0.959,0.12440696997809632,0.4262482334659505,0.20011193119997894,-0.9210484929502296,8.870804380471666,14.189102644666004,0.20096326671065395,0.5894638919080826,0cc224e6,-0.5144009248096211,523.2,0.9,37.7
0.2679235757379469,0.3203136993916486,U8,MN8014,12.49712836316024,5.030987048817506,CPG,SSPG,0.945,0.959,0.12440696997809632,0.4262482334659505,0.20011193119997894,-0.9210484929502296,13.744896566462852,14.189102644666004,0.20096326671065395,0.5894638919080826,0cc224e6,-0.5144009248096211,523.2,0.9,37.7
0.2679235757379469,0.3203136993916486,U8,MN8014,12.49712836316024,5.030987048817506,CPG,SSPG,0.945,0.959,0.12440696997809632,0.4262482334659505,0.20011193119997894,-0.9210484929502296,14.50712191617264,14.189102644666004,0.20096326671065395,0.5894638919080826,0cc224e6,-0.5144009248096211,523.2,0.9,37.7
0.2679235757379469,0.3203136993916486,U8,MN8014,12.49712836316024,5.030987048817506,CPG,SSPG,0.945,0.959,0.12440696997809632,0.4262482334659505,0.20011193119997894,-0.9210484929502296,14.669111684104081,14.189102644666004,0.20096326671065395,0.5894638919080826,0cc224e6,-0.5144009248096211,523.2,0.9,37.7
0.2679235757379469,0.3203136993916486,U8,MN8014,12.49712836316024,5.030987048817506,CPG,SSPG,0.945,0.959,0.12440696997809632,0.4262482334659505,0.20011193119997894,-0.9210484929502296,15.278364383836898,14.189102644666004,0.20096326671065395,0.5894638919080826,0cc224e6,-0.5144009248096211,523.2,0.9,37.7
0.2629268954123558,0.3114035083140023,U8,MN8014,13.706662074690847,7.279307740301123,CPG,SSPG,0.935,0.96,0.11458181136200701,0.40950686624081395,0.20353344980999605,-0.9831294016604162,16.645927296869957,14.920641877750317,0.1471898397277563,0.6127511479681811,6132a2a0,-0.46051266340780117,487.7,0.5,36.7
0.2629268954123558,0.3114035083140023,U8,MN8014,13.706662074690847,7.279307740301123,CPG,SSPG,0.935,0.96,0.11458181136200701,0.40950686624081395,0.20353344980999605,-0.9831294016604162,17.177509329943817,14.920641877750317,0.1471898397277563,0.6127511479681811,6132a2a0,-0.46051266340780117,487.7,0.5,36.7
0.2629268954123558,0.3114035083140023,U8,MN8014,13.706662074690847,7.279307740301123,CPG,SSPG,0.935,0.96,0.11458181136200701,0.40950686624081395,0.20353344980999605,-0.9831294016604162,17.435396295427793,14.920641877750317,0.1471898397277563,0.6127511479681811,6132a2a0,-0.46051266340780117,487.7,0.5,36.7
0.2629268954123558,0.3114035083140023,U8,MN8014,13.706662074690847,7.279307740301123,CPG,SSPG,0.935,0.96,0.11458181136200701,0.40950686624081395,0.20353344980999605,-0.9831294016604162,17.163399409163382,14.920641877750317,0.1471898397277563,0.6127511479681811,6132a2a0,-0.46051266340780117,487.7,0.5,36.7
0.2629268954123558,0.3114035083140023,U8,MN8014,13.706662074690847,7.279307740301123,CPG,SSPG,0.935,0.96,0.11458181136200701,0.40950686624081395,0.20353344980999605,-0.9831294016604162,17.101954304510503,14.920641877750317,0.1471898397277563,0.6127511479681811,6132a2a0,-0.46051266340780117,487.7,0.5,36.7
0.26851778718756547,0.3030045448737943,U8,U12,11.693259265105539,6.0422674092837525,CPG,SSPG,0.939,0.955,0.12495021517994256,0.40924630561257913,0.29441683524318135,-0.8968723065372672,9.162527494614508,23.500121127234355,0.04944217200799852,0.32397476198406333,a9da7b8b,6.531958059723783,567.4,1.0,37.6
0.26851778718756547,0.3030045448737943,U8,U12,11.693259265105539,6.0422674092837525,CPG,SSPG,0.939,0.955,0.12495021517994256,0.40924630561257913,0.29441683524318135,-0.8968723065372672,9.100854866310392,23.500121127234355,0.04944217200799852,0.32397476198406333,a9da7b8b,6.531958059723783,567.4,1.0,37.6
0.26851778718756547,0.3030045448737943,U8,U12,11.693259265105539,6.0422674092837525,CPG,SSPG,0.939,0.955,0.12495021517994256,0.40924630561257913,0.29441683524318135,-0.8968723065372672,8.899278548246174,23.500121127234355,0.04944217200799852,0.32397476198406333,a9da7b8b,6.531958059723783,567.4,1.0,37.6
0.26851778718756547,0.3030045448737943,U8,U12,11.693259265105539,6.0422674092837525,CPG,SSPG,0.939,0.955,0.12495021517994256,0.40924630561257913,0.29441683524318135,-0.8968723065372672,8.165029113096175,23.500121127234355,0.04944217200799852,0.32397476198406333,a9da7b8b,6.531958059723783,567.4,1.0,37.6
0.26851778718756547,0.3030045448737943,U8,U12,11.693259265105539,6.0422674092837525,CPG,SSPG,0.939,0.955,0.12495021517994256,0.40924630561257913,0.29441683524318135,-0.8968723065372672,8.490416071035051,23.500121127234355,0.04944217200799852,0.32397476198406333,a9da7b8b,6.531958059723783,567.4,1.0,37.6
0.26078457725659376,0.31048578147250233,U8,U12,11.648145512959223,4.823272573516204,CPG,SSPG,0.948,0.951,0.11983539104893791,0.4032444808473984,0.20527085685844904,-0.841063798441163,11.61411002594027,13.150566443908374,0.12757244338665114,0.48974542232703017,a1210220,0.16365711066315836,534.6,1.4,41.1
0.26078457725659376,0.31048578147250233,U8,U12,11.648145512959223,4.823272573516204,CPG,SSPG,0.948,0.951,0.11983539104893791,0.4032444808473984,0.20527085685844904,-0.841063798441163,12.488774760595286,13.150566443908374,0.12757244338665114,0.48974542232703017,a1210220,0.16365711066315836,534.6,1.4,41.1
0.26078457725659376,0.31048578147250233,U8,U12,11.648145512959223,4.823272573516204,CPG,SSPG,0.948,0.951,0.11983539104893791,0.4032444808473984,0.20527085685844904,-0.841063798441163,12.445870750263271,13.150566443908374,0.12757244338665114,0.48974542232703017,a1210220,0.16365711066315836,534.6,1.4,41.1
0.26078457725659376,0.31048578147250233,U8,U12,11.648145512959223,4.823272573516204,CPG,SSPG,0.948,0.951,0.11983539104893791,0.4032444808473984,0.20527085685844904,-0.841063798441163,12.37702865590099,13.150566443908374,0.12757244338665114,0.48974542232703017,a1210220,0.16365711066315836,534.6,1.4,41.1
0.26078457725659376,0.31048578147250233,U8,U12,11.648145512959223,4.823272573516204,CPG,SSPG,0.948,0.951,0.11983539104893791,0.4032444808473984,0.20527085685844904,-0.841063798441163,12.544067221856883,13.150566443908374,0.12757244338665114,0.48974542232703017,a1210220,0.16365711066315836,534.6,1.4,41.1
0.2748328085386647,0.3032912718183636,U8,U12,12.827366407738612,6.6978713892979505,CPG,CPG,0.944,0.954,0.12124369053121148,0.4206110530379299,0.2671950750772951,-0.8812739233781113,12.326799519262531,21.66280126795549,0.10210267300872611,0.4975798414726882,62addb12,3.7693680888028283,489.9,0.8,36.4
0.2748328085386647,0.3032912718183636,U8,U12,12.827366407738612,6.6978713892979505,CPG,CPG,0.944,0.954,0.12124369053121148,0.4206110530379299,0.2671950750772951,-0.8812739233781113,12.298324785255348,21.66280126795549,0.10210267300872611,0.4975798414726882,62addb12,3.7693680888028283,489.9,0.8,36.4
0.2748328085386647,0.3032912718183636,U8,U12,12.827366407738612,6.6978713892979505,CPG,CPG,0.944,0.954,0.12124369053121148,0.4206110530379299,0.2671950750772951,-0.8812739233781113,12.68084700604732,21.66280126795549,0.10210267300872611,0.4975798414726882,62addb12,3.7693680888028283,489.9,0.8,36.4
0.2748328085386647,0.3032912718183636,U8,U12,12.827366407738612,6.6978713892979505,CPG,CPG,0.944,0.954,0.12124369053121148,0.4206110530379299,0.2671950750772951,-0.8812739233781113,12.47736271266366,21.66280126795549,0.10210267300872611,0.4975798414726882,62addb12,3.7693680888028283,489.9,0.8,36.4
0.2748328085386647,0.3032912718183636,U8,U12,12.827366407738612,6.6978713892979505,CPG,CPG,0.944,0.954,0.12124369053121148,0.4206110530379299,0.2671950750772951,-0.8812739233781113,12.524160872119577,21.66280126795549,0.10210267300872611,0.4975798414726882,62addb12,3.7693680888028283,489.9,0.8,36.4
0.2806695752183773,0.3091711587147663,U8,MN8014,10.840001998990896,4.563737713510019,CPG,SSPG,0.945,0.957,0.12009110582937284,0.43102317196510787,0.21181775645090378,-0.889453611357114,8.716433464923746,11.171569049348578,0.15048991431130007,0.47006517284667415,d1c06c81,-0.4724710604820057,504.4,0.2,40.3
0.2806695752183773,0.3091711587147663,U8,MN8014,10.840001998990896,4.563737713510019,CPG,SSPG,0.945,0.957,0.12009110582937284,0.43102317196510787,0.21181775645090378,-0.889453611357114,11.542019533725737,11.171569049348578,0.15048991431130007,0.47006517284667415,d1c06c81,-0.4724710604820057,504.4,0.2,40.3
0.2806695752183773,0.3091711587147663,U8,MN8014,10.840001998990896,4.563737713510019,CPG,SSPG,0.945,0.957,0.12009110582937284,0.43102317196510787,0.21181775645090378,-0.889453611357114,11.538979742552538,11.171569049348578,0.15048991431130007,0.47006517284667415,d1c06c81,-0.4724710604820057,504.4,0.2,40.3
0.2806695752183773,0.3091711587147663,U8,MN8014,10.840001998990896,4.563737713510019,CPG,SSPG,0.945,0.957,0.12009110582937284,0.43102317196510787,0.21181775645090378,-0.889453611357114,11.649705948543469,11.171569049348578,0.15048991431130007,0.47006517284667415,d1c06c81,-0.4724710604820057,504.4,0.2,40.3
0.2806695752183773,0.3091711587147663,U8,MN8014,10.840001998990896,4.563737713510019,CPG,SSPG,0.945,0.957,0.12009110582937284,0.43102317196510787,0.21181775645090378,-0.889453611357114,11.728780270742222,11.171569049348578,0.15048991431130007,0.47006517284667415,d1c06c81,-0.4724710604820057,504.4,0.2,40.3
0.28658810669301116,0.30635361049305965,U8,U12,11.325337446233945,5.502601385164983,CPG,SSPG,0.949,0.953,0.12501266353109636,0.4047708803731889,0.2270956469672829,-0.8676666144723058,11.91191564761077,19.573287450682486,0.13569328602232622,0.5525291207214172,29246959,2.240483345728406,527.6,0.4,38.4
0.28658810669301116,0.30635361049305965,U8,U12,11.325337446233945,5.502601385164983,CPG,SSPG,0.949,0.953,0.12501266353109636,0.4047708803731889,0.2270956469672829,-0.8676666144723058,9.847641857105987,19.573287450682486,0.13569328602232622,0.5525291207214172,29246959,2.240483345728406,527.6,0.4,38.4
0.28658810669301116,0.30635361049305965,U8,U12,11.325337446233945,5.502601385164983,CPG,SSPG,0.949,0.953,0.12501266353109636,0.4047708803731889,0.2270956469672829,-0.8676666144723058,10.073088162346123,19.573287450682486,0.13569328602232622,0.5525291207214172,29246959,2.240483345728406,527.6,0.4,38.4
0.28658810669301116,0.30635361049305965,U8,U12,11.325337446233945,5.502601385164983,CPG,SSPG,0.949,0.953,0.12501266353109636,0.4047708803731889,0.2270956469672829,-0.8676666144723058,10.927981124725669,19.573287450682486,0.13569328602232622,0.5525291207214172,29246959,2.240483345728406,527.6,0.4,38.4
0.28658810669301116,0.30635361049305965,U8,U12,11.325337446233945,5.502601385164983,CPG,SSPG,0.949,0.953,0.12501266353109636,0.4047708803731889,0.2270956469672829,-0.8676666144723058,12.509581882143214,19.573287450682486,0.13569328602232622,0.5525291207214172,29246959,2.240483345728406,527.6,0.4,38.4
0.272117648278004,0.32401904137589055,U8,MN8014,13.000961980582458,5.385816391289763,CPG,SSPG,0.936,0.945,0.11899089369406739,0.4145963703801717,0.26948441024402753,-1.0305364589010544,12.874815830424694,11.813965365960774,0.07204155356229389,0.3967574704517635,0a5dbeac,0.636163894460763,529.1,0.3,38.2
0.272117648278004,0.32401904137589055,U8,MN8014,13.000961980582458,5.385816391289763,CPG,SSPG,0.936,0.945,0.11899089369406739,0.4145963703801717,0.26948441024402753,-1.0305364589010544,14.540288209994962,11.813965365960774,0.07204155356229389,0.3967574704517635,0a5dbeac,0.636163894460763,529.1,0.3,38.2
0.272117648278004,0.32401904137589055,U8,MN8014,13.000961980582458,5.385816391289763,CPG,SSPG,0.936,0.945,0.11899089369406739,0.4145963703801717,0.26948441024402753,-1.0305364589010544,14.41496695666915,11.813965365960774,0.07204155356229389,0.3967574704517635,0a5dbeac,0.636163894460763,529.1,0.3,38.2
0.272117648278004,0.32401904137589055,U8,MN8014,13.000961980582458,5.385816391289763,CPG,SSPG,0.936,0.945,0.11899089369406739,0.4145963703801717,0.26948441024402753,-1.0305364589010544,14.341918137631977,11.813965365960774,0.07204155356229389,0.3967574704517635,0a5dbeac,0.636163894460763,529.1,0.3,38.2
0.272117648278004,0.32401904137589055,U8,MN8014,13.000961980582458,5.385816391289763,CPG,SSPG,0.936,0.945,0.11899089369406739,0.4145963703801717,0.26948441024402753,-1.0305364589010544,14.35032807893582,11.813965365960774,0.07204155356229389,0.3967574704517635,0a5dbeac,0.636163894460763,529.1,0.3,38.2
0.28323656825181687,0.2982288993721447,U8,MN8014,12.07137700855205,5.794217411087587,CPG,SSPG,0.95,0.962,0.11778227913124346,0.43230903106663243,0.2845464542584937,-0.8456178588897802,12.390521834883844,10.683607132071675,0.06659875925740995,0.3546995082360907,df2b1bc7,0.6216648380595284,479.5,0.4,40.2
0.28323656825181687,0.2982288993721447,U8,MN8014,12.07137700855205,5.794217411087587,CPG,SSPG,0.95,0.962,0.11778227913124346,0.43230903106663243,0.2845464542584937,-0.8456178588897802,12.434223726400731,10.683607132071675,0.06659875925740995,0.3546995082360907,df2b1bc7,0.6216648380595284,479.5,0.4,40.2
0.28323656825181687,0.2982288993721447,U8,MN8014,12.07137700855205,5.794217411087587,CPG,SSPG,0.95,0.962,0.11778227913124346,0.43230903106663243,0.2845464542584937,-0.8456178588897802,11.29137401574617,10.683607132071675,0.06659875925740995,0.3546995082360907,df2b1bc7,0.6216648380595284,479.5,0.4,40.2
0.28323656825181687,0.2982288993721447,U8,MN8014,12.07137700855205,5.794217411087587,CPG,SSPG,0.95,0.962,0.11778227913124346,0.43230903106663243,0.2845464542584937,-0.8456178588897802,11.548181407567267,10.683607132071675,0.06659875925740995,0.3546995082360907,df2b1bc7,0.6216648380595284,479.5,0.4,40.2
0.28323656825181687,0.2982288993721447,U8,MN8014,12.07137700855205,5.794217411087587,CPG,SSPG,0.95,0.962,0.11778227913124346,0.43230903106663243,0.2845464542584937,-0.8456178588897802,12.473736175610123,10.683607132071675,0.06659875925740995,0.3546995082360907,df2b1bc7,0.6216648380595284,479.5,0.4,40.2
0.26423241560020444,0.3310514574475354,U8,MN8014,11.913844471478374,6.3583990495075255,CPG,CPG,0.949,0.958,0.11398434235498174,0.4174080897932132,0.20374233519144047,-0.9107575028443224,13.843435508444717,13.026183503122644,0.13596437837052103,0.5321745152344984,7c8f89df,-0.370615175361217,463.6,1.2,38.7
0.26423241560020444,0.3310514574475354,U8,MN8014,11.913844471478374,6.3583990495075255,CPG,CPG,0.949,0.958,0.11398434235498174,0.4174080897932132,0.20374233519144047,-0.9107575028443224,13.46196623773351,13.026183503122644,0.13596437837052103,0.5321745152344984,7c8f89df,-0.370615175361217,463.6,1.2,38.7
0.26423241560020444,0.3310514574475354,U8,MN8014,11.913844471478374,6.3583990495075255,CPG,CPG,0.949,0.958,0.11398434235498174,0.4174080897932132,0.20374233519144047,-0.9107575028443224,13.816785502606733,13.026183503122644,0.13596437837052103,0.5321745152344984,7c8f89df,-0.370615175361217,463.6,1.2,38.7
0.26423241560020444,0.3310514574475354,U8,MN8014,11.913844471478374,6.3583990495075255,CPG,CPG,0.949,0.958,0.11398434235498174,0.4174080897932132,0.20374233519144047,-0.9107575028443224,13.676088142698562,13.026183503122644,0.13596437837052103,0.5321745152344984,7c8f89df,-0.370615175361217,463.6,1.2,38.7
0.26423241560020444,0.3310514574475354,U8,MN8014,11.913844471478374,6.3583990495075255,CPG,CPG,0.949,0.958,0.11398434235498174,0.4174080897932132,0.20374233519144047,-0.9107575028443224,13.815759262364404,13.026183503122644,0.13596437837052103,0.5321745152344984,7c8f89df,-0.370615175361217,463.6,1.2,38.7
0.2689665922945154,0.30189520757217975,U8,MN8014,11.549639772108906,5.315553355634042,CPG,CPG,0.947,0.952,0.11657428256801641,0.4262185169846371,0.2029392916252275,-0.7487361603576166,12.284848406672912,12.808277587903374,0.19823544610236224,0.5053498481612502,afc7cc6b,-0.1615386552897764,505.7,0.1,37.4
0.2689665922945154,0.30189520757217975,U8,MN8014,11.549639772108906,5.315553355634042,CPG,CPG,0.947,0.952,0.11657428256801641,0.4262185169846371,0.2029392916252275,-0.7487361603576166,12.765313139018954,12.808277587903374,0.19823544610236224,0.5053498481612502,afc7cc6b,-0.1615386552897764,505.7,0.1,37.4
0.2689665922945154,0.30189520757217975,U8,MN8014,11.549639772108906,5.315553355634042,CPG,CPG,0.947,0.952,0.11657428256801641,0.4262185169846371,0.2029392916252275,-0.7487361603576166,12.724543836362745,12.808277587903374,0.19823544610236224,0.5053498481612502,afc7cc6b,-0.1615386552897764,505.7,0.1,37.4
0.2689665922945154,0.30189520757217975,U8,MN8014,11.549639772108906,5.315553355634042,CPG,CPG,0.947,0.952,0.11657428256801641,0.4262185169846371,0.2029392916252275,-0.7487361603576166,12.697787579778609,12.808277587903374,0.19823544610236224,0.5053498481612502,afc7cc6b,-0.1615386552897764,505.7,0.1,37.4
0.2689665922945154,0.30189520757217975,U8,MN8014,11.549639772108906,5.315553355634042,CPG,CPG,0.947,0.952,0.11657428256801641,0.4262185169846371,0.2029392916252275,-0.7487361603576166,12.784253572393494,12.808277587903374,0.19823544610236224,0.5053498481612502,afc7cc6b,-0.1615386552897764,505.7,0.1,37.4
0.27664261854995553,0.3264490035831836,U8,MN8014,12.644753910020514,5.623836461465694,CPG,SSPG,0.949,0.962,0.11648264032861746,0.42750944380234385,0.22017277583634332,-1.0278989140397665,14.230380212019853,13.890951556035867,0.16401522256664292,0.5783209060239926,dd9a6838,-0.5176651071752634,559.5,0.5,39.3
0.27664261854995553,0.3264490035831836,U8,MN8014,12.644753910020514,5.623836461465694,CPG,SSPG,0.949,0.962,0.11648264032861746,0.42750944380234385,0.22017277583634332,-1.0278989140397665,14.923885251915317,13.890951556035867,0.16401522256664292,0.5783209060239926,dd9a6838,-0.5176651071752634,559.5,0.5,39.3
0.27664261854995553,0.3264490035831836,U8,MN8014,12.644753910020514,5.623836461465694,CPG,SSPG,0.949,0.962,0.11648264032861746,0.42750944380234385,0.22017277583634332,-1.0278989140397665,14.748753165841098,13.890951556035867,0.16401522256664292,0.5783209060239926,dd9a6838,-0.5176651071752634,559.5,0.5,39.3
0.27664261854995553,0.3264490035831836,U8,MN8014,12.644753910020514,5.623836461465694,CPG,SSPG,0.949,0.962,0.11648264032861746,0.42750944380234385,0.22017277583634332,-1.0278989140397665,12.884799446607861,13.890951556035867,0.16401522256664292,0.5783209060239926,dd9a6838,-0.5176651071752634,559.5,0.5,39.3
0.27664261854995553,0.3264490035831836,U8,MN8014,12.644753910020514,5.623836461465694,CPG,SSPG,0.949,0.962,0.11648264032861746,0.42750944380234385,0.22017277583634332,-1.0278989140397665,14.637060640960994,13.890951556035867,0.16401522256664292,0.5783209060239926,dd9a6838,-0.5176651071752634,559.5,0.5,39.3
0.2790495188599444,0.3180756690247971,U8,MN8014,11.601341815046773,5.54536101299133,CPG,SSPG,0.948,0.953,0.12192058978169597,0.4209624935568299,0.20261464459130765,-0.8849204420875543,8.696916166714178,13.774018594056553,0.26662605069475476,0.44244272106583227,7e55fc2a,0.9696986960854765,629.4,0.6,38.5
0.2790495188599444,0.3180756690247971,U8,MN8014,11.601341815046773,5.54536101299133,CPG,SSPG,0.948,0.953,0.12192058978169597,0.4209624935568299,0.20261464459130765,-0.8849204420875543,9.312687683732145,13.774018594056553,0.26662605069475476,0.44244272106583227,7e55fc2a,0.9696986960854765,629.4,0.6,38.5
0.2790495188599444,0.3180756690247971,U8,MN8014,11.601341815046773,5.54536101299133,CPG,SSPG,0.948,0.953,0.12192058978169597,0.4209624935568299,0.20261464459130765,-0.8849204420875543,9.366743765078258,13.774018594056553,0.26662605069475476,0.44244272106583227,7e55fc2a,0.9696986960854765,629.4,0.6,38.5
0.2790495188599444,0.3180756690247971,U8,MN8014,11.601341815046773,5.54536101299133,CPG,SSPG,0.948,0.953,0.12192058978169597,0.4209624935568299,0.20261464459130765,-0.8849204420875543,9.366081917981289,13.774018594056553,0.26662605069475476,0.44244272106583227,7e55fc2a,0.9696986960854765,629.4,0.6,38.5
0.2790495188599444,0.3180756690247971,U8,MN8014,11.601341815046773,5.54536101299133,CPG,SSPG,0.948,0.953,0.12192058978169597,0.4209624935568299,0.20261464459130765,-0.8849204420875543,9.560885921664449,13.774018594056553,0.26662605069475476,0.44244272106583227,7e55fc2a,0.9696986960854765,629.4,0.6,38.5
0.29546945836686733,0.306998312585078,U8,MN8014,9.714352055498152,5.446192222712231,CPG,SSPG,0.95,0.945,0.11520934897411025,0.4295482294783114,0.21563503889426558,-0.7129440224291028,6.470680928457785,10.304337087615174,0.20726472941049107,0.3529952632432658,904e0b68,0.4763495585347419,512.7,0.9,39.1
0.29546945836686733,0.306998312585078,U8,MN8014,9.714352055498152,5.446192222712231,CPG,SSPG,0.95,0.945,0.11520934897411025,0.4295482294783114,0.21563503889426558,-0.7129440224291028,6.471020299835152,10.304337087615174,0.20726472941049107,0.3529952632432658,904e0b68,0.4763495585347419,512.7,0.9,39.1
0.29546945836686733,0.306998312585078,U8,MN8014,9.714352055498152,5.446192222712231,CPG,SSPG,0.95,0.945,0.11520934897411025,0.4295482294783114,0.21563503889426558,-0.7129440224291028,6.6590332131073255,10.304337087615174,0.20726472941049107,0.3529952632432658,904e0b68,0.4763495585347419,512.7,0.9,39.1
0.29546945836686733,0.306998312585078,U8,MN8014,9.714352055498152,5.446192222712231,CPG,SSPG,0.95,0.945,0.11520934897411025,0.4295482294783114,0.21563503889426558,-0.7129440224291028,6.891754694841936,10.304337087615174,0.20726472941049107,0.3529952632432658,904e0b68,0.4763495585347419,512.7,0.9,39.1
0.29546945836686733,0.306998312585078,U8,MN8014,9.714352055498152,5.446192222712231,CPG,SSPG,0.95,0.945,0.11520934897411025,0.4295482294783114,0.21563503889426558,-0.7129440224291028,6.8281240239182175,10.304337087615174,0.20726472941049107,0.3529952632432658,904e0b68,0.4763495585347419,512.7,0.9,39.1
0.2755888669593452,0.3122492574191774,U8,MN8014,12.193105266886255,5.550180891147552,CPG,SSPG,0.949,0.962,0.11845795564738633,0.40672778670126647,0.24669752947551005,-1.1761920447358623,11.791119325099265,10.04599529788453,0.055880916037042865,0.31093238874275186,22fd5923,0.8403699651446628,497.9,1.4,34.5
0.2755888669593452,0.3122492574191774,U8,MN8014,12.193105266886255,5.550180891147552,CPG,SSPG,0.949,0.962,0.11845795564738633,0.40672778670126647,0.24669752947551005,-1.1761920447358623,11.695318463216564,10.04599529788453,0.055880916037042865,0.31093238874275186,22fd5923,0.8403699651446628,497.9,1.4,34.5
0.2755888669593452,0.3122492574191774,U8,MN8014,12.193105266886255,5.550180891147552,CPG,SSPG,0.949,0.962,0.11845795564738633,0.40672778670126647,0.24669752947551005,-1.1761920447358623,11.728555154354364,10.04599529788453,0.055880916037042865,0.31093238874275186,22fd5923,0.8403699651446628,497.9,1.4,34.5
0.2755888669593452,0.3122492574191774,U8,MN8014,12.193105266886255,5.550180891147552,CPG,SSPG,0.949,0.962,0.11845795564738633,0.40672778670126647,0.24669752947551005,-1.1761920447358623,11.921540137788902,10.04599529788453,0.055880916037042865,0.31093238874275186,22fd5923,0.8403699651446628,497.9,1.4,34.5
0.2755888669593452,0.3122492574191774,U8,MN8014,12.193105266886255,5.550180891147552,CPG,SSPG,0.949,0.962,0.11845795564738633,0.40672778670126647,0.24669752947551005,-1.1761920447358623,11.77695767298445,10.04599529788453,0.055880916037042865,0.31093238874275186,22fd5923,0.8403699651446628,497.9,1.4,34.5
0.2788019697872094,0.3214308994721172,U8,MN8014,12.048268353758182,5.553888184705081,CPG,SSPG,0.944,0.962,0.11350640735822311,0.42474283527620343,0.20100785962662068,-1.1364696177272995,14.280660392828443,12.393549838531865,0.12683080462422586,0.5071480099755722,129bbbd9,-0.3618894779002675,480.6,0.8,36.2
0.2788019697872094,0.3214308994721172,U8,MN8014,12.048268353758182,5.553888184705081,CPG,SSPG,0.944,0.962,0.11350640735822311,0.42474283527620343,0.20100785962662068,-1.1364696177272995,14.047528310126415,12.393549838531865,0.12683080462422586,0.5071480099755722,129bbbd9,-0.3618894779002675,480.6,0.8,36.2
0.2788019697872094,0.3214308994721172,U8,MN8014,12.048268353758182,5.553888184705081,CPG,SSPG,0.944,0.962,0.11350640735822311,0.42474283527620343,0.20100785962662068,-1.1364696177272995,13.396477751601761,12.393549838531865,0.12683080462422586,0.5071480099755722,129bbbd9,-0.3618894779002675,480.6,0.8,36.2
0.2788019697872094,0.3214308994721172,U8,MN8014,12.048268353758182,5.553888184705081,CPG,SSPG,0.944,0.962,0.11350640735822311,0.42474283527620343,0.20100785962662068,-1.1364696177272995,13.580969486755599,12.393549838531865,0.12683080462422586,0.5071480099755722,129bbbd9,-0.3618894779002675,480.6,0.8,36.2
0.2788019697872094,0.3214308994721172,U8,MN8014,12.048268353758182,5.553888184705081,CPG,SSPG,0.944,0.962,0.11350640735822311,0.42474283527620343,0.20100785962662068,-1.1364696177272995,13.935071517318386,12.393549838531865,0.12683080462422586,0.5071480099755722,129bbbd9,-0.3618894779002675,480.6,0.8,36.2
0.3038730848267789,0.3068942390796536,U8,MN8014,11.00746978797683,5.592045795909326,CPG,SSPG,0.939,0.962,0.11860720690309956,0.4481732230206824,0.2180873289293631,-0.9618035049593119,11.458707114693961,10.60833818587021,0.13689604652749227,0.4361260143221652,990c7187,-0.3327344008745161,469.1,0.4,39.6
0.3038730848267789,0.3068942390796536,U8,MN8014,11.00746978797683,5.592045795909326,CPG,SSPG,0.939,0.962,0.11860720690309956,0.4481732230206824,0.2180873289293631,-0.9618035049593119,11.476536083665943,10.60833818587021,0.13689604652749227,0.4361260143221652,990c7187,-0.3327344008745161,469.1,0.4,39.6
0.3038730848267789,0.3068942390796536,U8,MN8014,11.00746978797683,5.592045795909326,CPG,SSPG,0.939,0.962,0.11860720690309956,0.4481732230206824,0.2180873289293631,-0.9618035049593119,11.480929939781928,10.60833818587021,0.13689604652749227,0.4361260143221652,990c7187,-0.3327344008745161,469.1,0.4,39.6
0.3038730848267789,0.3068942390796536,U8,MN8014,11.00746978797683,5.592045795909326,CPG,SSPG,0.939,0.962,0.11860720690309956,0.4481732230206824,0.2180873289293631,-0.9618035049593119,11.45763052605034,10.60833818587021,0.13689604652749227,0.4361260143221652,990c7187,-0.3327344008745161,469.1,0.4,39.6
0.3038730848267789,0.3068942390796536,U8,MN8014,11.00746978797683,5.592045795909326,CPG,SSPG,0.939,0.962,0.11860720690309956,0.4481732230206824,0.2180873289293631,-0.9618035049593119,11.424784440738451,10.60833818587021,0.13689604652749227,0.4361260143221652,990c7187,-0.3327344008745161,469.1,0.4,39.6
0.2701805860411313,0.3381802636190651,U8,MN8014,12.167938975470463,5.697085335494967,CPG,SSPG,0.949,0.947,0.11802057832125823,0.4128610900850776,0.23244505758545153,-0.9511120965229286,10.244249781839825,13.795937684685077,0.1574609918328287,0.5811590600228537,dce7d203,-0.5910294131165292,592.7,0.8,40.1
0.2701805860411313,0.3381802636190651,U8,MN8014,12.167938975470463,5.697085335494967,CPG,SSPG,0.949,0.947,0.11802057832125823,0.4128610900850776,0.23244505758545153,-0.9511120965229286,15.843008573481189,13.795937684685077,0.1574609918328287,0.5811590600228537,dce7d203,-0.5910294131165292,592.7,0.8,40.1
0.2701805860411313,0.3381802636190651,U8,MN8014,12.167938975470463,5.697085335494967,CPG,SSPG,0.949,0.947,0.11802057832125823,0.4128610900850776,0.23244505758545153,-0.9511120965229286,15.740193011133107,13.795937684685077,0.1574609918328287,0.5811590600228537,dce7d203,-0.5910294131165292,592.7,0.8,40.1
0.2701805860411313,0.3381802636190651,U8,MN8014,12.167938975470463,5.697085335494967,CPG,SSPG,0.949,0.947,0.11802057832125823,0.4128610900850776,0.23244505758545153,-0.9511120965229286,15.74334448585939,13.795937684685077,0.1574609918328287,0.5811590600228537,dce7d203,-0.5910294131165292,592.7,0.8,40.1
0.2701805860411313,0.3381802636190651,U8,MN8014,12.167938975470463,5.697085335494967,CPG,SSPG,0.949,0.947,0.11802057832125823,0.4128610900850776,0.23244505758545153,-0.9511120965229286,15.416262554644028,13.795937684685077,0.1574609918328287,0.5811590600228537,dce7d203,-0.5910294131165292,592.7,0.8,40.1
0.3013881378537242,0.30395702243580563,U8,MN8014,11.246452727093036,5.832995323843234,CPG,SSPG,0.937,0.962,0.12062971766345094,0.4291531961430143,0.2210620813284117,-1.0571760977146334,10.581279869625972,11.126238710463259,0.1428902281074604,0.4522097105766118,89940ac4,-0.29002461905697174,525.6,1.0,36.9
0.3013881378537242,0.30395702243580563,U8,MN8014,11.246452727093036,5.832995323843234,CPG,SSPG,0.937,0.962,0.12062971766345094,0.4291531961430143,0.2210620813284117,-1.0571760977146334,10.993224511750293,11.126238710463259,0.1428902281074604,0.4522097105766118,89940ac4,-0.29002461905697174,525.6,1.0,36.9
0.3013881378537242,0.30395702243580563,U8,MN8014,11.246452727093036,5.832995323843234,CPG,SSPG,0.937,0.962,0.12062971766345094,0.4291531961430143,0.2210620813284117,-1.0571760977146334,10.873918590071062,11.126238710463259,0.1428902281074604,0.4522097105766118,89940ac4,-0.29002461905697174,525.6,1.0,36.9
0.3013881378537242,0.30395702243580563,U8,MN8014,11.246452727093036,5.832995323843234,CPG,SSPG,0.937,0.962,0.12062971766345094,0.4291531961430143,0.2210620813284117,-1.0571760977146334,10.18135506575873,11.126238710463259,0.1428902281074604,0.4522097105766118,89940ac4,-0.29002461905697174,525.6,1.0,36.9
0.3013881378537242,0.30395702243580563,U8,MN8014,11.246452727093036,5.832995323843234,CPG,SSPG,0.937,0.962,0.12062971766345094,0.4291531961430143,0.2210620813284117,-1.0571760977146334,11.244530987504744,11.126238710463259,0.1428902281074604,0.4522097105766118,89940ac4,-0.29002461905697174,525.6,1.0,36.9
0.27272597074217264,0.340827524501339,U8,U12,11.377317191381321,4.993397412989945,CPG,SSPG,0.935,0.959,0.12948656586504015,0.44429012911363897,0.22084331749644137,-1.0812270402886706,11.874753382590725,15.633161498850368,0.11619446679273845,0.48882273901256307,39236763,1.251572781041637,509.0,1.1,41.5
0.27272597074217264,0.340827524501339,U8,U12,11.377317191381321,4.993397412989945,CPG,SSPG,0.935,0.959,0.12948656586504015,0.44429012911363897,0.22084331749644137,-1.0812270402886706,11.790079066644523,15.633161498850368,0.11619446679273845,0.48882273901256307,39236763,1.251572781041637,509.0,1.1,41.5
0.27272597074217264,0.340827524501339,U8,U12,11.377317191381321,4.993397412989945,CPG,SSPG,0.935,0.959,0.12948656586504015,0.44429012911363897,0.22084331749644137,-1.0812270402886706,12.100064148600705,15.633161498850368,0.11619446679273845,0.48882273901256307,39236763,1.251572781041637,509.0,1.1,41.5
0.27272597074217264,0.340827524501339,U8,U12,11.377317191381321,4.993397412989945,CPG,SSPG,0.935,0.959,0.12948656586504015,0.44429012911363897,0.22084331749644137,-1.0812270402886706,11.159942572169964,15.633161498850368,0.11619446679273845,0.48882273901256307,39236763,1.251572781041637,509.0,1.1,41.5
0.27272597074217264,0.340827524501339,U8,U12,11.377317191381321,4.993397412989945,CPG,SSPG,0.935,0.959,0.12948656586504015,0.44429012911363897,0.22084331749644137,-1.0812270402886706,10.95031441688662,15.633161498850368,0.11619446679273845,0.48882273901256307,39236763,1.251572781041637,509.0,1.1,41.5
0.2695558988813983,0.32291349713419537,U8,MN8014,12.867055784746213,6.8750117655626415,CPG,CPG,0.947,0.958,0.10966225638213697,0.42156026501801663,0.23140009654979407,-0.5995220682551543,10.635009516112369,15.35386619834869,0.2294017759253027,0.592804292395109,f35b7d90,-0.04669456030884067,516.3,1.7,36.5
0.2695558988813983,0.32291349713419537,U8,MN8014,12.867055784746213,6.8750117655626415,CPG,CPG,0.947,0.958,0.10966225638213697,0.42156026501801663,0.23140009654979407,-0.5995220682551543,14.170597706682788,15.35386619834869,0.2294017759253027,0.592804292395109,f35b7d90,-0.04669456030884067,516.3,1.7,36.5
0.2695558988813983,0.32291349713419537,U8,MN8014,12.867055784746213,6.8750117655626415,CPG,CPG,0.947,0.958,0.10966225638213697,0.42156026501801663,0.23140009654979407,-0.5995220682551543,14.126718907827389,15.35386619834869,0.2294017759253027,0.592804292395109,f35b7d90,-0.04669456030884067,516.3,1.7,36.5
0.2695558988813983,0.32291349713419537,U8,MN8014,12.867055784746213,6.8750117655626415,CPG,CPG,0.947,0.958,0.10966225638213697,0.42156026501801663,0.23140009654979407,-0.5995220682551543,14.122546503217531,15.35386619834869,0.2294017759253027,0.592804292395109,f35b7d90,-0.04669456030884067,516.3,1.7,36.5
0.2695558988813983,0.32291349713419537,U8,MN8014,12.867055784746213,6.8750117655626415,CPG,CPG,0.947,0.958,0.10966225638213697,0.42156026501801663,0.23140009654979407,-0.5995220682551543,14.155269594482132,15.35386619834869,0.2294017759253027,0.592804292395109,f35b7d90,-0.04669456030884067,516.3,1.7,36.5
0.28534674561167095,0.33544652914750145,U8,MN8014,11.952311671859311,4.854529197326928,CPG,CPG,0.944,0.955,0.12476930737982032,0.42550319792614083,0.21816815792505562,-1.1277376906912262,12.920290612468749,12.090310054684366,0.12634031645231075,0.49583027297820625,39b58061,-0.3653840572251372,588.8,0.4,44.1
0.28534674561167095,0.33544652914750145,U8,MN8014,11.952311671859311,4.854529197326928,CPG,CPG,0.944,0.955,0.12476930737982032,0.42550319792614083,0.21816815792505562,-1.1277376906912262,13.414497082993611,12.090310054684366,0.12634031645231075,0.49583027297820625,39b58061,-0.3653840572251372,588.8,0.4,44.1
0.28534674561167095,0.33544652914750145,U8,MN8014,11.952311671859311,4.854529197326928,CPG,CPG,0.944,0.955,0.12476930737982032,0.42550319792614083,0.21816815792505562,-1.1277376906912262,13.974163075846194,12.090310054684366,0.12634031645231075,0.49583027297820625,39b58061,-0.3653840572251372,588.8,0.4,44.1
0.28534674561167095,0.33544652914750145,U8,MN8014,11.952311671859311,4.854529197326928,CPG,CPG,0.944,0.955,0.12476930737982032,0.42550319792614083,0.21816815792505562,-1.1277376906912262,14.03754908723309,12.090310054684366,0.12634031645231075,0.49583027297820625,39b58061,-0.3653840572251372,588.8,0.4,44.1
0.28534674561167095,0.33544652914750145,U8,MN8014,11.952311671859311,4.854529197326928,CPG,CPG,0.944,0.955,0.12476930737982032,0.42550319792614083,0.21816815792505562,-1.1277376906912262,12.991397409255262,12.090310054684366,0.12634031645231075,0.49583027297820625,39b58061,-0.3653840572251372,588.8,0.4,44.1
0.2826825406815965,0.3293802153064551,U8,MN8014,11.018483403799458,4.668510426038911,CPG,CPG,0.939,0.967,0.11751409372588217,0.4218044013588196,0.22533644666224173,-0.9232336710294284,12.407728551454873,11.910611263009354,0.1682308292248728,0.4988497908974616,854f0c9f,-0.47755546874239574,557.5,1.0,38.8
0.2826825406815965,0.3293802153064551,U8,MN8014,11.018483403799458,4.668510426038911,CPG,CPG,0.939,0.967,0.11751409372588217,0.4218044013588196,0.22533644666224173,-0.9232336710294284,12.083483525609202,11.910611263009354,0.1682308292248728,0.4988497908974616,854f0c9f,-0.47755546874239574,557.5,1.0,38.8
0.2826825406815965,0.3293802153064551,U8,MN8014,11.018483403799458,4.668510426038911,CPG,CPG,0.939,0.967,0.11751409372588217,0.4218044013588196,0.22533644666224173,-0.9232336710294284,12.487408154697782,11.910611263009354,0.1682308292248728,0.4988497908974616,854f0c9f,-0.47755546874239574,557.5,1.0,38.8
0.2826825406815965,0.3293802153064551,U8,MN8014,11.018483403799458,4.668510426038911,CPG,CPG,0.939,0.967,0.11751409372588217,0.4218044013588196,0.22533644666224173,-0.9232336710294284,12.469993106582594,11.910611263009354,0.1682308292248728,0.4988497908974616,854f0c9f,-0.47755546874239574,557.5,1.0,38.8
0.2826825406815965,0.3293802153064551,U8,MN8014,11.018483403799458,4.668510426038911,CPG,CPG,0.939,0.967,0.11751409372588217,0.4218044013588196,0.22533644666224173,-0.9232336710294284,12.483012596563455,11.910611263009354,0.1682308292248728,0.4988497908974616,854f0c9f,-0.47755546874239574,557.5,1.0,38.8
0.27725634974835967,0.31944716889902636,U8,MN8014,10.078410642585581,4.777914517740251,CPG,SSPG,0.95,0.941,0.11890459906130094,0.452298576236528,0.20271780276739387,-1.028270964564879,11.480698149857425,10.13571732088845,0.1518284501411433,0.43439002871181337,2861e452,-0.5182055725731889,504.0,0.8,38.8
0.27725634974835967,0.31944716889902636,U8,MN8014,10.078410642585581,4.777914517740251,CPG,SSPG,0.95,0.941,0.11890459906130094,0.452298576236528,0.20271780276739387,-1.028270964564879,9.471931100918482,10.13571732088845,0.1518284501411433,0.43439002871181337,2861e452,-0.5182055725731889,504.0,0.8,38.8
0.27725634974835967,0.31944716889902636,U8,MN8014,10.078410642585581,4.777914517740251,CPG,SSPG,0.95,0.941,0.11890459906130094,0.452298576236528,0.20271780276739387,-1.028270964564879,11.332735180606292,10.13571732088845,0.1518284501411433,0.43439002871181337,2861e452,-0.5182055725731889,504.0,0.8,38.8
0.27725634974835967,0.31944716889902636,U8,MN8014,10.078410642585581,4.777914517740251,CPG,SSPG,0.95,0.941,0.11890459906130094,0.452298576236528,0.20271780276739387,-1.028270964564879,11.14364600781706,10.13571732088845,0.1518284501411433,0.43439002871181337,2861e452,-0.5182055725731889,504.0,0.8,38.8
0.27725634974835967,0.31944716889902636,U8,MN8014,10.078410642585581,4.777914517740251,CPG,SSPG,0.95,0.941,0.11890459906130094,0.452298576236528,0.20271780276739387,-1.028270964564879,11.205878805498946,10.13571732088845,0.1518284501411433,0.43439002871181337,2861e452,-0.5182055725731889,504.0,0.8,38.8
0.28884929862823916,0.3196679889093801,U8,MN8014,12.069241796249916,5.546388517091148,CPG,SSPG,0.95,0.953,0.11377575440170302,0.435872046199276,0.20889075796214285,-0.9243555692241902,11.501313726221266,13.611310257476589,0.23211769134431523,0.5083820965052233,7ca3ca09,0.152661108827588,544.7,1.4,35.7
0.28884929862823916,0.3196679889093801,U8,MN8014,12.069241796249916,5.546388517091148,CPG,SSPG,0.95,0.953,0.11377575440170302,0.435872046199276,0.20889075796214285,-0.9243555692241902,11.43476404953047,13.611310257476589,0.23211769134431523,0.5083820965052233,7ca3ca09,0.152661108827588,544.7,1.4,35.7
0.28884929862823916,0.3196679889093801,U8,MN8014,12.069241796249916,5.546388517091148,CPG,SSPG,0.95,0.953,0.11377575440170302,0.435872046199276,0.20889075796214285,-0.9243555692241902,11.063538993842487,13.611310257476589,0.23211769134431523,0.5083820965052233,7ca3ca09,0.152661108827588,544.7,1.4,35.7
0.28884929862823916,0.3196679889093801,U8,MN8014,12.069241796249916,5.546388517091148,CPG,SSPG,0.95,0.953,0.11377575440170302,0.435872046199276,0.20889075796214285,-0.9243555692241902,11.184416789405947,13.611310257476589,0.23211769134431523,0.5083820965052233,7ca3ca09,0.152661108827588,544.7,1.4,35.7
0.28884929862823916,0.3196679889093801,U8,MN8014,12.069241796249916,5.546388517091148,CPG,SSPG,0.95,0.953,0.11377575440170302,0.435872046199276,0.20889075796214285,-0.9243555692241902,11.237406184421921,13.611310257476589,0.23211769134431523,0.5083820965052233,7ca3ca09,0.152661108827588,544.7,1.4,35.7
0.27630902952100644,0.32435961057905965,U8,MN8014,11.198069002205816,5.778161324841539,CPG,SSPG,0.937,0.962,0.1207095681900158,0.4210152758418111,0.20246143731088745,-0.7886171596173989,8.420555692025637,13.194538665769704,0.25269916370774215,0.44426755658246164,b501ca12,0.6975418393285597,571.1,1.0,38.3
0.27630902952100644,0.32435961057905965,U8,MN8014,11.198069002205816,5.778161324841539,CPG,SSPG,0.937,0.962,0.1207095681900158,0.4210152758418111,0.20246143731088745,-0.7886171596173989,9.558362390389513,13.194538665769704,0.25269916370774215,0.44426755658246164,b501ca12,0.6975418393285597,571.1,1.0,38.3
0.27630902952100644,0.32435961057905965,U8,MN8014,11.198069002205816,5.778161324841539,CPG,SSPG,0.937,0.962,0.1207095681900158,0.4210152758418111,0.20246143731088745,-0.7886171596173989,9.36675022566966,13.194538665769704,0.25269916370774215,0.44426755658246164,b501ca12,0.6975418393285597,571.1,1.0,38.3
0.27630902952100644,0.32435961057905965,U8,MN8014,11.198069002205816,5.778161324841539,CPG,SSPG,0.937,0.962,0.1207095681900158,0.4210152758418111,0.20246143731088745,-0.7886171596173989,9.45836855816479,13.194538665769704,0.25269916370774215,0.44426755658246164,b501ca12,0.6975418393285597,571.1,1.0,38.3
0.27630902952100644,0.32435961057905965,U8,MN8014,11.198069002205816,5.778161324841539,CPG,SSPG,0.937,0.962,0.1207095681900158,0.4210152758418111,0.20246143731088745,-0.7886171596173989,9.565035134431712,13.194538665769704,0.25269916370774215,0.44426755658246164,b501ca12,0.6975418393285597,571.1,1.0,38.3
0.30034418683387953,0.3153815356598042,U8,MN8014,11.661149763498857,6.20153602003178,CPG,CPG,0.939,0.954,0.115557767030542,0.435702301294541,0.2051550488358516,-1.0436322823377089,9.030762519309983,12.769318865743434,0.2288417954656557,0.4443140395843525,f9caf76f,0.512466015634355,572.5,2.2,36.7
0.30034418683387953,0.3153815356598042,U8,MN8014,11.661149763498857,6.20153602003178,CPG,CPG,0.939,0.954,0.115557767030542,0.435702301294541,0.2051550488358516,-1.0436322823377089,9.445550149949863,12.769318865743434,0.2288417954656557,0.4443140395843525,f9caf76f,0.512466015634355,572.5,2.2,36.7
0.30034418683387953,0.3153815356598042,U8,MN8014,11.661149763498857,6.20153602003178,CPG,CPG,0.939,0.954,0.115557767030542,0.435702301294541,0.2051550488358516,-1.0436322823377089,8.089192436343467,12.769318865743434,0.2288417954656557,0.4443140395843525,f9caf76f,0.512466015634355,572.5,2.2,36.7
0.30034418683387953,0.3153815356598042,U8,MN8014,11.661149763498857,6.20153602003178,CPG,CPG,0.939,0.954,0.115557767030542,0.435702301294541,0.2051550488358516,-1.0436322823377089,8.296589159004759,12.769318865743434,0.2288417954656557,0.4443140395843525,f9caf76f,0.512466015634355,572.5,2.2,36.7
0.30034418683387953,0.3153815356598042,U8,MN8014,11.661149763498857,6.20153602003178,CPG,CPG,0.939,0.954,0.115557767030542,0.435702301294541,0.2051550488358516,-1.0436322823377089,9.766772811999477,12.769318865743434,0.2288417954656557,0.4443140395843525,f9caf76f,0.512466015634355,572.5,2.2,36.7
0.26685924285627055,0.3238619313501683,U8,MN8014,12.073340252915068,5.014240837337928,CPG,SSPG,0.95,0.959,0.1143673807473946,0.4460149090528185,0.3240735775702899,-0.8911344510355337,13.011382149727025,11.916801876760852,0.07699527475717999,0.4068848861509552,d7d01785,0.566155648281395,535.3,1.7,35.9
0.26685924285627055,0.3238619313501683,U8,MN8014,12.073340252915068,5.014240837337928,CPG,SSPG,0.95,0.959,0.1143673807473946,0.4460149090528185,0.3240735775702899,-0.8911344510355337,12.943488096492196,11.916801876760852,0.07699527475717999,0.4068848861509552,d7d01785,0.566155648281395,535.3,1.7,35.9
0.26685924285627055,0.3238619313501683,U8,MN8014,12.073340252915068,5.014240837337928,CPG,SSPG,0.95,0.959,0.1143673807473946,0.4460149090528185,0.3240735775702899,-0.8911344510355337,12.462020282177358,11.916801876760852,0.07699527475717999,0.4068848861509552,d7d01785,0.566155648281395,535.3,1.7,35.9
0.26685924285627055,0.3238619313501683,U8,MN8014,12.073340252915068,5.014240837337928,CPG,SSPG,0.95,0.959,0.1143673807473946,0.4460149090528185,0.3240735775702899,-0.8911344510355337,13.417079983037956,11.916801876760852,0.07699527475717999,0.4068848861509552,d7d01785,0.566155648281395,535.3,1.7,35.9
0.26685924285627055,0.3238619313501683,U8,MN8014,12.073340252915068,5.014240837337928,CPG,SSPG,0.95,0.959,0.1143673807473946,0.4460149090528185,0.3240735775702899,-0.8911344510355337,13.517829237076992,11.916801876760852,0.07699527475717999,0.4068848861509552,d7d01785,0.566155648281395,535.3,1.7,35.9
0.2642966885772038,0.3427863119783934,U8,MN8014,10.925588992669626,4.571300051647844,CPG,SSPG,0.949,0.957,0.11494944458942792,0.42214682162246064,0.2074620978380426,-1.1214816572318096,14.161122145294847,11.250535138768218,0.11036302626161235,0.46315735242165257,a7f4ad18,-0.3600038423658285,514.5,0.9,39.7
0.2642966885772038,0.3427863119783934,U8,MN8014,10.925588992669626,4.571300051647844,CPG,SSPG,0.949,0.957,0.11494944458942792,0.42214682162246064,0.2074620978380426,-1.1214816572318096,12.5426794499748,11.250535138768218,0.11036302626161235,0.46315735242165257,a7f4ad18,-0.3600038423658285,514.5,0.9,39.7
0.2642966885772038,0.3427863119783934,U8,MN8014,10.925588992669626,4.571300051647844,CPG,SSPG,0.949,0.957,0.11494944458942792,0.42214682162246064,0.2074620978380426,-1.1214816572318096,13.564569807849477,11.250535138768218,0.11036302626161235,0.46315735242165257,a7f4ad18,-0.3600038423658285,514.5,0.9,39.7
0.2642966885772038,0.3427863119783934,U8,MN8014,10.925588992669626,4.571300051647844,CPG,SSPG,0.949,0.957,0.11494944458942792,0.42214682162246064,0.2074620978380426,-1.1214816572318096,12.485203387608436,11.250535138768218,0.11036302626161235,0.46315735242165257,a7f4ad18,-0.3600038423658285,514.5,0.9,39.7
0.2642966885772038,0.3427863119783934,U8,MN8014,10.925588992669626,4.571300051647844,CPG,SSPG,0.949,0.957,0.11494944458942792,0.42214682162246064,0.2074620978380426,-1.1214816572318096,12.443457018444919,11.250535138768218,0.11036302626161235,0.46315735242165257,a7f4ad18,-0.3600038423658285,514.5,0.9,39.7
0.2793810209774994,0.32823052740158665,U8,MN8014,12.750958593230175,4.589401554812796,CPG,SSPG,0.944,0.957,0.11171121005422018,0.4231531437309671,0.21323066878071717,-0.9962786048385165,15.587641184881154,13.999669125622592,0.16170701676023838,0.5868689465688044,7f4a2a18,-0.5672427041580912,525.1,0.0,39.2
0.2793810209774994,0.32823052740158665,U8,MN8014,12.750958593230175,4.589401554812796,CPG,SSPG,0.944,0.957,0.11171121005422018,0.4231531437309671,0.21323066878071717,-0.9962786048385165,15.717129293668613,13.999669125622592,0.16170701676023838,0.5868689465688044,7f4a2a18,-0.5672427041580912,525.1,0.0,39.2
0.2793810209774994,0.32823052740158665,U8,MN8014,12.750958593230175,4.589401554812796,CPG,SSPG,0.944,0.957,0.11171121005422018,0.4231531437309671,0.21323066878071717,-0.9962786048385165,15.758887886332236,13.999669125622592,0.16170701676023838,0.5868689465688044,7f4a2a18,-0.5672427041580912,525.1,0.0,39.2
0.2793810209774994,0.32823052740158665,U8,MN8014,12.750958593230175,4.589401554812796,CPG,SSPG,0.944,0.957,0.11171121005422018,0.4231531437309671,0.21323066878071717,-0.9962786048385165,15.03412226417792,13.999669125622592,0.16170701676023838,0.5868689465688044,7f4a2a18,-0.5672427041580912,525.1,0.0,39.2
0.2793810209774994,0.32823052740158665,U8,MN8014,12.750958593230175,4.589401554812796,CPG,SSPG,0.944,0.957,0.11171121005422018,0.4231531437309671,0.21323066878071717,-0.9962786048385165,14.369482782174783,13.999669125622592,0.16170701676023838,0.5868689465688044,7f4a2a18,-0.5672427041580912,525.1,0.0,39.2
0.28232761414360674,0.3302099844347457,U8,MN8014,9.572356163650712,4.496525105927217,CPG,SSPG,0.95,0.954,0.12779511257945025,0.44591303539850735,0.23106297079611848,-1.077246013766808,10.510539287005185,9.447902638276277,0.11466198194944284,0.3975221846711112,0279c15d,-0.39938740200175715,545.2,1.0,41.1
0.28232761414360674,0.3302099844347457,U8,MN8014,9.572356163650712,4.496525105927217,CPG,SSPG,0.95,0.954,0.12779511257945025,0.44591303539850735,0.23106297079611848,-1.077246013766808,9.849590848568225,9.447902638276277,0.11466198194944284,0.3975221846711112,0279c15d,-0.39938740200175715,545.2,1.0,41.1
0.28232761414360674,0.3302099844347457,U8,MN8014,9.572356163650712,4.496525105927217,CPG,SSPG,0.95,0.954,0.12779511257945025,0.44591303539850735,0.23106297079611848,-1.077246013766808,10.145667731060676,9.447902638276277,0.11466198194944284,0.3975221846711112,0279c15d,-0.39938740200175715,545.2,1.0,41.1
0.28232761414360674,0.3302099844347457,U8,MN8014,9.572356163650712,4.496525105927217,CPG,SSPG,0.95,0.954,0.12779511257945025,0.44591303539850735,0.23106297079611848,-1.077246013766808,9.872510979327952,9.447902638276277,0.11466198194944284,0.3975221846711112,0279c15d,-0.39938740200175715,545.2,1.0,41.1
0.28232761414360674,0.3302099844347457,U8,MN8014,9.572356163650712,4.496525105927217,CPG,SSPG,0.95,0.954,0.12779511257945025,0.44591303539850735,0.23106297079611848,-1.077246013766808,10.036894348993382,9.447902638276277,0.11466198194944284,0.3975221846711112,0279c15d,-0.39938740200175715,545.2,1.0,41.1
0.2843904379829949,0.3201303606631963,U8,MN8014,11.068696176520628,4.180418770742611,CPG,SSPG,0.941,0.954,0.11411254414226565,0.4466983225958381,0.20446587137224384,-1.0467264882905711,11.989798866622227,11.334749841240185,0.16575303127098265,0.4762498046340615,11ce9c12,-0.4716577598999967,520.2,1.5,39.1
0.2843904379829949,0.3201303606631963,U8,MN8014,11.068696176520628,4.180418770742611,CPG,SSPG,0.941,0.954,0.11411254414226565,0.4466983225958381,0.20446587137224384,-1.0467264882905711,10.925948095587927,11.334749841240185,0.16575303127098265,0.4762498046340615,11ce9c12,-0.4716577598999967,520.2,1.5,39.1
0.2843904379829949,0.3201303606631963,U8,MN8014,11.068696176520628,4.180418770742611,CPG,SSPG,0.941,0.954,0.11411254414226565,0.4466983225958381,0.20446587137224384,-1.0467264882905711,11.205872727035324,11.334749841240185,0.16575303127098265,0.4762498046340615,11ce9c12,-0.4716577598999967,520.2,1.5,39.1
0.2843904379829949,0.3201303606631963,U8,MN8014,11.068696176520628,4.180418770742611,CPG,SSPG,0.941,0.954,0.11411254414226565,0.4466983225958381,0.20446587137224384,-1.0467264882905711,11.888258130145708,11.334749841240185,0.16575303127098265,0.4762498046340615,11ce9c12,-0.4716577598999967,520.2,1.5,39.1
0.2843904379829949,0.3201303606631963,U8,MN8014,11.068696176520628,4.180418770742611,CPG,SSPG,0.941,0.954,0.11411254414226565,0.4466983225958381,0.20446587137224384,-1.0467264882905711,12.341518399653163,11.334749841240185,0.16575303127098265,0.4762498046340615,11ce9c12,-0.4716577598999967,520.2,1.5,39.1
0.2871153470192123,0.30129622031042125,U8,MN8014,10.667970190586317,4.274303687218062,CPG,CPG,0.948,0.955,0.11884881549342624,0.4293849711356774,0.20000749588042432,-1.00239626279284,10.9708191373583,10.640173810967813,0.14813661037416143,0.4464831147884487,ca8b903f,-0.4361577270841419,517.6,0.6,39.5
0.2871153470192123,0.30129622031042125,U8,MN8014,10.667970190586317,4.274303687218062,CPG,CPG,0.948,0.955,0.11884881549342624,0.4293849711356774,0.20000749588042432,-1.00239626279284,10.965230433118148,10.640173810967813,0.14813661037416143,0.4464831147884487,ca8b903f,-0.4361577270841419,517.6,0.6,39.5
0.2871153470192123,0.30129622031042125,U8,MN8014,10.667970190586317,4.274303687218062,CPG,CPG,0.948,0.955,0.11884881549342624,0.4293849711356774,0.20000749588042432,-1.00239626279284,10.800613161826721,10.640173810967813,0.14813661037416143,0.4464831147884487,ca8b903f,-0.4361577270841419,517.6,0.6,39.5
0.2871153470192123,0.30129622031042125,U8,MN8014,10.667970190586317,4.274303687218062,CPG,CPG,0.948,0.955,0.11884881549342624,0.4293849711356774,0.20000749588042432,-1.00239626279284,10.929520574579785,10.640173810967813,0.14813661037416143,0.4464831147884487,ca8b903f,-0.4361577270841419,517.6,0.6,39.5
0.2871153470192123,0.30129622031042125,U8,MN8014,10.667970190586317,4.274303687218062,CPG,CPG,0.948,0.955,0.11884881549342624,0.4293849711356774,0.20000749588042432,-1.00239626279284,10.969598129581584,10.640173810967813,0.14813661037416143,0.4464831147884487,ca8b903f,-0.4361577270841419,517.6,0.6,39.5
0.29448029613616533,0.3081074849696349,U8,U12,9.976527455691206,5.086839486441731,CPG,SSPG,0.943,0.943,0.12493277267209708,0.4591323646238489,0.21376055175179495,-1.0604020188175323,7.743452252140602,10.215574965834913,0.13721103207370747,0.3771068542907228,5da999a2,0.16488752172188637,516.7,0.9,38.3
0.29448029613616533,0.3081074849696349,U8,U12,9.976527455691206,5.086839486441731,CPG,SSPG,0.943,0.943,0.12493277267209708,0.4591323646238489,0.21376055175179495,-1.0604020188175323,8.170532927892491,10.215574965834913,0.13721103207370747,0.3771068542907228,5da999a2,0.16488752172188637,516.7,0.9,38.3
0.29448029613616533,0.3081074849696349,U8,U12,9.976527455691206,5.086839486441731,CPG,SSPG,0.943,0.943,0.12493277267209708,0.4591323646238489,0.21376055175179495,-1.0604020188175323,8.45747889175906,10.215574965834913,0.13721103207370747,0.3771068542907228,5da999a2,0.16488752172188637,516.7,0.9,38.3
0.29448029613616533,0.3081074849696349,U8,U12,9.976527455691206,5.086839486441731,CPG,SSPG,0.943,0.943,0.12493277267209708,0.4591323646238489,0.21376055175179495,-1.0604020188175323,8.08206631092203,10.215574965834913,0.13721103207370747,0.3771068542907228,5da999a2,0.16488752172188637,516.7,0.9,38.3
0.29448029613616533,0.3081074849696349,U8,U12,9.976527455691206,5.086839486441731,CPG,SSPG,0.943,0.943,0.12493277267209708,0.4591323646238489,0.21376055175179495,-1.0604020188175323,8.64728470572893,10.215574965834913,0.13721103207370747,0.3771068542907228,5da999a2,0.16488752172188637,516.7,0.9,38.3
0.2793960473051147,0.34577213019103714,U8,MN8014,10.50008654985848,4.460714648905798,CPG,SSPG,0.944,0.954,0.11735005969654941,0.43716291699566645,0.20268943720570398,-0.9781500733935594,9.51239276894942,11.8742152937357,0.20798741588838088,0.4722535750081793,a2dbdcb2,-0.19228783874335598,533.0,1.3,38.0
0.2793960473051147,0.34577213019103714,U8,MN8014,10.50008654985848,4.460714648905798,CPG,SSPG,0.944,0.954,0.11735005969654941,0.43716291699566645,0.20268943720570398,-0.9781500733935594,10.542879201775124,11.8742152937357,0.20798741588838088,0.4722535750081793,a2dbdcb2,-0.19228783874335598,533.0,1.3,38.0
0.2793960473051147,0.34577213019103714,U8,MN8014,10.50008654985848,4.460714648905798,CPG,SSPG,0.944,0.954,0.11735005969654941,0.43716291699566645,0.20268943720570398,-0.9781500733935594,7.858908668678659,11.8742152937357,0.20798741588838088,0.4722535750081793,a2dbdcb2,-0.19228783874335598,533.0,1.3,38.0
0.2793960473051147,0.34577213019103714,U8,MN8014,10.50008654985848,4.460714648905798,CPG,SSPG,0.944,0.954,0.11735005969654941,0.43716291699566645,0.20268943720570398,-0.9781500733935594,10.678147789577821,11.8742152937357,0.20798741588838088,0.4722535750081793,a2dbdcb2,-0.19228783874335598,533.0,1.3,38.0
0.2793960473051147,0.34577213019103714,U8,MN8014,10.50008654985848,4.460714648905798,CPG,SSPG,0.944,0.954,0.11735005969654941,0.43716291699566645,0.20268943720570398,-0.9781500733935594,10.50853648256216,11.8742152937357,0.20798741588838088,0.4722535750081793,a2dbdcb2,-0.19228783874335598,533.0,1.3,38.0
0.2845576032919772,0.32224220886332566,U8,MN8014,13.645431197344886,4.016084171078896,CPG,SSPG,0.944,0.962,0.1116426569531378,0.4299952925588261,0.21578568482147764,-1.2639166469236065,15.385692517503353,13.590416570653577,0.1104888774544335,0.5262449857142045,e3a96fd8,-0.05861129345829319,520.9,0.1,39.0
0.2845576032919772,0.32224220886332566,U8,MN8014,13.645431197344886,4.016084171078896,CPG,SSPG,0.944,0.962,0.1116426569531378,0.4299952925588261,0.21578568482147764,-1.2639166469236065,16.068017650115245,13.590416570653577,0.1104888774544335,0.5262449857142045,e3a96fd8,-0.05861129345829319,520.9,0.1,39.0
0.2845576032919772,0.32224220886332566,U8,MN8014,13.645431197344886,4.016084171078896,CPG,SSPG,0.944,0.962,0.1116426569531378,0.4299952925588261,0.21578568482147764,-1.2639166469236065,16.623222236489163,13.590416570653577,0.1104888774544335,0.5262449857142045,e3a96fd8,-0.05861129345829319,520.9,0.1,39.0
0.2845576032919772,0.32224220886332566,U8,MN8014,13.645431197344886,4.016084171078896,CPG,SSPG,0.944,0.962,0.1116426569531378,0.4299952925588261,0.21578568482147764,-1.2639166469236065,16.582633624289326,13.590416570653577,0.1104888774544335,0.5262449857142045,e3a96fd8,-0.05861129345829319,520.9,0.1,39.0
0.2845576032919772,0.32224220886332566,U8,MN8014,13.645431197344886,4.016084171078896,CPG,SSPG,0.944,0.962,0.1116426569531378,0.4299952925588261,0.21578568482147764,-1.2639166469236065,16.56620494728214,13.590416570653577,0.1104888774544335,0.5262449857142045,e3a96fd8,-0.05861129345829319,520.9,0.1,39.0
0.28606172461901824,0.3173166814129807,U8,MN8014,11.310019421656246,4.0902676512570935,CPG,SSPG,0.949,0.964,0.12453838612596387,0.440105493928811,0.20823060829446324,-1.0538341016021051,13.156725875922723,11.386466345216387,0.13074555682590228,0.4694044797364664,c045b2bd,-0.37172457123348845,481.1,0.4,38.7
0.28606172461901824,0.3173166814129807,U8,MN8014,11.310019421656246,4.0902676512570935,CPG,SSPG,0.949,0.964,0.12453838612596387,0.440105493928811,0.20823060829446324,-1.0538341016021051,13.059593166331116,11.386466345216387,0.13074555682590228,0.4694044797364664,c045b2bd,-0.37172457123348845,481.1,0.4,38.7
0.28606172461901824,0.3173166814129807,U8,MN8014,11.310019421656246,4.0902676512570935,CPG,SSPG,0.949,0.964,0.12453838612596387,0.440105493928811,0.20823060829446324,-1.0538341016021051,13.122613604850798,11.386466345216387,0.13074555682590228,0.4694044797364664,c045b2bd,-0.37172457123348845,481.1,0.4,38.7
0.28606172461901824,0.3173166814129807,U8,MN8014,11.310019421656246,4.0902676512570935,CPG,SSPG,0.949,0.964,0.12453838612596387,0.440105493928811,0.20823060829446324,-1.0538341016021051,13.085111203263127,11.386466345216387,0.13074555682590228,0.4694044797364664,c045b2bd,-0.37172457123348845,481.1,0.4,38.7
0.28606172461901824,0.3173166814129807,U8,MN8014,11.310019421656246,4.0902676512570935,CPG,SSPG,0.949,0.964,0.12453838612596387,0.440105493928811,0.20823060829446324,-1.0538341016021051,13.122263754784353,11.386466345216387,0.13074555682590228,0.4694044797364664,c045b2bd,-0.37172457123348845,481.1,0.4,38.7
0.2840697830150392,0.3130588238556123,U8,MN8014,13.772538743596291,4.0741994978345435,CPG,SSPG,0.944,0.964,0.1106439064808869,0.39674277882593956,0.2106517740444009,-1.0841769071195055,15.766120478521279,14.065668066251634,0.11648285048629964,0.5359603777382372,0f5b480a,0.0376763135125735,544.0,0.8,38.5
0.2840697830150392,0.3130588238556123,U8,MN8014,13.772538743596291,4.0741994978345435,CPG,SSPG,0.944,0.964,0.1106439064808869,0.39674277882593956,0.2106517740444009,-1.0841769071195055,15.702575832557972,14.065668066251634,0.11648285048629964,0.5359603777382372,0f5b480a,0.0376763135125735,544.0,0.8,38.5
0.2840697830150392,0.3130588238556123,U8,MN8014,13.772538743596291,4.0741994978345435,CPG,SSPG,0.944,0.964,0.1106439064808869,0.39674277882593956,0.2106517740444009,-1.0841769071195055,15.211259379831372,14.065668066251634,0.11648285048629964,0.5359603777382372,0f5b480a,0.0376763135125735,544.0,0.8,38.5
0.2840697830150392,0.3130588238556123,U8,MN8014,13.772538743596291,4.0741994978345435,CPG,SSPG,0.944,0.964,0.1106439064808869,0.39674277882593956,0.2106517740444009,-1.0841769071195055,15.739406659821455,14.065668066251634,0.11648285048629964,0.5359603777382372,0f5b480a,0.0376763135125735,544.0,0.8,38.5
0.2840697830150392,0.3130588238556123,U8,MN8014,13.772538743596291,4.0741994978345435,CPG,SSPG,0.944,0.964,0.1106439064808869,0.39674277882593956,0.2106517740444009,-1.0841769071195055,12.500657603551147,14.065668066251634,0.11648285048629964,0.5359603777382372,0f5b480a,0.0376763135125735,544.0,0.8,38.5
0.27814865224952356,0.3169147860482109,U8,MN8014,10.736652832436523,4.965300276018048,CPG,SSPG,0.948,0.959,0.11657869920046458,0.4247390595715751,0.22452374707698386,-1.0298900132041435,12.105896231753755,10.702615029407879,0.11484044031604848,0.4417148493069636,e13c36eb,-0.35508180227165287,538.4,0.6,39.6
0.27814865224952356,0.3169147860482109,U8,MN8014,10.736652832436523,4.965300276018048,CPG,SSPG,0.948,0.959,0.11657869920046458,0.4247390595715751,0.22452374707698386,-1.0298900132041435,12.234525026629914,10.702615029407879,0.11484044031604848,0.4417148493069636,e13c36eb,-0.35508180227165287,538.4,0.6,39.6
0.27814865224952356,0.3169147860482109,U8,MN8014,10.736652832436523,4.965300276018048,CPG,SSPG,0.948,0.959,0.11657869920046458,0.4247390595715751,0.22452374707698386,-1.0298900132041435,11.832580931231643,10.702615029407879,0.11484044031604848,0.4417148493069636,e13c36eb,-0.35508180227165287,538.4,0.6,39.6
0.27814865224952356,0.3169147860482109,U8,MN8014,10.736652832436523,4.965300276018048,CPG,SSPG,0.948,0.959,0.11657869920046458,0.4247390595715751,0.22452374707698386,-1.0298900132041435,11.821557795749099,10.702615029407879,0.11484044031604848,0.4417148493069636,e13c36eb,-0.35508180227165287,538.4,0.6,39.6
0.27814865224952356,0.3169147860482109,U8,MN8014,10.736652832436523,4.965300276018048,CPG,SSPG,0.948,0.959,0.11657869920046458,0.4247390595715751,0.22452374707698386,-1.0298900132041435,12.01365858903216,10.702615029407879,0.11484044031604848,0.4417148493069636,e13c36eb,-0.35508180227165287,538.4,0.6,39.6
0.2652059686909338,0.3166107185015788,U8,MN8014,11.543492909777228,4.986169976580357,CPG,SSPG,0.947,0.959,0.1160282118048897,0.42345997043055583,0.2130258751791781,-1.1725320797056695,13.108043488000275,12.424507994764634,0.13560425739379148,0.5208460158610644,da39aa8d,-0.5035120155362769,562.0,0.1,36.5
0.2652059686909338,0.3166107185015788,U8,MN8014,11.543492909777228,4.986169976580357,CPG,SSPG,0.947,0.959,0.1160282118048897,0.42345997043055583,0.2130258751791781,-1.1725320797056695,14.048607270068075,12.424507994764634,0.13560425739379148,0.5208460158610644,da39aa8d,-0.5035120155362769,562.0,0.1,36.5
0.2652059686909338,0.3166107185015788,U8,MN8014,11.543492909777228,4.986169976580357,CPG,SSPG,0.947,0.959,0.1160282118048897,0.42345997043055583,0.2130258751791781,-1.1725320797056695,14.300775908026484,12.424507994764634,0.13560425739379148,0.5208460158610644,da39aa8d,-0.5035120155362769,562.0,0.1,36.5
0.2652059686909338,0.3166107185015788,U8,MN8014,11.543492909777228,4.986169976580357,CPG,SSPG,0.947,0.959,0.1160282118048897,0.42345997043055583,0.2130258751791781,-1.1725320797056695,13.976076410892052,12.424507994764634,0.13560425739379148,0.5208460158610644,da39aa8d,-0.5035120155362769,562.0,0.1,36.5
0.2652059686909338,0.3166107185015788,U8,MN8014,11.543492909777228,4.986169976580357,CPG,SSPG,0.947,0.959,0.1160282118048897,0.42345997043055583,0.2130258751791781,-1.1725320797056695,14.194290850974788,12.424507994764634,0.13560425739379148,0.5208460158610644,da39aa8d,-0.5035120155362769,562.0,0.1,36.5
0.2782841500819373,0.332595120308511,U8,MN8014,12.146728015742914,4.246859857124247,CPG,SSPG,0.95,0.954,0.11109608205079124,0.42057331980289364,0.24275701095747873,-0.8582045410273491,14.443472512735118,13.177687331302677,0.1558054965620398,0.5607270040973865,93a1e33d,-0.6280694623229213,565.0,0.5,40.7
0.2782841500819373,0.332595120308511,U8,MN8014,12.146728015742914,4.246859857124247,CPG,SSPG,0.95,0.954,0.11109608205079124,0.42057331980289364,0.24275701095747873,-0.8582045410273491,14.666306116275363,13.177687331302677,0.1558054965620398,0.5607270040973865,93a1e33d,-0.6280694623229213,565.0,0.5,40.7
0.2782841500819373,0.332595120308511,U8,MN8014,12.146728015742914,4.246859857124247,CPG,SSPG,0.95,0.954,0.11109608205079124,0.42057331980289364,0.24275701095747873,-0.8582045410273491,14.615902680324432,13.177687331302677,0.1558054965620398,0.5607270040973865,93a1e33d,-0.6280694623229213,565.0,0.5,40.7
0.2782841500819373,0.332595120308511,U8,MN8014,12.146728015742914,4.246859857124247,CPG,SSPG,0.95,0.954,0.11109608205079124,0.42057331980289364,0.24275701095747873,-0.8582045410273491,14.546924775744305,13.177687331302677,0.1558054965620398,0.5607270040973865,93a1e33d,-0.6280694623229213,565.0,0.5,40.7
0.2782841500819373,0.332595120308511,U8,MN8014,12.146728015742914,4.246859857124247,CPG,SSPG,0.95,0.954,0.11109608205079124,0.42057331980289364,0.24275701095747873,-0.8582045410273491,14.477436233879253,13.177687331302677,0.1558054965620398,0.5607270040973865,93a1e33d,-0.6280694623229213,565.0,0.5,40.7
0.27858237841272376,0.3361743408758123,U8,MN8014,9.621952031664282,4.695387226270003,CPG,CPG,0.95,0.967,0.12097589470444767,0.44202278907129267,0.2268322243663177,-1.0910873116848971,8.990662666476492,9.815596273784216,0.12092251136404995,0.41008726280012536,18fa9660,-0.3820388586597705,560.4,0.2,41.0
0.27858237841272376,0.3361743408758123,U8,MN8014,9.621952031664282,4.695387226270003,CPG,CPG,0.95,0.967,0.12097589470444767,0.44202278907129267,0.2268322243663177,-1.0910873116848971,9.639752322811715,9.815596273784216,0.12092251136404995,0.41008726280012536,18fa9660,-0.3820388586597705,560.4,0.2,41.0
0.27858237841272376,0.3361743408758123,U8,MN8014,9.621952031664282,4.695387226270003,CPG,CPG,0.95,0.967,0.12097589470444767,0.44202278907129267,0.2268322243663177,-1.0910873116848971,10.663351870155031,9.815596273784216,0.12092251136404995,0.41008726280012536,18fa9660,-0.3820388586597705,560.4,0.2,41.0
0.27858237841272376,0.3361743408758123,U8,MN8014,9.621952031664282,4.695387226270003,CPG,CPG,0.95,0.967,0.12097589470444767,0.44202278907129267,0.2268322243663177,-1.0910873116848971,9.840780421267247,9.815596273784216,0.12092251136404995,0.41008726280012536,18fa9660,-0.3820388586597705,560.4,0.2,41.0
0.27858237841272376,0.3361743408758123,U8,MN8014,9.621952031664282,4.695387226270003,CPG,CPG,0.95,0.967,0.12097589470444767,0.44202278907129267,0.2268322243663177,-1.0910873116848971,10.889026631499222,9.815596273784216,0.12092251136404995,0.41008726280012536,18fa9660,-0.3820388586597705,560.4,0.2,41.0
0.27150494649878865,0.3292492269575795,U8,MN8014,11.574293375457067,5.106261738663166,CPG,SSPG,0.948,0.943,0.11374061899053263,0.4138100592699505,0.2648432329002467,-1.077373732335054,12.782069114436243,11.343935298068379,0.07884687683429951,0.3948897680710635,97243755,0.4533081621038324,572.6,0.2,36.7
0.27150494649878865,0.3292492269575795,U8,MN8014,11.574293375457067,5.106261738663166,CPG,SSPG,0.948,0.943,0.11374061899053263,0.4138100592699505,0.2648432329002467,-1.077373732335054,12.827805275676587,11.343935298068379,0.07884687683429951,0.3948897680710635,97243755,0.4533081621038324,572.6,0.2,36.7
0.27150494649878865,0.3292492269575795,U8,MN8014,11.574293375457067,5.106261738663166,CPG,SSPG,0.948,0.943,0.11374061899053263,0.4138100592699505,0.2648432329002467,-1.077373732335054,12.874070047177556,11.343935298068379,0.07884687683429951,0.3948897680710635,97243755,0.4533081621038324,572.6,0.2,36.7
0.27150494649878865,0.3292492269575795,U8,MN8014,11.574293375457067,5.106261738663166,CPG,SSPG,0.948,0.943,0.11374061899053263,0.4138100592699505,0.2648432329002467,-1.077373732335054,13.574237473299082,11.343935298068379,0.07884687683429951,0.3948897680710635,97243755,0.4533081621038324,572.6,0.2,36.7
0.27150494649878865,0.3292492269575795,U8,MN8014,11.574293375457067,5.106261738663166,CPG,SSPG,0.948,0.943,0.11374061899053263,0.4138100592699505,0.2648432329002467,-1.077373732335054,12.814109580128692,11.343935298068379,0.07884687683429951,0.3948897680710635,97243755,0.4533081621038324,572.6,0.2,36.7
0.2784508029623578,0.32616893694442745,U8,MN8014,10.387125658499425,4.429238550291066,CPG,SSPG,0.953,0.956,0.11768844321012456,0.41771088497535963,0.20331446488758997,-1.017016032073057,11.92216462206095,10.598776812323635,0.12141659023806449,0.4441977762743733,528055f2,-0.42825486355406994,501.8,1.1,39.4
0.2784508029623578,0.32616893694442745,U8,MN8014,10.387125658499425,4.429238550291066,CPG,SSPG,0.953,0.956,0.11768844321012456,0.41771088497535963,0.20331446488758997,-1.017016032073057,11.87679216300677,10.598776812323635,0.12141659023806449,0.4441977762743733,528055f2,-0.42825486355406994,501.8,1.1,39.4
0.2784508029623578,0.32616893694442745,U8,MN8014,10.387125658499425,4.429238550291066,CPG,SSPG,0.953,0.956,0.11768844321012456,0.41771088497535963,0.20331446488758997,-1.017016032073057,11.689235628089726,10.598776812323635,0.12141659023806449,0.4441977762743733,528055f2,-0.42825486355406994,501.8,1.1,39.4
0.2784508029623578,0.32616893694442745,U8,MN8014,10.387125658499425,4.429238550291066,CPG,SSPG,0.953,0.956,0.11768844321012456,0.41771088497535963,0.20331446488758997,-1.017016032073057,12.419676491338754,10.598776812323635,0.12141659023806449,0.4441977762743733,528055f2,-0.42825486355406994,501.8,1.1,39.4
0.2784508029623578,0.32616893694442745,U8,MN8014,10.387125658499425,4.429238550291066,CPG,SSPG,0.953,0.956,0.11768844321012456,0.41771088497535963,0.20331446488758997,-1.017016032073057,12.434762796627572,10.598776812323635,0.12141659023806449,0.4441977762743733,528055f2,-0.42825486355406994,501.8,1.1,39.4
0.2781782352143144,0.3255161063235218,U8,MN8014,10.631807649216416,4.000472916406131,CPG,SSPG,0.951,0.962,0.11997094976451696,0.44432723538521524,0.20921836092331414,-1.063752911595943,12.137286817889848,10.887488936519224,0.12796123515157926,0.45649558784860594,d4e778ac,-0.44215968198994027,531.2,0.2,43.6
0.2781782352143144,0.3255161063235218,U8,MN8014,10.631807649216416,4.000472916406131,CPG,SSPG,0.951,0.962,0.11997094976451696,0.44432723538521524,0.20921836092331414,-1.063752911595943,12.063796097961474,10.887488936519224,0.12796123515157926,0.45649558784860594,d4e778ac,-0.44215968198994027,531.2,0.2,43.6
0.2781782352143144,0.3255161063235218,U8,MN8014,10.631807649216416,4.000472916406131,CPG,SSPG,0.951,0.962,0.11997094976451696,0.44432723538521524,0.20921836092331414,-1.063752911595943,12.439618953571118,10.887488936519224,0.12796123515157926,0.45649558784860594,d4e778ac,-0.44215968198994027,531.2,0.2,43.6
0.2781782352143144,0.3255161063235218,U8,MN8014,10.631807649216416,4.000472916406131,CPG,SSPG,0.951,0.962,0.11997094976451696,0.44432723538521524,0.20921836092331414,-1.063752911595943,12.402713310979422,10.887488936519224,0.12796123515157926,0.45649558784860594,d4e778ac,-0.44215968198994027,531.2,0.2,43.6
0.2781782352143144,0.3255161063235218,U8,MN8014,10.631807649216416,4.000472916406131,CPG,SSPG,0.951,0.962,0.11997094976451696,0.44432723538521524,0.20921836092331414,-1.063752911595943,12.463182058464719,10.887488936519224,0.12796123515157926,0.45649558784860594,d4e778ac,-0.44215968198994027,531.2,0.2,43.6
0.2674731056088557,0.3245535067050306,U8,MN8014,11.98582729876453,4.050939292540794,CPG,SSPG,0.944,0.964,0.11307128667598763,0.44322317567198954,0.21772400722193658,-0.9764213198477758,13.376137865987092,13.006583739943137,0.1709469334384525,0.5519569065942087,0ea4ee9c,-0.6030543822924024,539.0,0.8,39.7
0.2674731056088557,0.3245535067050306,U8,MN8014,11.98582729876453,4.050939292540794,CPG,SSPG,0.944,0.964,0.11307128667598763,0.44322317567198954,0.21772400722193658,-0.9764213198477758,14.080080896447653,13.006583739943137,0.1709469334384525,0.5519569065942087,0ea4ee9c,-0.6030543822924024,539.0,0.8,39.7
0.2674731056088557,0.3245535067050306,U8,MN8014,11.98582729876453,4.050939292540794,CPG,SSPG,0.944,0.964,0.11307128667598763,0.44322317567198954,0.21772400722193658,-0.9764213198477758,14.151344555153099,13.006583739943137,0.1709469334384525,0.5519569065942087,0ea4ee9c,-0.6030543822924024,539.0,0.8,39.7
0.2674731056088557,0.3245535067050306,U8,MN8014,11.98582729876453,4.050939292540794,CPG,SSPG,0.944,0.964,0.11307128667598763,0.44322317567198954,0.21772400722193658,-0.9764213198477758,14.214687386213834,13.006583739943137,0.1709469334384525,0.5519569065942087,0ea4ee9c,-0.6030543822924024,539.0,0.8,39.7
0.2674731056088557,0.3245535067050306,U8,MN8014,11.98582729876453,4.050939292540794,CPG,SSPG,0.944,0.964,0.11307128667598763,0.44322317567198954,0.21772400722193658,-0.9764213198477758,14.255124974019667,13.006583739943137,0.1709469334384525,0.5519569065942087,0ea4ee9c,-0.6030543822924024,539.0,0.8,39.7
0.28186263571340947,0.33172632122809365,U8,MN8014,10.716486096525632,4.064297859940944,CPG,SSPG,0.948,0.964,0.11475382354364326,0.4372220168900358,0.24754411103160565,-0.9284993610077554,11.616992293114489,11.757168833533134,0.17438918068633433,0.48817190161480933,87dcbdab,-0.4232794464576024,605.3,0.0,39.7
0.28186263571340947,0.33172632122809365,U8,MN8014,10.716486096525632,4.064297859940944,CPG,SSPG,0.948,0.964,0.11475382354364326,0.4372220168900358,0.24754411103160565,-0.9284993610077554,11.503558360098214,11.757168833533134,0.17438918068633433,0.48817190161480933,87dcbdab,-0.4232794464576024,605.3,0.0,39.7
0.28186263571340947,0.33172632122809365,U8,MN8014,10.716486096525632,4.064297859940944,CPG,SSPG,0.948,0.964,0.11475382354364326,0.4372220168900358,0.24754411103160565,-0.9284993610077554,11.380414186632807,11.757168833533134,0.17438918068633433,0.48817190161480933,87dcbdab,-0.4232794464576024,605.3,0.0,39.7
0.28186263571340947,0.33172632122809365,U8,MN8014,10.716486096525632,4.064297859940944,CPG,SSPG,0.948,0.964,0.11475382354364326,0.4372220168900358,0.24754411103160565,-0.9284993610077554,11.48613478829252,11.757168833533134,0.17438918068633433,0.48817190161480933,87dcbdab,-0.4232794464576024,605.3,0.0,39.7
0.28186263571340947,0.33172632122809365,U8,MN8014,10.716486096525632,4.064297859940944,CPG,SSPG,0.948,0.964,0.11475382354364326,0.4372220168900358,0.24754411103160565,-0.9284993610077554,10.860387092077255,11.757168833533134,0.17438918068633433,0.48817190161480933,87dcbdab,-0.4232794464576024,605.3,0.0,39.7
0.2761474709227421,0.3280554871886963,U8,MN8014,11.196978203230518,4.026162246460006,CPG,SSPG,0.937,0.962,0.12345290743902847,0.4385932367044688,0.2017908264940941,-0.9770969205197196,9.434764751966961,13.14022785610059,0.26000656544868467,0.4143347569115892,a8825799,1.0128037105384093,642.9,0.0,40.7
0.2761474709227421,0.3280554871886963,U8,MN8014,11.196978203230518,4.026162246460006,CPG,SSPG,0.937,0.962,0.12345290743902847,0.4385932367044688,0.2017908264940941,-0.9770969205197196,9.479900764532353,13.14022785610059,0.26000656544868467,0.4143347569115892,a8825799,1.0128037105384093,642.9,0.0,40.7
0.2761474709227421,0.3280554871886963,U8,MN8014,11.196978203230518,4.026162246460006,CPG,SSPG,0.937,0.962,0.12345290743902847,0.4385932367044688,0.2017908264940941,-0.9770969205197196,9.458231122697448,13.14022785610059,0.26000656544868467,0.4143347569115892,a8825799,1.0128037105384093,642.9,0.0,40.7
0.2761474709227421,0.3280554871886963,U8,MN8014,11.196978203230518,4.026162246460006,CPG,SSPG,0.937,0.962,0.12345290743902847,0.4385932367044688,0.2017908264940941,-0.9770969205197196,9.476695667780776,13.14022785610059,0.26000656544868467,0.4143347569115892,a8825799,1.0128037105384093,642.9,0.0,40.7
0.2761474709227421,0.3280554871886963,U8,MN8014,11.196978203230518,4.026162246460006,CPG,SSPG,0.937,0.962,0.12345290743902847,0.4385932367044688,0.2017908264940941,-0.9770969205197196,9.217190301750819,13.14022785610059,0.26000656544868467,0.4143347569115892,a8825799,1.0128037105384093,642.9,0.0,40.7
0.2780146474371364,0.33898917653694705,U8,MN8014,11.781981283881052,4.981424679286024,CPG,SSPG,0.949,0.959,0.11232314364988022,0.43448252119111197,0.21383454966042148,-0.7821927236361272,10.187258097985824,14.797631587449917,0.283744771010106,0.46145614464150064,b54c1bbf,1.1987288191562797,597.6,0.7,38.7
0.2780146474371364,0.33898917653694705,U8,MN8014,11.781981283881052,4.981424679286024,CPG,SSPG,0.949,0.959,0.11232314364988022,0.43448252119111197,0.21383454966042148,-0.7821927236361272,10.237965370507403,14.797631587449917,0.283744771010106,0.46145614464150064,b54c1bbf,1.1987288191562797,597.6,0.7,38.7
0.2780146474371364,0.33898917653694705,U8,MN8014,11.781981283881052,4.981424679286024,CPG,SSPG,0.949,0.959,0.11232314364988022,0.43448252119111197,0.21383454966042148,-0.7821927236361272,10.20062692126374,14.797631587449917,0.283744771010106,0.46145614464150064,b54c1bbf,1.1987288191562797,597.6,0.7,38.7
0.2780146474371364,0.33898917653694705,U8,MN8014,11.781981283881052,4.981424679286024,CPG,SSPG,0.949,0.959,0.11232314364988022,0.43448252119111197,0.21383454966042148,-0.7821927236361272,10.26348156376299,14.797631587449917,0.283744771010106,0.46145614464150064,b54c1bbf,1.1987288191562797,597.6,0.7,38.7
0.2780146474371364,0.33898917653694705,U8,MN8014,11.781981283881052,4.981424679286024,CPG,SSPG,0.949,0.959,0.11232314364988022,0.43448252119111197,0.21383454966042148,-0.7821927236361272,10.327556444663704,14.797631587449917,0.283744771010106,0.46145614464150064,b54c1bbf,1.1987288191562797,597.6,0.7,38.7
0.2835782362871506,0.3385976466223561,U8,U12,10.942891810725127,4.6675607175783105,CPG,CPG,0.949,0.967,0.11736238733725719,0.4347768190985621,0.20609576789071699,-1.028577439042192,10.233197775609998,13.409056038779976,0.19383793656523063,0.47092963882589756,58d421cc,0.4888350858095025,618.8,0.0,43.5
0.2835782362871506,0.3385976466223561,U8,U12,10.942891810725127,4.6675607175783105,CPG,CPG,0.949,0.967,0.11736238733725719,0.4347768190985621,0.20609576789071699,-1.028577439042192,8.778491637353582,13.409056038779976,0.19383793656523063,0.47092963882589756,58d421cc,0.4888350858095025,618.8,0.0,43.5
0.2835782362871506,0.3385976466223561,U8,U12,10.942891810725127,4.6675607175783105,CPG,CPG,0.949,0.967,0.11736238733725719,0.4347768190985621,0.20609576789071699,-1.028577439042192,9.802201738124628,13.409056038779976,0.19383793656523063,0.47092963882589756,58d421cc,0.4888350858095025,618.8,0.0,43.5
0.2835782362871506,0.3385976466223561,U8,U12,10.942891810725127,4.6675607175783105,CPG,CPG,0.949,0.967,0.11736238733725719,0.4347768190985621,0.20609576789071699,-1.028577439042192,9.826779904111447,13.409056038779976,0.19383793656523063,0.47092963882589756,58d421cc,0.4888350858095025,618.8,0.0,43.5
0.2835782362871506,0.3385976466223561,U8,U12,10.942891810725127,4.6675607175783105,CPG,CPG,0.949,0.967,0.11736238733725719,0.4347768190985621,0.20609576789071699,-1.028577439042192,10.074168491778451,13.409056038779976,0.19383793656523063,0.47092963882589756,58d421cc,0.4888350858095025,618.8,0.0,43.5
0.2734365795354797,0.3260095403112129,U8,MN8014,12.040061191213603,4.017799427906164,CPG,SSPG,0.944,0.962,0.11695042002193964,0.4277169079502816,0.29456603096369505,-1.1088992307132608,11.204493212902372,7.4141752191034,0.030761214633378674,0.21780928471422076,5de14e57,0.7522686457350307,500.0,0.4,40.1
0.2734365795354797,0.3260095403112129,U8,MN8014,12.040061191213603,4.017799427906164,CPG,SSPG,0.944,0.962,0.11695042002193964,0.4277169079502816,0.29456603096369505,-1.1088992307132608,11.173658929965692,7.4141752191034,0.030761214633378674,0.21780928471422076,5de14e57,0.7522686457350307,500.0,0.4,40.1
0.2734365795354797,0.3260095403112129,U8,MN8014,12.040061191213603,4.017799427906164,CPG,SSPG,0.944,0.962,0.11695042002193964,0.4277169079502816,0.29456603096369505,-1.1088992307132608,11.165328633407011,7.4141752191034,0.030761214633378674,0.21780928471422076,5de14e57,0.7522686457350307,500.0,0.4,40.1
0.2734365795354797,0.3260095403112129,U8,MN8014,12.040061191213603,4.017799427906164,CPG,SSPG,0.944,0.962,0.11695042002193964,0.4277169079502816,0.29456603096369505,-1.1088992307132608,11.178581005751003,7.4141752191034,0.030761214633378674,0.21780928471422076,5de14e57,0.7522686457350307,500.0,0.4,40.1
0.2734365795354797,0.3260095403112129,U8,MN8014,12.040061191213603,4.017799427906164,CPG,SSPG,0.944,0.962,0.11695042002193964,0.4277169079502816,0.29456603096369505,-1.1088992307132608,11.163964195891472,7.4141752191034,0.030761214633378674,0.21780928471422076,5de14e57,0.7522686457350307,500.0,0.4,40.1
0.28702088946393167,0.3306908789785507,U8,MN8014,12.751640586790352,4.117009180995022,CPG,SSPG,0.944,0.964,0.10869711337396695,0.4344907385842197,0.3121042771213498,-1.1571773019195917,10.35585635037692,7.545535430746495,0.028491393212310732,0.20983532992589074,ed5b22ad,0.8995438646031881,507.5,0.0,37.3
0.28702088946393167,0.3306908789785507,U8,MN8014,12.751640586790352,4.117009180995022,CPG,SSPG,0.944,0.964,0.10869711337396695,0.4344907385842197,0.3121042771213498,-1.1571773019195917,10.312657905738996,7.545535430746495,0.028491393212310732,0.20983532992589074,ed5b22ad,0.8995438646031881,507.5,0.0,37.3
0.28702088946393167,0.3306908789785507,U8,MN8014,12.751640586790352,4.117009180995022,CPG,SSPG,0.944,0.964,0.10869711337396695,0.4344907385842197,0.3121042771213498,-1.1571773019195917,9.634728331758586,7.545535430746495,0.028491393212310732,0.20983532992589074,ed5b22ad,0.8995438646031881,507.5,0.0,37.3
0.28702088946393167,0.3306908789785507,U8,MN8014,12.751640586790352,4.117009180995022,CPG,SSPG,0.944,0.964,0.10869711337396695,0.4344907385842197,0.3121042771213498,-1.1571773019195917,9.938604975997778,7.545535430746495,0.028491393212310732,0.20983532992589074,ed5b22ad,0.8995438646031881,507.5,0.0,37.3
0.28702088946393167,0.3306908789785507,U8,MN8014,12.751640586790352,4.117009180995022,CPG,SSPG,0.944,0.964,0.10869711337396695,0.4344907385842197,0.3121042771213498,-1.1571773019195917,9.261034615500591,7.545535430746495,0.028491393212310732,0.20983532992589074,ed5b22ad,0.8995438646031881,507.5,0.0,37.3
0.27843194151101824,0.32915467277602845,U8,MN8014,9.474251510892335,4.000728070568413,CPG,SSPG,0.954,0.962,0.12231305577813271,0.4421026701769303,0.2550383027356395,-1.174576032923555,7.8228140339021275,6.600628300814203,0.033637168422152385,0.18578116490911412,7fe5579b,0.7617330582981823,512.1,0.8,42.1
0.27843194151101824,0.32915467277602845,U8,MN8014,9.474251510892335,4.000728070568413,CPG,SSPG,0.954,0.962,0.12231305577813271,0.4421026701769303,0.2550383027356395,-1.174576032923555,8.059979344866019,6.600628300814203,0.033637168422152385,0.18578116490911412,7fe5579b,0.7617330582981823,512.1,0.8,42.1
0.27843194151101824,0.32915467277602845,U8,MN8014,9.474251510892335,4.000728070568413,CPG,SSPG,0.954,0.962,0.12231305577813271,0.4421026701769303,0.2550383027356395,-1.174576032923555,8.019086796502629,6.600628300814203,0.033637168422152385,0.18578116490911412,7fe5579b,0.7617330582981823,512.1,0.8,42.1
0.27843194151101824,0.32915467277602845,U8,MN8014,9.474251510892335,4.000728070568413,CPG,SSPG,0.954,0.962,0.12231305577813271,0.4421026701769303,0.2550383027356395,-1.174576032923555,8.034217460953489,6.600628300814203,0.033637168422152385,0.18578116490911412,7fe5579b,0.7617330582981823,512.1,0.8,42.1
0.27843194151101824,0.32915467277602845,U8,MN8014,9.474251510892335,4.000728070568413,CPG,SSPG,0.954,0.962,0.12231305577813271,0.4421026701769303,0.2550383027356395,-1.174576032923555,8.027844054014908,6.600628300814203,0.033637168422152385,0.18578116490911412,7fe5579b,0.7617330582981823,512.1,0.8,42.1
0.27660975429142687,0.3336459604402761,U8,MN8014,11.668752975202496,4.253573536565462,CPG,CPG,0.939,0.955,0.11440231238624259,0.4413586826721555,0.2542645774180771,-1.0012803082560215,14.350393012260431,11.698067241967903,0.11438430638922026,0.4786607463839671,5392af2a,-0.3412657532307408,519.3,0.6,38.8
0.27660975429142687,0.3336459604402761,U8,MN8014,11.668752975202496,4.253573536565462,CPG,CPG,0.939,0.955,0.11440231238624259,0.4413586826721555,0.2542645774180771,-1.0012803082560215,14.294706780502672,11.698067241967903,0.11438430638922026,0.4786607463839671,5392af2a,-0.3412657532307408,519.3,0.6,38.8
0.27660975429142687,0.3336459604402761,U8,MN8014,11.668752975202496,4.253573536565462,CPG,CPG,0.939,0.955,0.11440231238624259,0.4413586826721555,0.2542645774180771,-1.0012803082560215,13.989998210536555,11.698067241967903,0.11438430638922026,0.4786607463839671,5392af2a,-0.3412657532307408,519.3,0.6,38.8
0.27660975429142687,0.3336459604402761,U8,MN8014,11.668752975202496,4.253573536565462,CPG,CPG,0.939,0.955,0.11440231238624259,0.4413586826721555,0.2542645774180771,-1.0012803082560215,13.888188015891606,11.698067241967903,0.11438430638922026,0.4786607463839671,5392af2a,-0.3412657532307408,519.3,0.6,38.8
0.27660975429142687,0.3336459604402761,U8,MN8014,11.668752975202496,4.253573536565462,CPG,CPG,0.939,0.955,0.11440231238624259,0.4413586826721555,0.2542645774180771,-1.0012803082560215,14.002976035943021,11.698067241967903,0.11438430638922026,0.4786607463839671,5392af2a,-0.3412657532307408,519.3,0.6,38.8
0.2673217339870967,0.32908612155995304,U8,MN8014,12.056217994088158,4.008767887905803,CPG,SSPG,0.95,0.962,0.11680362296863607,0.44403703268349315,0.22537991900293838,-0.9193918468328423,14.508361417658932,13.351862996403609,0.16007554175958164,0.5630973927543831,90e3ce8a,-0.5793078074319356,534.3,0.1,43.1
0.2673217339870967,0.32908612155995304,U8,MN8014,12.056217994088158,4.008767887905803,CPG,SSPG,0.95,0.962,0.11680362296863607,0.44403703268349315,0.22537991900293838,-0.9193918468328423,14.571107341809881,13.351862996403609,0.16007554175958164,0.5630973927543831,90e3ce8a,-0.5793078074319356,534.3,0.1,43.1
0.2673217339870967,0.32908612155995304,U8,MN8014,12.056217994088158,4.008767887905803,CPG,SSPG,0.95,0.962,0.11680362296863607,0.44403703268349315,0.22537991900293838,-0.9193918468328423,14.31533752860447,13.351862996403609,0.16007554175958164,0.5630973927543831,90e3ce8a,-0.5793078074319356,534.3,0.1,43.1
0.2673217339870967,0.32908612155995304,U8,MN8014,12.056217994088158,4.008767887905803,CPG,SSPG,0.95,0.962,0.11680362296863607,0.44403703268349315,0.22537991900293838,-0.9193918468328423,14.765689999620387,13.351862996403609,0.16007554175958164,0.5630973927543831,90e3ce8a,-0.5793078074319356,534.3,0.1,43.1
0.2673217339870967,0.32908612155995304,U8,MN8014,12.056217994088158,4.008767887905803,CPG,SSPG,0.95,0.962,0.11680362296863607,0.44403703268349315,0.22537991900293838,-0.9193918468328423,15.038245985872795,13.351862996403609,0.16007554175958164,0.5630973927543831,90e3ce8a,-0.5793078074319356,534.3,0.1,43.1
0.26517137251257394,0.3459297555775144,U8,MN8014,11.571921336657374,4.198696605385809,CPG,SSPG,0.948,0.954,0.1225225565867247,0.4630504778274682,0.2001413461279866,-1.1871734185254943,14.248449521301364,12.347489222481446,0.13685208876210692,0.5169121800684403,bd874885,-0.49240869848955704,507.7,0.4,41.9
0.26517137251257394,0.3459297555775144,U8,MN8014,11.571921336657374,4.198696605385809,CPG,SSPG,0.948,0.954,0.1225225565867247,0.4630504778274682,0.2001413461279866,-1.1871734185254943,12.189370847373484,12.347489222481446,0.13685208876210692,0.5169121800684403,bd874885,-0.49240869848955704,507.7,0.4,41.9
0.26517137251257394,0.3459297555775144,U8,MN8014,11.571921336657374,4.198696605385809,CPG,SSPG,0.948,0.954,0.1225225565867247,0.4630504778274682,0.2001413461279866,-1.1871734185254943,12.885720035123946,12.347489222481446,0.13685208876210692,0.5169121800684403,bd874885,-0.49240869848955704,507.7,0.4,41.9
0.26517137251257394,0.3459297555775144,U8,MN8014,11.571921336657374,4.198696605385809,CPG,SSPG,0.948,0.954,0.1225225565867247,0.4630504778274682,0.2001413461279866,-1.1871734185254943,12.724634354607385,12.347489222481446,0.13685208876210692,0.5169121800684403,bd874885,-0.49240869848955704,507.7,0.4,41.9
0.26517137251257394,0.3459297555775144,U8,MN8014,11.571921336657374,4.198696605385809,CPG,SSPG,0.948,0.954,0.1225225565867247,0.4630504778274682,0.2001413461279866,-1.1871734185254943,14.148031717662663,12.347489222481446,0.13685208876210692,0.5169121800684403,bd874885,-0.49240869848955704,507.7,0.4,41.9
0.2738135057340997,0.3263107690377969,U8,MN8014,10.737905412135323,4.293551790932503,CPG,CPG,0.948,0.955,0.1170597843436002,0.449671328178434,0.2000000101977089,-0.9346327660822249,10.378103647531772,11.679045458187273,0.21112125965734338,0.4331962762344533,5dc6669c,0.1651273115890941,575.0,1.2,41.5
0.2738135057340997,0.3263107690377969,U8,MN8014,10.737905412135323,4.293551790932503,CPG,CPG,0.948,0.955,0.1170597843436002,0.449671328178434,0.2000000101977089,-0.9346327660822249,10.291690971164865,11.679045458187273,0.21112125965734338,0.4331962762344533,5dc6669c,0.1651273115890941,575.0,1.2,41.5
0.2738135057340997,0.3263107690377969,U8,MN8014,10.737905412135323,4.293551790932503,CPG,CPG,0.948,0.955,0.1170597843436002,0.449671328178434,0.2000000101977089,-0.9346327660822249,10.314007823365003,11.679045458187273,0.21112125965734338,0.4331962762344533,5dc6669c,0.1651273115890941,575.0,1.2,41.5
0.2738135057340997,0.3263107690377969,U8,MN8014,10.737905412135323,4.293551790932503,CPG,CPG,0.948,0.955,0.1170597843436002,0.449671328178434,0.2000000101977089,-0.9346327660822249,10.34613320006191,11.679045458187273,0.21112125965734338,0.4331962762344533,5dc6669c,0.1651273115890941,575.0,1.2,41.5
0.2738135057340997,0.3263107690377969,U8,MN8014,10.737905412135323,4.293551790932503,CPG,CPG,0.948,0.955,0.1170597843436002,0.449671328178434,0.2000000101977089,-0.9346327660822249,10.35120220471183,11.679045458187273,0.21112125965734338,0.4331962762344533,5dc6669c,0.1651273115890941,575.0,1.2,41.5
0.27262873779981994,0.3320712937261693,U8,MN8014,11.848370420101842,4.306276233888136,CPG,CPG,0.949,0.955,0.12488395634192842,0.4114735374592522,0.20220959003711075,-0.8751251214750204,12.59153719264175,14.211786538281979,0.23800494435834688,0.555590579090645,4e19835f,-0.12111676171052288,601.8,1.0,40.3
0.27262873779981994,0.3320712937261693,U8,MN8014,11.848370420101842,4.306276233888136,CPG,CPG,0.949,0.955,0.12488395634192842,0.4114735374592522,0.20220959003711075,-0.8751251214750204,12.948500779261918,14.211786538281979,0.23800494435834688,0.555590579090645,4e19835f,-0.12111676171052288,601.8,1.0,40.3
0.27262873779981994,0.3320712937261693,U8,MN8014,11.848370420101842,4.306276233888136,CPG,CPG,0.949,0.955,0.12488395634192842,0.4114735374592522,0.20220959003711075,-0.8751251214750204,12.931256038811867,14.211786538281979,0.23800494435834688,0.555590579090645,4e19835f,-0.12111676171052288,601.8,1.0,40.3
0.27262873779981994,0.3320712937261693,U8,MN8014,11.848370420101842,4.306276233888136,CPG,CPG,0.949,0.955,0.12488395634192842,0.4114735374592522,0.20220959003711075,-0.8751251214750204,12.997974087014434,14.211786538281979,0.23800494435834688,0.555590579090645,4e19835f,-0.12111676171052288,601.8,1.0,40.3
0.27262873779981994,0.3320712937261693,U8,MN8014,11.848370420101842,4.306276233888136,CPG,CPG,0.949,0.955,0.12488395634192842,0.4114735374592522,0.20220959003711075,-0.8751251214750204,13.064065727688751,14.211786538281979,0.23800494435834688,0.555590579090645,4e19835f,-0.12111676171052288,601.8,1.0,40.3
0.2715433988220789,0.32404027136050645,U8,MN8014,11.925289699369516,4.000031552344185,CPG,SSPG,0.949,0.962,0.1176288493158948,0.4533567495746925,0.3076313042731917,-1.014024021006803,13.82682802156719,10.922635867372247,0.06723318681053157,0.3692853693494745,df36e7c4,0.560296668836048,585.3,0.0,42.6
0.2715433988220789,0.32404027136050645,U8,MN8014,11.925289699369516,4.000031552344185,CPG,SSPG,0.949,0.962,0.1176288493158948,0.4533567495746925,0.3076313042731917,-1.014024021006803,13.516253778995402,10.922635867372247,0.06723318681053157,0.3692853693494745,df36e7c4,0.560296668836048,585.3,0.0,42.6
0.2715433988220789,0.32404027136050645,U8,MN8014,11.925289699369516,4.000031552344185,CPG,SSPG,0.949,0.962,0.1176288493158948,0.4533567495746925,0.3076313042731917,-1.014024021006803,13.3475961652489,10.922635867372247,0.06723318681053157,0.3692853693494745,df36e7c4,0.560296668836048,585.3,0.0,42.6
0.2715433988220789,0.32404027136050645,U8,MN8014,11.925289699369516,4.000031552344185,CPG,SSPG,0.949,0.962,0.1176288493158948,0.4533567495746925,0.3076313042731917,-1.014024021006803,13.258477370072487,10.922635867372247,0.06723318681053157,0.3692853693494745,df36e7c4,0.560296668836048,585.3,0.0,42.6
0.2715433988220789,0.32404027136050645,U8,MN8014,11.925289699369516,4.000031552344185,CPG,SSPG,0.949,0.962,0.1176288493158948,0.4533567495746925,0.3076313042731917,-1.014024021006803,13.262905036682922,10.922635867372247,0.06723318681053157,0.3692853693494745,df36e7c4,0.560296668836048,585.3,0.0,42.6
0.2663465313003952,0.305242029657128,U8,MN8014,11.52743369936984,4.158669027094799,CPG,SSPG,0.947,0.954,0.12420747221343244,0.43632345762407526,0.23202269798922875,-1.103902741120594,13.211140153201603,11.588874760804016,0.10192407104166183,0.46067125871336473,048a5a39,-0.18501897944699497,547.6,1.2,40.4
0.2663465313003952,0.305242029657128,U8,MN8014,11.52743369936984,4.158669027094799,CPG,SSPG,0.947,0.954,0.12420747221343244,0.43632345762407526,0.23202269798922875,-1.103902741120594,14.251329865072286,11.588874760804016,0.10192407104166183,0.46067125871336473,048a5a39,-0.18501897944699497,547.6,1.2,40.4
0.2663465313003952,0.305242029657128,U8,MN8014,11.52743369936984,4.158669027094799,CPG,SSPG,0.947,0.954,0.12420747221343244,0.43632345762407526,0.23202269798922875,-1.103902741120594,14.177399921536908,11.588874760804016,0.10192407104166183,0.46067125871336473,048a5a39,-0.18501897944699497,547.6,1.2,40.4
0.2663465313003952,0.305242029657128,U8,MN8014,11.52743369936984,4.158669027094799,CPG,SSPG,0.947,0.954,0.12420747221343244,0.43632345762407526,0.23202269798922875,-1.103902741120594,13.602506938594273,11.588874760804016,0.10192407104166183,0.46067125871336473,048a5a39,-0.18501897944699497,547.6,1.2,40.4
0.2663465313003952,0.305242029657128,U8,MN8014,11.52743369936984,4.158669027094799,CPG,SSPG,0.947,0.954,0.12420747221343244,0.43632345762407526,0.23202269798922875,-1.103902741120594,14.619679361297331,11.588874760804016,0.10192407104166183,0.46067125871336473,048a5a39,-0.18501897944699497,547.6,1.2,40.4
0.27118000237779327,0.33943558125256035,U8,MN8014,13.397134631794117,4.000745318869631,CPG,SSPG,0.943,0.962,0.1199568553802068,0.4470470849873349,0.20828927824814375,-1.1129852651286831,16.258615131561296,14.190832832046457,0.12551395373970436,0.5701227993260958,f6127f8d,-0.294712706375055,442.8,0.1,40.0
0.27118000237779327,0.33943558125256035,U8,MN8014,13.397134631794117,4.000745318869631,CPG,SSPG,0.943,0.962,0.1199568553802068,0.4470470849873349,0.20828927824814375,-1.1129852651286831,16.712572774385603,14.190832832046457,0.12551395373970436,0.5701227993260958,f6127f8d,-0.294712706375055,442.8,0.1,40.0
0.27118000237779327,0.33943558125256035,U8,MN8014,13.397134631794117,4.000745318869631,CPG,SSPG,0.943,0.962,0.1199568553802068,0.4470470849873349,0.20828927824814375,-1.1129852651286831,16.960312200015892,14.190832832046457,0.12551395373970436,0.5701227993260958,f6127f8d,-0.294712706375055,442.8,0.1,40.0
0.27118000237779327,0.33943558125256035,U8,MN8014,13.397134631794117,4.000745318869631,CPG,SSPG,0.943,0.962,0.1199568553802068,0.4470470849873349,0.20828927824814375,-1.1129852651286831,16.60752941379875,14.190832832046457,0.12551395373970436,0.5701227993260958,f6127f8d,-0.294712706375055,442.8,0.1,40.0
0.27118000237779327,0.33943558125256035,U8,MN8014,13.397134631794117,4.000745318869631,CPG,SSPG,0.943,0.962,0.1199568553802068,0.4470470849873349,0.20828927824814375,-1.1129852651286831,16.353795540344006,14.190832832046457,0.12551395373970436,0.5701227993260958,f6127f8d,-0.294712706375055,442.8,0.1,40.0
0.2604361618105886,0.3479192272083009,U8,MN8014,11.801020045099754,4.0799492850881345,CPG,SSPG,0.949,0.964,0.12345210561640128,0.4573980830078659,0.22435036694333457,-0.973667714095589,15.138206716700886,13.039726880823494,0.14040170589394527,0.5402908637213641,bbca555a,-0.4566126556068939,489.1,0.1,43.1
0.2604361618105886,0.3479192272083009,U8,MN8014,11.801020045099754,4.0799492850881345,CPG,SSPG,0.949,0.964,0.12345210561640128,0.4573980830078659,0.22435036694333457,-0.973667714095589,15.359419624849856,13.039726880823494,0.14040170589394527,0.5402908637213641,bbca555a,-0.4566126556068939,489.1,0.1,43.1
0.2604361618105886,0.3479192272083009,U8,MN8014,11.801020045099754,4.0799492850881345,CPG,SSPG,0.949,0.964,0.12345210561640128,0.4573980830078659,0.22435036694333457,-0.973667714095589,15.446208427872106,13.039726880823494,0.14040170589394527,0.5402908637213641,bbca555a,-0.4566126556068939,489.1,0.1,43.1
0.2604361618105886,0.3479192272083009,U8,MN8014,11.801020045099754,4.0799492850881345,CPG,SSPG,0.949,0.964,0.12345210561640128,0.4573980830078659,0.22435036694333457,-0.973667714095589,15.45748187899439,13.039726880823494,0.14040170589394527,0.5402908637213641,bbca555a,-0.4566126556068939,489.1,0.1,43.1
0.2604361618105886,0.3479192272083009,U8,MN8014,11.801020045099754,4.0799492850881345,CPG,SSPG,0.949,0.964,0.12345210561640128,0.4573980830078659,0.22435036694333457,-0.973667714095589,15.17205821301107,13.039726880823494,0.14040170589394527,0.5402908637213641,bbca555a,-0.4566126556068939,489.1,0.1,43.1
0.2790253398130387,0.3299130030400608,U8,MN8014,12.767380738312312,4.039926751283346,CPG,SSPG,0.944,0.962,0.12117365586354381,0.44693694891410596,0.28352903249850897,-0.8423655112073057,15.020006107483768,12.976802260113113,0.11697714368465678,0.5203943890412888,020297f3,-0.2586984561578882,508.8,0.1,40.8
0.2790253398130387,0.3299130030400608,U8,MN8014,12.767380738312312,4.039926751283346,CPG,SSPG,0.944,0.962,0.12117365586354381,0.44693694891410596,0.28352903249850897,-0.8423655112073057,14.682741260306837,12.976802260113113,0.11697714368465678,0.5203943890412888,020297f3,-0.2586984561578882,508.8,0.1,40.8
0.2790253398130387,0.3299130030400608,U8,MN8014,12.767380738312312,4.039926751283346,CPG,SSPG,0.944,0.962,0.12117365586354381,0.44693694891410596,0.28352903249850897,-0.8423655112073057,14.671786053004904,12.976802260113113,0.11697714368465678,0.5203943890412888,020297f3,-0.2586984561578882,508.8,0.1,40.8
0.2790253398130387,0.3299130030400608,U8,MN8014,12.767380738312312,4.039926751283346,CPG,SSPG,0.944,0.962,0.12117365586354381,0.44693694891410596,0.28352903249850897,-0.8423655112073057,12.736574630239675,12.976802260113113,0.11697714368465678,0.5203943890412888,020297f3,-0.2586984561578882,508.8,0.1,40.8
0.2790253398130387,0.3299130030400608,U8,MN8014,12.767380738312312,4.039926751283346,CPG,SSPG,0.944,0.962,0.12117365586354381,0.44693694891410596,0.28352903249850897,-0.8423655112073057,14.581903781497369,12.976802260113113,0.11697714368465678,0.5203943890412888,020297f3,-0.2586984561578882,508.8,0.1,40.8
0.2586044326998067,0.3456992637628883,U8,MN8014,12.8303123860331,4.012875433328073,CPG,SSPG,0.944,0.962,0.11692654044835475,0.44859245131431347,0.22672510912796917,-0.943197906973216,16.451344815879033,14.898822817484637,0.17961968184739951,0.6261491259854548,8e95301f,-0.6216447853136433,561.6,0.1,44.9
0.2586044326998067,0.3456992637628883,U8,MN8014,12.8303123860331,4.012875433328073,CPG,SSPG,0.944,0.962,0.11692654044835475,0.44859245131431347,0.22672510912796917,-0.943197906973216,16.36502856254547,14.898822817484637,0.17961968184739951,0.6261491259854548,8e95301f,-0.6216447853136433,561.6,0.1,44.9
0.2586044326998067,0.3456992637628883,U8,MN8014,12.8303123860331,4.012875433328073,CPG,SSPG,0.944,0.962,0.11692654044835475,0.44859245131431347,0.22672510912796917,-0.943197906973216,16.279916089966445,14.898822817484637,0.17961968184739951,0.6261491259854548,8e95301f,-0.6216447853136433,561.6,0.1,44.9
0.2586044326998067,0.3456992637628883,U8,MN8014,12.8303123860331,4.012875433328073,CPG,SSPG,0.944,0.962,0.11692654044835475,0.44859245131431347,0.22672510912796917,-0.943197906973216,15.69312274033198,14.898822817484637,0.17961968184739951,0.6261491259854548,8e95301f,-0.6216447853136433,561.6,0.1,44.9
0.2586044326998067,0.3456992637628883,U8,MN8014,12.8303123860331,4.012875433328073,CPG,SSPG,0.944,0.962,0.11692654044835475,0.44859245131431347,0.22672510912796917,-0.943197906973216,16.3958832281418,14.898822817484637,0.17961968184739951,0.6261491259854548,8e95301f,-0.6216447853136433,561.6,0.1,44.9
0.26485535946232147,0.34754576238564777,U8,MN8014,10.789407007719014,4.015339506254047,CPG,SSPG,0.945,0.962,0.12202474344159524,0.4722525788579447,0.20931308953926245,-0.866894896798311,10.639000143065836,12.275704778031935,0.22285353327445187,0.42579296112432563,8048c06d,0.5078874693784989,576.9,0.1,44.6
0.26485535946232147,0.34754576238564777,U8,MN8014,10.789407007719014,4.015339506254047,CPG,SSPG,0.945,0.962,0.12202474344159524,0.4722525788579447,0.20931308953926245,-0.866894896798311,10.602052372027163,12.275704778031935,0.22285353327445187,0.42579296112432563,8048c06d,0.5078874693784989,576.9,0.1,44.6
0.26485535946232147,0.34754576238564777,U8,MN8014,10.789407007719014,4.015339506254047,CPG,SSPG,0.945,0.962,0.12202474344159524,0.4722525788579447,0.20931308953926245,-0.866894896798311,10.576998957734787,12.275704778031935,0.22285353327445187,0.42579296112432563,8048c06d,0.5078874693784989,576.9,0.1,44.6
0.26485535946232147,0.34754576238564777,U8,MN8014,10.789407007719014,4.015339506254047,CPG,SSPG,0.945,0.962,0.12202474344159524,0.4722525788579447,0.20931308953926245,-0.866894896798311,10.657093788694308,12.275704778031935,0.22285353327445187,0.42579296112432563,8048c06d,0.5078874693784989,576.9,0.1,44.6
0.26485535946232147,0.34754576238564777,U8,MN8014,10.789407007719014,4.015339506254047,CPG,SSPG,0.945,0.962,0.12202474344159524,0.4722525788579447,0.20931308953926245,-0.866894896798311,10.69769394353524,12.275704778031935,0.22285353327445187,0.42579296112432563,8048c06d,0.5078874693784989,576.9,0.1,44.6
0.25591828656042354,0.3400983017590251,U8,MN8014,10.312156462496192,4.005619240386777,CPG,SSPG,0.954,0.962,0.12568922738348007,0.4401903886095384,0.2105205698435915,-1.128989523979909,13.212550025896089,10.4641813417219,0.0820328146989938,0.38913715296959156,12718f4e,0.13660459993554053,476.8,0.0,42.0
0.25591828656042354,0.3400983017590251,U8,MN8014,10.312156462496192,4.005619240386777,CPG,SSPG,0.954,0.962,0.12568922738348007,0.4401903886095384,0.2105205698435915,-1.128989523979909,13.177135361237575,10.4641813417219,0.0820328146989938,0.38913715296959156,12718f4e,0.13660459993554053,476.8,0.0,42.0
0.25591828656042354,0.3400983017590251,U8,MN8014,10.312156462496192,4.005619240386777,CPG,SSPG,0.954,0.962,0.12568922738348007,0.4401903886095384,0.2105205698435915,-1.128989523979909,13.19652587906768,10.4641813417219,0.0820328146989938,0.38913715296959156,12718f4e,0.13660459993554053,476.8,0.0,42.0
0.25591828656042354,0.3400983017590251,U8,MN8014,10.312156462496192,4.005619240386777,CPG,SSPG,0.954,0.962,0.12568922738348007,0.4401903886095384,0.2105205698435915,-1.128989523979909,13.166930333811742,10.4641813417219,0.0820328146989938,0.38913715296959156,12718f4e,0.13660459993554053,476.8,0.0,42.0
0.25591828656042354,0.3400983017590251,U8,MN8014,10.312156462496192,4.005619240386777,CPG,SSPG,0.954,0.962,0.12568922738348007,0.4401903886095384,0.2105205698435915,-1.128989523979909,13.185438601195377,10.4641813417219,0.0820328146989938,0.38913715296959156,12718f4e,0.13660459993554053,476.8,0.0,42.0
0.25553022155658844,0.346632081281685,U8,MN8014,13.302414772008566,4.127185744732195,CPG,SSPG,0.934,0.964,0.12089765085441381,0.4845814435433309,0.2001491438183637,-1.071068312297882,16.692173452543198,14.502090365263525,0.15000794848889862,0.5861735887110442,1021f433,-0.3413155500632543,452.6,0.0,43.7
0.25553022155658844,0.346632081281685,U8,MN8014,13.302414772008566,4.127185744732195,CPG,SSPG,0.934,0.964,0.12089765085441381,0.4845814435433309,0.2001491438183637,-1.071068312297882,17.225462256183615,14.502090365263525,0.15000794848889862,0.5861735887110442,1021f433,-0.3413155500632543,452.6,0.0,43.7
0.25553022155658844,0.346632081281685,U8,MN8014,13.302414772008566,4.127185744732195,CPG,SSPG,0.934,0.964,0.12089765085441381,0.4845814435433309,0.2001491438183637,-1.071068312297882,17.352019054584954,14.502090365263525,0.15000794848889862,0.5861735887110442,1021f433,-0.3413155500632543,452.6,0.0,43.7
0.25553022155658844,0.346632081281685,U8,MN8014,13.302414772008566,4.127185744732195,CPG,SSPG,0.934,0.964,0.12089765085441381,0.4845814435433309,0.2001491438183637,-1.071068312297882,17.2457613376993,14.502090365263525,0.15000794848889862,0.5861735887110442,1021f433,-0.3413155500632543,452.6,0.0,43.7
0.25553022155658844,0.346632081281685,U8,MN8014,13.302414772008566,4.127185744732195,CPG,SSPG,0.934,0.964,0.12089765085441381,0.4845814435433309,0.2001491438183637,-1.071068312297882,16.424874757494557,14.502090365263525,0.15000794848889862,0.5861735887110442,1021f433,-0.3413155500632543,452.6,0.0,43.7
0.2483093973031806,0.34685858910370243,U8,MN8014,13.00870590757719,4.004763052192555,CPG,SSPG,0.936,0.962,0.11805468380937889,0.4402416703765113,0.22117760987337554,-0.8837975517818328,17.529916660592956,14.909741739082929,0.1640508801072739,0.6343246725586686,7c9b3a74,-0.7094514162502357,485.4,0.1,43.1
0.2483093973031806,0.34685858910370243,U8,MN8014,13.00870590757719,4.004763052192555,CPG,SSPG,0.936,0.962,0.11805468380937889,0.4402416703765113,0.22117760987337554,-0.8837975517818328,17.39899885825702,14.909741739082929,0.1640508801072739,0.6343246725586686,7c9b3a74,-0.7094514162502357,485.4,0.1,43.1
0.2483093973031806,0.34685858910370243,U8,MN8014,13.00870590757719,4.004763052192555,CPG,SSPG,0.936,0.962,0.11805468380937889,0.4402416703765113,0.22117760987337554,-0.8837975517818328,17.429774582764566,14.909741739082929,0.1640508801072739,0.6343246725586686,7c9b3a74,-0.7094514162502357,485.4,0.1,43.1
0.2483093973031806,0.34685858910370243,U8,MN8014,13.00870590757719,4.004763052192555,CPG,SSPG,0.936,0.962,0.11805468380937889,0.4402416703765113,0.22117760987337554,-0.8837975517818328,17.13642870473804,14.909741739082929,0.1640508801072739,0.6343246725586686,7c9b3a74,-0.7094514162502357,485.4,0.1,43.1
0.2483093973031806,0.34685858910370243,U8,MN8014,13.00870590757719,4.004763052192555,CPG,SSPG,0.936,0.962,0.11805468380937889,0.4402416703765113,0.22117760987337554,-0.8837975517818328,17.402526843478437,14.909741739082929,0.1640508801072739,0.6343246725586686,7c9b3a74,-0.7094514162502357,485.4,0.1,43.1
0.26903954337246067,0.3444775680227648,U8,MN8014,12.072613207890074,4.003098844074682,CPG,SSPG,0.95,0.962,0.12255087870536197,0.4710275552526416,0.20506778670632608,-1.1164518643254877,14.774373166550653,12.86431162863856,0.15311563993577207,0.5418638763929574,d39cbb3c,-0.5505508180475776,493.5,0.1,41.8
0.26903954337246067,0.3444775680227648,U8,MN8014,12.072613207890074,4.003098844074682,CPG,SSPG,0.95,0.962,0.12255087870536197,0.4710275552526416,0.20506778670632608,-1.1164518643254877,14.591399689330869,12.86431162863856,0.15311563993577207,0.5418638763929574,d39cbb3c,-0.5505508180475776,493.5,0.1,41.8
0.26903954337246067,0.3444775680227648,U8,MN8014,12.072613207890074,4.003098844074682,CPG,SSPG,0.95,0.962,0.12255087870536197,0.4710275552526416,0.20506778670632608,-1.1164518643254877,14.670327613496472,12.86431162863856,0.15311563993577207,0.5418638763929574,d39cbb3c,-0.5505508180475776,493.5,0.1,41.8
0.26903954337246067,0.3444775680227648,U8,MN8014,12.072613207890074,4.003098844074682,CPG,SSPG,0.95,0.962,0.12255087870536197,0.4710275552526416,0.20506778670632608,-1.1164518643254877,14.571566664383038,12.86431162863856,0.15311563993577207,0.5418638763929574,d39cbb3c,-0.5505508180475776,493.5,0.1,41.8
0.26903954337246067,0.3444775680227648,U8,MN8014,12.072613207890074,4.003098844074682,CPG,SSPG,0.95,0.962,0.12255087870536197,0.4710275552526416,0.20506778670632608,-1.1164518643254877,13.971229547684539,12.86431162863856,0.15311563993577207,0.5418638763929574,d39cbb3c,-0.5505508180475776,493.5,0.1,41.8
0.261691031581226,0.34997171603937394,U8,MN8014,13.699857835199175,4.803705267335106,CPG,SSPG,0.935,0.941,0.11777954107391732,0.46866315227260513,0.23020932313115208,-1.0385920962502038,16.75652422404053,14.750579811462833,0.13882875713505974,0.602623850584679,a9727053,-0.41968231987546556,483.4,0.0,45.4
0.261691031581226,0.34997171603937394,U8,MN8014,13.699857835199175,4.803705267335106,CPG,SSPG,0.935,0.941,0.11777954107391732,0.46866315227260513,0.23020932313115208,-1.0385920962502038,16.8499101836108,14.750579811462833,0.13882875713505974,0.602623850584679,a9727053,-0.41968231987546556,483.4,0.0,45.4
0.261691031581226,0.34997171603937394,U8,MN8014,13.699857835199175,4.803705267335106,CPG,SSPG,0.935,0.941,0.11777954107391732,0.46866315227260513,0.23020932313115208,-1.0385920962502038,15.568564766696571,14.750579811462833,0.13882875713505974,0.602623850584679,a9727053,-0.41968231987546556,483.4,0.0,45.4
0.261691031581226,0.34997171603937394,U8,MN8014,13.699857835199175,4.803705267335106,CPG,SSPG,0.935,0.941,0.11777954107391732,0.46866315227260513,0.23020932313115208,-1.0385920962502038,16.547110179329245,14.750579811462833,0.13882875713505974,0.602623850584679,a9727053,-0.41968231987546556,483.4,0.0,45.4
0.261691031581226,0.34997171603937394,U8,MN8014,13.699857835199175,4.803705267335106,CPG,SSPG,0.935,0.941,0.11777954107391732,0.46866315227260513,0.23020932313115208,-1.0385920962502038,17.096893424622202,14.750579811462833,0.13882875713505974,0.602623850584679,a9727053,-0.41968231987546556,483.4,0.0,45.4
0.2625528584236664,0.34976371174154447,U8,MN8014,11.732762263493013,4.232840411153966,CPG,SSPG,0.939,0.954,0.1179639473627618,0.4561277795033731,0.20637383461119582,-1.0507151250558027,13.956050849415085,12.824906897479751,0.16089666141322356,0.5468951296118646,198d7130,-0.6246056456051976,554.1,0.3,45.9
0.2625528584236664,0.34976371174154447,U8,MN8014,11.732762263493013,4.232840411153966,CPG,SSPG,0.939,0.954,0.1179639473627618,0.4561277795033731,0.20637383461119582,-1.0507151250558027,14.983633351045542,12.824906897479751,0.16089666141322356,0.5468951296118646,198d7130,-0.6246056456051976,554.1,0.3,45.9
0.2625528584236664,0.34976371174154447,U8,MN8014,11.732762263493013,4.232840411153966,CPG,SSPG,0.939,0.954,0.1179639473627618,0.4561277795033731,0.20637383461119582,-1.0507151250558027,14.986863911559498,12.824906897479751,0.16089666141322356,0.5468951296118646,198d7130,-0.6246056456051976,554.1,0.3,45.9
0.2625528584236664,0.34976371174154447,U8,MN8014,11.732762263493013,4.232840411153966,CPG,SSPG,0.939,0.954,0.1179639473627618,0.4561277795033731,0.20637383461119582,-1.0507151250558027,14.24650756601451,12.824906897479751,0.16089666141322356,0.5468951296118646,198d7130,-0.6246056456051976,554.1,0.3,45.9
0.2625528584236664,0.34976371174154447,U8,MN8014,11.732762263493013,4.232840411153966,CPG,SSPG,0.939,0.954,0.1179639473627618,0.4561277795033731,0.20637383461119582,-1.0507151250558027,14.679383025486278,12.824906897479751,0.16089666141322356,0.5468951296118646,198d7130,-0.6246056456051976,554.1,0.3,45.9
0.26828481722685904,0.345501457458195,U8,MN8014,13.681918116025178,4.363166987661992,CPG,SSPG,0.935,0.956,0.12936133151026044,0.45428139975221493,0.20888312269748058,-0.9533912951939254,16.116282328103573,15.837782643292922,0.2069847284437413,0.6553671908768829,490805bc,-0.5448694822725777,490.2,0.0,39.9
0.26828481722685904,0.345501457458195,U8,MN8014,13.681918116025178,4.363166987661992,CPG,SSPG,0.935,0.956,0.12936133151026044,0.45428139975221493,0.20888312269748058,-0.9533912951939254,16.19871904064206,15.837782643292922,0.2069847284437413,0.6553671908768829,490805bc,-0.5448694822725777,490.2,0.0,39.9
0.26828481722685904,0.345501457458195,U8,MN8014,13.681918116025178,4.363166987661992,CPG,SSPG,0.935,0.956,0.12936133151026044,0.45428139975221493,0.20888312269748058,-0.9533912951939254,15.622051013393461,15.837782643292922,0.2069847284437413,0.6553671908768829,490805bc,-0.5448694822725777,490.2,0.0,39.9
0.26828481722685904,0.345501457458195,U8,MN8014,13.681918116025178,4.363166987661992,CPG,SSPG,0.935,0.956,0.12936133151026044,0.45428139975221493,0.20888312269748058,-0.9533912951939254,15.622583731627973,15.837782643292922,0.2069847284437413,0.6553671908768829,490805bc,-0.5448694822725777,490.2,0.0,39.9
0.26828481722685904,0.345501457458195,U8,MN8014,13.681918116025178,4.363166987661992,CPG,SSPG,0.935,0.956,0.12936133151026044,0.45428139975221493,0.20888312269748058,-0.9533912951939254,16.59528145814169,15.837782643292922,0.2069847284437413,0.6553671908768829,490805bc,-0.5448694822725777,490.2,0.0,39.9
0.27636438118300977,0.34510253922089784,U8,MN8014,13.096361028550247,4.31050609390362,CPG,CPG,0.938,0.955,0.116598384136393,0.4562839657099987,0.2028084332474506,-0.8934206031752446,14.372766445554065,14.799494522623672,0.2172042161731032,0.5984483491940517,ac4dcf2b,-0.35118700544292647,496.7,0.1,41.9
0.27636438118300977,0.34510253922089784,U8,MN8014,13.096361028550247,4.31050609390362,CPG,CPG,0.938,0.955,0.116598384136393,0.4562839657099987,0.2028084332474506,-0.8934206031752446,14.301928736442102,14.799494522623672,0.2172042161731032,0.5984483491940517,ac4dcf2b,-0.35118700544292647,496.7,0.1,41.9
0.27636438118300977,0.34510253922089784,U8,MN8014,13.096361028550247,4.31050609390362,CPG,CPG,0.938,0.955,0.116598384136393,0.4562839657099987,0.2028084332474506,-0.8934206031752446,13.687904857251963,14.799494522623672,0.2172042161731032,0.5984483491940517,ac4dcf2b,-0.35118700544292647,496.7,0.1,41.9
0.27636438118300977,0.34510253922089784,U8,MN8014,13.096361028550247,4.31050609390362,CPG,CPG,0.938,0.955,0.116598384136393,0.4562839657099987,0.2028084332474506,-0.8934206031752446,14.055347900540403,14.799494522623672,0.2172042161731032,0.5984483491940517,ac4dcf2b,-0.35118700544292647,496.7,0.1,41.9
0.27636438118300977,0.34510253922089784,U8,MN8014,13.096361028550247,4.31050609390362,CPG,CPG,0.938,0.955,0.116598384136393,0.4562839657099987,0.2028084332474506,-0.8934206031752446,14.683433978086692,14.799494522623672,0.2172042161731032,0.5984483491940517,ac4dcf2b,-0.35118700544292647,496.7,0.1,41.9
0.24060810289218776,0.34152018729752215,U8,MN8014,12.81025160484699,5.312128202464589,CPG,CPG,0.944,0.952,0.11077475287240315,0.43441086273519347,0.33878133605934924,-0.8274636268954364,6.612972623930076,8.248524488829503,0.03990164094074302,0.24259998742201824,9e1e046c,0.8337587757771305,572.8,0.4,43.2
0.24060810289218776,0.34152018729752215,U8,MN8014,12.81025160484699,5.312128202464589,CPG,CPG,0.944,0.952,0.11077475287240315,0.43441086273519347,0.33878133605934924,-0.8274636268954364,8.333372351799456,8.248524488829503,0.03990164094074302,0.24259998742201824,9e1e046c,0.8337587757771305,572.8,0.4,43.2
0.24060810289218776,0.34152018729752215,U8,MN8014,12.81025160484699,5.312128202464589,CPG,CPG,0.944,0.952,0.11077475287240315,0.43441086273519347,0.33878133605934924,-0.8274636268954364,10.82556437266337,8.248524488829503,0.03990164094074302,0.24259998742201824,9e1e046c,0.8337587757771305,572.8,0.4,43.2
0.24060810289218776,0.34152018729752215,U8,MN8014,12.81025160484699,5.312128202464589,CPG,CPG,0.944,0.952,0.11077475287240315,0.43441086273519347,0.33878133605934924,-0.8274636268954364,10.759287509586466,8.248524488829503,0.03990164094074302,0.24259998742201824,9e1e046c,0.8337587757771305,572.8,0.4,43.2
0.24060810289218776,0.34152018729752215,U8,MN8014,12.81025160484699,5.312128202464589,CPG,CPG,0.944,0.952,0.11077475287240315,0.43441086273519347,0.33878133605934924,-0.8274636268954364,10.705292978896589,8.248524488829503,0.03990164094074302,0.24259998742201824,9e1e046c,0.8337587757771305,572.8,0.4,43.2
0.2469470416348837,0.34970990275436736,U8,MN8014,13.130023707898804,4.014603353248353,CPG,SSPG,0.938,0.962,0.11349661108952162,0.46495531679821445,0.22433008531558069,-1.0935829739541494,15.644272870574644,14.694543146320763,0.14072548541059113,0.6007726267012258,78610eba,-0.42304730879786057,493.7,0.0,42.8
0.2469470416348837,0.34970990275436736,U8,MN8014,13.130023707898804,4.014603353248353,CPG,SSPG,0.938,0.962,0.11349661108952162,0.46495531679821445,0.22433008531558069,-1.0935829739541494,17.72526049003558,14.694543146320763,0.14072548541059113,0.6007726267012258,78610eba,-0.42304730879786057,493.7,0.0,42.8
0.2469470416348837,0.34970990275436736,U8,MN8014,13.130023707898804,4.014603353248353,CPG,SSPG,0.938,0.962,0.11349661108952162,0.46495531679821445,0.22433008531558069,-1.0935829739541494,17.67180749886709,14.694543146320763,0.14072548541059113,0.6007726267012258,78610eba,-0.42304730879786057,493.7,0.0,42.8
0.2469470416348837,0.34970990275436736,U8,MN8014,13.130023707898804,4.014603353248353,CPG,SSPG,0.938,0.962,0.11349661108952162,0.46495531679821445,0.22433008531558069,-1.0935829739541494,17.596529547929176,14.694543146320763,0.14072548541059113,0.6007726267012258,78610eba,-0.42304730879786057,493.7,0.0,42.8
0.2469470416348837,0.34970990275436736,U8,MN8014,13.130023707898804,4.014603353248353,CPG,SSPG,0.938,0.962,0.11349661108952162,0.46495531679821445,0.22433008531558069,-1.0935829739541494,17.569047239398273,14.694543146320763,0.14072548541059113,0.6007726267012258,78610eba,-0.42304730879786057,493.7,0.0,42.8
0.2619424365337098,0.3421126078211435,U8,MN8014,14.329600878217537,4.033571514085151,CPG,SSPG,0.934,0.962,0.11410450452226287,0.4590634208795519,0.20751590137875026,-1.2629761572332046,12.714832055960505,15.611946862442773,0.12323904757411541,0.6033711499982384,aec0a515,-0.05429968598127033,456.8,0.1,40.6
0.2619424365337098,0.3421126078211435,U8,MN8014,14.329600878217537,4.033571514085151,CPG,SSPG,0.934,0.962,0.11410450452226287,0.4590634208795519,0.20751590137875026,-1.2629761572332046,18.568655278613335,15.611946862442773,0.12323904757411541,0.6033711499982384,aec0a515,-0.05429968598127033,456.8,0.1,40.6
0.2619424365337098,0.3421126078211435,U8,MN8014,14.329600878217537,4.033571514085151,CPG,SSPG,0.934,0.962,0.11410450452226287,0.4590634208795519,0.20751590137875026,-1.2629761572332046,18.7061825728979,15.611946862442773,0.12323904757411541,0.6033711499982384,aec0a515,-0.05429968598127033,456.8,0.1,40.6
0.2619424365337098,0.3421126078211435,U8,MN8014,14.329600878217537,4.033571514085151,CPG,SSPG,0.934,0.962,0.11410450452226287,0.4590634208795519,0.20751590137875026,-1.2629761572332046,18.399630861280272,15.611946862442773,0.12323904757411541,0.6033711499982384,aec0a515,-0.05429968598127033,456.8,0.1,40.6
0.2619424365337098,0.3421126078211435,U8,MN8014,14.329600878217537,4.033571514085151,CPG,SSPG,0.934,0.962,0.11410450452226287,0.4590634208795519,0.20751590137875026,-1.2629761572332046,18.522176561290262,15.611946862442773,0.12323904757411541,0.6033711499982384,aec0a515,-0.05429968598127033,456.8,0.1,40.6
0.24372394254637447,0.34862849274596786,U8,MN8014,12.726366949577601,4.0531547752511665,CPG,SSPG,0.939,0.964,0.1236341519402118,0.46880192768831735,0.2019865997627096,-0.9680183490112013,16.59999108369229,14.830150484050353,0.17658565286139488,0.6019811257867252,c9f9763d,-0.3778723360978784,511.2,0.0,45.4
0.24372394254637447,0.34862849274596786,U8,MN8014,12.726366949577601,4.0531547752511665,CPG,SSPG,0.939,0.964,0.1236341519402118,0.46880192768831735,0.2019865997627096,-0.9680183490112013,16.902928474532487,14.830150484050353,0.17658565286139488,0.6019811257867252,c9f9763d,-0.3778723360978784,511.2,0.0,45.4
0.24372394254637447,0.34862849274596786,U8,MN8014,12.726366949577601,4.0531547752511665,CPG,SSPG,0.939,0.964,0.1236341519402118,0.46880192768831735,0.2019865997627096,-0.9680183490112013,16.914818309060465,14.830150484050353,0.17658565286139488,0.6019811257867252,c9f9763d,-0.3778723360978784,511.2,0.0,45.4
0.24372394254637447,0.34862849274596786,U8,MN8014,12.726366949577601,4.0531547752511665,CPG,SSPG,0.939,0.964,0.1236341519402118,0.46880192768831735,0.2019865997627096,-0.9680183490112013,16.628196331839025,14.830150484050353,0.17658565286139488,0.6019811257867252,c9f9763d,-0.3778723360978784,511.2,0.0,45.4
0.24372394254637447,0.34862849274596786,U8,MN8014,12.726366949577601,4.0531547752511665,CPG,SSPG,0.939,0.964,0.1236341519402118,0.46880192768831735,0.2019865997627096,-0.9680183490112013,16.287523182891015,14.830150484050353,0.17658565286139488,0.6019811257867252,c9f9763d,-0.3778723360978784,511.2,0.0,45.4
0.2734022203786397,0.33880272661296695,U8,MN8014,11.025634427100226,4.183277983869174,CPG,SSPG,0.939,0.954,0.11428100138145912,0.45802099280107345,0.21344324085233518,-1.0666308650217906,13.758811215950988,11.37479147596588,0.13837170396488094,0.4880120341717235,7ccadb5f,-0.5874253759331234,509.0,0.1,42.2
0.2734022203786397,0.33880272661296695,U8,MN8014,11.025634427100226,4.183277983869174,CPG,SSPG,0.939,0.954,0.11428100138145912,0.45802099280107345,0.21344324085233518,-1.0666308650217906,13.575844660347652,11.37479147596588,0.13837170396488094,0.4880120341717235,7ccadb5f,-0.5874253759331234,509.0,0.1,42.2
0.2734022203786397,0.33880272661296695,U8,MN8014,11.025634427100226,4.183277983869174,CPG,SSPG,0.939,0.954,0.11428100138145912,0.45802099280107345,0.21344324085233518,-1.0666308650217906,12.54117851000292,11.37479147596588,0.13837170396488094,0.4880120341717235,7ccadb5f,-0.5874253759331234,509.0,0.1,42.2
0.2734022203786397,0.33880272661296695,U8,MN8014,11.025634427100226,4.183277983869174,CPG,SSPG,0.939,0.954,0.11428100138145912,0.45802099280107345,0.21344324085233518,-1.0666308650217906,13.057437384613301,11.37479147596588,0.13837170396488094,0.4880120341717235,7ccadb5f,-0.5874253759331234,509.0,0.1,42.2
0.2734022203786397,0.33880272661296695,U8,MN8014,11.025634427100226,4.183277983869174,CPG,SSPG,0.939,0.954,0.11428100138145912,0.45802099280107345,0.21344324085233518,-1.0666308650217906,13.330494874401468,11.37479147596588,0.13837170396488094,0.4880120341717235,7ccadb5f,-0.5874253759331234,509.0,0.1,42.2
0.2413658587952598,0.34993746382264207,U8,MN8014,12.33314763712518,4.676921314545425,CPG,CPG,0.948,0.967,0.12245111752532317,0.43088921527035173,0.2011746324368167,-0.9143597571648203,15.898959622913642,15.148359642203857,0.189095072212323,0.6299762000013613,9cb7a266,-0.5566650204625141,518.9,0.2,41.2
0.2413658587952598,0.34993746382264207,U8,MN8014,12.33314763712518,4.676921314545425,CPG,CPG,0.948,0.967,0.12245111752532317,0.43088921527035173,0.2011746324368167,-0.9143597571648203,16.271093554343537,15.148359642203857,0.189095072212323,0.6299762000013613,9cb7a266,-0.5566650204625141,518.9,0.2,41.2
0.2413658587952598,0.34993746382264207,U8,MN8014,12.33314763712518,4.676921314545425,CPG,CPG,0.948,0.967,0.12245111752532317,0.43088921527035173,0.2011746324368167,-0.9143597571648203,15.786682054598687,15.148359642203857,0.189095072212323,0.6299762000013613,9cb7a266,-0.5566650204625141,518.9,0.2,41.2
0.2413658587952598,0.34993746382264207,U8,MN8014,12.33314763712518,4.676921314545425,CPG,CPG,0.948,0.967,0.12245111752532317,0.43088921527035173,0.2011746324368167,-0.9143597571648203,15.614653679059861,15.148359642203857,0.189095072212323,0.6299762000013613,9cb7a266,-0.5566650204625141,518.9,0.2,41.2
0.2413658587952598,0.34993746382264207,U8,MN8014,12.33314763712518,4.676921314545425,CPG,CPG,0.948,0.967,0.12245111752532317,0.43088921527035173,0.2011746324368167,-0.9143597571648203,16.039868488414715,15.148359642203857,0.189095072212323,0.6299762000013613,9cb7a266,-0.5566650204625141,518.9,0.2,41.2
0.25107305604532215,0.33444024498171,U8,MN8014,13.212183312965495,4.3316605532660235,CPG,CPG,0.947,0.955,0.11782497998033194,0.4386128909845952,0.20279934252196152,-0.9388494910616683,15.859419842376877,15.726337460971745,0.2053027130045215,0.6540799194798181,f94af800,-0.5786661510912978,542.0,0.7,41.2
0.25107305604532215,0.33444024498171,U8,MN8014,13.212183312965495,4.3316605532660235,CPG,CPG,0.947,0.955,0.11782497998033194,0.4386128909845952,0.20279934252196152,-0.9388494910616683,16.25252532653558,15.726337460971745,0.2053027130045215,0.6540799194798181,f94af800,-0.5786661510912978,542.0,0.7,41.2
0.25107305604532215,0.33444024498171,U8,MN8014,13.212183312965495,4.3316605532660235,CPG,CPG,0.947,0.955,0.11782497998033194,0.4386128909845952,0.20279934252196152,-0.9388494910616683,16.087362035241945,15.726337460971745,0.2053027130045215,0.6540799194798181,f94af800,-0.5786661510912978,542.0,0.7,41.2
0.25107305604532215,0.33444024498171,U8,MN8014,13.212183312965495,4.3316605532660235,CPG,CPG,0.947,0.955,0.11782497998033194,0.4386128909845952,0.20279934252196152,-0.9388494910616683,16.654990423712235,15.726337460971745,0.2053027130045215,0.6540799194798181,f94af800,-0.5786661510912978,542.0,0.7,41.2
0.25107305604532215,0.33444024498171,U8,MN8014,13.212183312965495,4.3316605532660235,CPG,CPG,0.947,0.955,0.11782497998033194,0.4386128909845952,0.20279934252196152,-0.9388494910616683,16.78470710746529,15.726337460971745,0.2053027130045215,0.6540799194798181,f94af800,-0.5786661510912978,542.0,0.7,41.2
0.26667807242649577,0.3447215783350153,U8,MN8014,13.255779453136002,4.241709950849158,CPG,SSPG,0.934,0.954,0.12359624467416594,0.46361816279192875,0.2015448897422736,-0.8346036824422639,13.265820708783535,15.125325817279302,0.2342592083519526,0.589691625129973,7cda8061,-0.11064860018887757,537.7,0.2,46.4
0.26667807242649577,0.3447215783350153,U8,MN8014,13.255779453136002,4.241709950849158,CPG,SSPG,0.934,0.954,0.12359624467416594,0.46361816279192875,0.2015448897422736,-0.8346036824422639,13.473364503762243,15.125325817279302,0.2342592083519526,0.589691625129973,7cda8061,-0.11064860018887757,537.7,0.2,46.4
0.26667807242649577,0.3447215783350153,U8,MN8014,13.255779453136002,4.241709950849158,CPG,SSPG,0.934,0.954,0.12359624467416594,0.46361816279192875,0.2015448897422736,-0.8346036824422639,13.949746999780864,15.125325817279302,0.2342592083519526,0.589691625129973,7cda8061,-0.11064860018887757,537.7,0.2,46.4
0.26667807242649577,0.3447215783350153,U8,MN8014,13.255779453136002,4.241709950849158,CPG,SSPG,0.934,0.954,0.12359624467416594,0.46361816279192875,0.2015448897422736,-0.8346036824422639,14.218635949486615,15.125325817279302,0.2342592083519526,0.589691625129973,7cda8061,-0.11064860018887757,537.7,0.2,46.4
0.26667807242649577,0.3447215783350153,U8,MN8014,13.255779453136002,4.241709950849158,CPG,SSPG,0.934,0.954,0.12359624467416594,0.46361816279192875,0.2015448897422736,-0.8346036824422639,14.572838931960584,15.125325817279302,0.2342592083519526,0.589691625129973,7cda8061,-0.11064860018887757,537.7,0.2,46.4
0.27039159380549027,0.3237603385025596,U8,MN8014,12.845876961235028,4.196512799292018,CPG,SSPG,0.944,0.954,0.119622896539567,0.4500575408237203,0.20022817091012193,-0.9873438178468087,15.546792395632869,13.710602987062803,0.14689476732968967,0.571379196116163,d08fd5f6,-0.5173594217806139,460.8,0.0,42.2
0.27039159380549027,0.3237603385025596,U8,MN8014,12.845876961235028,4.196512799292018,CPG,SSPG,0.944,0.954,0.119622896539567,0.4500575408237203,0.20022817091012193,-0.9873438178468087,16.470712272508518,13.710602987062803,0.14689476732968967,0.571379196116163,d08fd5f6,-0.5173594217806139,460.8,0.0,42.2
0.27039159380549027,0.3237603385025596,U8,MN8014,12.845876961235028,4.196512799292018,CPG,SSPG,0.944,0.954,0.119622896539567,0.4500575408237203,0.20022817091012193,-0.9873438178468087,16.451490995495437,13.710602987062803,0.14689476732968967,0.571379196116163,d08fd5f6,-0.5173594217806139,460.8,0.0,42.2
0.27039159380549027,0.3237603385025596,U8,MN8014,12.845876961235028,4.196512799292018,CPG,SSPG,0.944,0.954,0.119622896539567,0.4500575408237203,0.20022817091012193,-0.9873438178468087,16.391516406897164,13.710602987062803,0.14689476732968967,0.571379196116163,d08fd5f6,-0.5173594217806139,460.8,0.0,42.2
0.27039159380549027,0.3237603385025596,U8,MN8014,12.845876961235028,4.196512799292018,CPG,SSPG,0.944,0.954,0.119622896539567,0.4500575408237203,0.20022817091012193,-0.9873438178468087,16.475014936835713,13.710602987062803,0.14689476732968967,0.571379196116163,d08fd5f6,-0.5173594217806139,460.8,0.0,42.2
0.26441355808860334,0.3465926248932223,U8,MN8014,11.350478654634347,4.0476639152640095,CPG,SSPG,0.935,0.962,0.1187759915859777,0.4643320710446033,0.24204997088245847,-0.9639413396105663,13.952831255436962,11.96417776908558,0.14834722225388422,0.5123385065346616,5055083f,-0.6069966327102287,512.3,0.1,41.0
0.26441355808860334,0.3465926248932223,U8,MN8014,11.350478654634347,4.0476639152640095,CPG,SSPG,0.935,0.962,0.1187759915859777,0.4643320710446033,0.24204997088245847,-0.9639413396105663,13.95400909948998,11.96417776908558,0.14834722225388422,0.5123385065346616,5055083f,-0.6069966327102287,512.3,0.1,41.0
0.26441355808860334,0.3465926248932223,U8,MN8014,11.350478654634347,4.0476639152640095,CPG,SSPG,0.935,0.962,0.1187759915859777,0.4643320710446033,0.24204997088245847,-0.9639413396105663,13.98971034537946,11.96417776908558,0.14834722225388422,0.5123385065346616,5055083f,-0.6069966327102287,512.3,0.1,41.0
0.26441355808860334,0.3465926248932223,U8,MN8014,11.350478654634347,4.0476639152640095,CPG,SSPG,0.935,0.962,0.1187759915859777,0.4643320710446033,0.24204997088245847,-0.9639413396105663,13.888713683888998,11.96417776908558,0.14834722225388422,0.5123385065346616,5055083f,-0.6069966327102287,512.3,0.1,41.0
0.26441355808860334,0.3465926248932223,U8,MN8014,11.350478654634347,4.0476639152640095,CPG,SSPG,0.935,0.962,0.1187759915859777,0.4643320710446033,0.24204997088245847,-0.9639413396105663,13.84879355613787,11.96417776908558,0.14834722225388422,0.5123385065346616,5055083f,-0.6069966327102287,512.3,0.1,41.0
0.26637497710779506,0.3492628749964851,U8,MN8014,12.33321591334541,4.098780145449616,CPG,SSPG,0.948,0.964,0.11043355390667906,0.45505841420332366,0.22623332818951278,-0.9801419330251868,14.291318775742969,13.390944737942803,0.14914073498956773,0.5612564849994558,f91083b2,-0.5415072331822843,520.8,0.0,44.6
0.26637497710779506,0.3492628749964851,U8,MN8014,12.33321591334541,4.098780145449616,CPG,SSPG,0.948,0.964,0.11043355390667906,0.45505841420332366,0.22623332818951278,-0.9801419330251868,14.945023490052805,13.390944737942803,0.14914073498956773,0.5612564849994558,f91083b2,-0.5415072331822843,520.8,0.0,44.6
0.26637497710779506,0.3492628749964851,U8,MN8014,12.33321591334541,4.098780145449616,CPG,SSPG,0.948,0.964,0.11043355390667906,0.45505841420332366,0.22623332818951278,-0.9801419330251868,14.901411724866009,13.390944737942803,0.14914073498956773,0.5612564849994558,f91083b2,-0.5415072331822843,520.8,0.0,44.6
0.26637497710779506,0.3492628749964851,U8,MN8014,12.33321591334541,4.098780145449616,CPG,SSPG,0.948,0.964,0.11043355390667906,0.45505841420332366,0.22623332818951278,-0.9801419330251868,14.648092639859357,13.390944737942803,0.14914073498956773,0.5612564849994558,f91083b2,-0.5415072331822843,520.8,0.0,44.6
0.26637497710779506,0.3492628749964851,U8,MN8014,12.33321591334541,4.098780145449616,CPG,SSPG,0.948,0.964,0.11043355390667906,0.45505841420332366,0.22623332818951278,-0.9801419330251868,14.653198633446978,13.390944737942803,0.14914073498956773,0.5612564849994558,f91083b2,-0.5415072331822843,520.8,0.0,44.6
0.26574023048510786,0.33708741242535945,U8,MN8014,12.121613857468956,4.006363156950682,CPG,SSPG,0.95,0.962,0.11794556874418723,0.45710431091333337,0.20783650092732214,-0.9807511994219262,14.716880349782496,13.36391600537002,0.1725945380437282,0.5630009261427761,b3b278dd,-0.5729846982603535,487.6,0.0,40.2
0.26574023048510786,0.33708741242535945,U8,MN8014,12.121613857468956,4.006363156950682,CPG,SSPG,0.95,0.962,0.11794556874418723,0.45710431091333337,0.20783650092732214,-0.9807511994219262,14.646866038905053,13.36391600537002,0.1725945380437282,0.5630009261427761,b3b278dd,-0.5729846982603535,487.6,0.0,40.2
0.26574023048510786,0.33708741242535945,U8,MN8014,12.121613857468956,4.006363156950682,CPG,SSPG,0.95,0.962,0.11794556874418723,0.45710431091333337,0.20783650092732214,-0.9807511994219262,14.04782379533454,13.36391600537002,0.1725945380437282,0.5630009261427761,b3b278dd,-0.5729846982603535,487.6,0.0,40.2
0.26574023048510786,0.33708741242535945,U8,MN8014,12.121613857468956,4.006363156950682,CPG,SSPG,0.95,0.962,0.11794556874418723,0.45710431091333337,0.20783650092732214,-0.9807511994219262,14.783678936482504,13.36391600537002,0.1725945380437282,0.5630009261427761,b3b278dd,-0.5729846982603535,487.6,0.0,40.2
0.26574023048510786,0.33708741242535945,U8,MN8014,12.121613857468956,4.006363156950682,CPG,SSPG,0.95,0.962,0.11794556874418723,0.45710431091333337,0.20783650092732214,-0.9807511994219262,14.442441998509825,13.36391600537002,0.1725945380437282,0.5630009261427761,b3b278dd,-0.5729846982603535,487.6,0.0,40.2
0.24589166907982185,0.3431054588855132,U10,MN8014,12.568718075986537,4.012823434842407,CPG,SSPG,0.949,0.962,0.11864585896487104,0.446563670696881,0.22214761907233077,-0.9122416758531426,20.181976225747718,20.895807479402915,0.21200983992530611,0.7997190071810475,af4514b6,0.016330186647639522,528.3,0.0,44.1
0.24589166907982185,0.3431054588855132,U10,MN8014,12.568718075986537,4.012823434842407,CPG,SSPG,0.949,0.962,0.11864585896487104,0.446563670696881,0.22214761907233077,-0.9122416758531426,19.986323084917274,20.895807479402915,0.21200983992530611,0.7997190071810475,af4514b6,0.016330186647639522,528.3,0.0,44.1
0.24589166907982185,0.3431054588855132,U10,MN8014,12.568718075986537,4.012823434842407,CPG,SSPG,0.949,0.962,0.11864585896487104,0.446563670696881,0.22214761907233077,-0.9122416758531426,19.9116963420665,20.895807479402915,0.21200983992530611,0.7997190071810475,af4514b6,0.016330186647639522,528.3,0.0,44.1
0.24589166907982185,0.3431054588855132,U10,MN8014,12.568718075986537,4.012823434842407,CPG,SSPG,0.949,0.962,0.11864585896487104,0.446563670696881,0.22214761907233077,-0.9122416758531426,20.14246717166283,20.895807479402915,0.21200983992530611,0.7997190071810475,af4514b6,0.016330186647639522,528.3,0.0,44.1
0.24589166907982185,0.3431054588855132,U10,MN8014,12.568718075986537,4.012823434842407,CPG,SSPG,0.949,0.962,0.11864585896487104,0.446563670696881,0.22214761907233077,-0.9122416758531426,19.374813751309727,20.895807479402915,0.21200983992530611,0.7997190071810475,af4514b6,0.016330186647639522,528.3,0.0,44.1
0.2714346708358619,0.34542673928785894,U8,MN8014,10.418835892257537,4.023587800553329,CPG,SSPG,0.953,0.962,0.11725599445458247,0.45307155260419907,0.20222159392409467,-0.9171354774832196,11.07965942616372,11.589697900195887,0.19726355526891406,0.4629239646145427,e4de6021,-0.2101619089796838,544.3,0.0,43.9
0.2714346708358619,0.34542673928785894,U8,MN8014,10.418835892257537,4.023587800553329,CPG,SSPG,0.953,0.962,0.11725599445458247,0.45307155260419907,0.20222159392409467,-0.9171354774832196,10.795786738421786,11.589697900195887,0.19726355526891406,0.4629239646145427,e4de6021,-0.2101619089796838,544.3,0.0,43.9
0.2714346708358619,0.34542673928785894,U8,MN8014,10.418835892257537,4.023587800553329,CPG,SSPG,0.953,0.962,0.11725599445458247,0.45307155260419907,0.20222159392409467,-0.9171354774832196,11.06406503170325,11.589697900195887,0.19726355526891406,0.4629239646145427,e4de6021,-0.2101619089796838,544.3,0.0,43.9
0.2714346708358619,0.34542673928785894,U8,MN8014,10.418835892257537,4.023587800553329,CPG,SSPG,0.953,0.962,0.11725599445458247,0.45307155260419907,0.20222159392409467,-0.9171354774832196,11.434483095288947,11.589697900195887,0.19726355526891406,0.4629239646145427,e4de6021,-0.2101619089796838,544.3,0.0,43.9
0.2714346708358619,0.34542673928785894,U8,MN8014,10.418835892257537,4.023587800553329,CPG,SSPG,0.953,0.962,0.11725599445458247,0.45307155260419907,0.20222159392409467,-0.9171354774832196,11.313688090937687,11.589697900195887,0.19726355526891406,0.4629239646145427,e4de6021,-0.2101619089796838,544.3,0.0,43.9
0.25099389580671494,0.34467025934843876,U8,VT8020,12.014322405526494,4.034055422932251,CPG,CPG,0.944,0.963,0.11350801265378237,0.44082020727995075,0.20078535967600672,-0.8375320202785008,13.402411439828072,14.504007006951888,0.20666129309460782,0.5576296383800117,8353fb90,-0.017371899446866124,561.9,0.0,44.8
0.25099389580671494,0.34467025934843876,U8,VT8020,12.014322405526494,4.034055422932251,CPG,CPG,0.944,0.963,0.11350801265378237,0.44082020727995075,0.20078535967600672,-0.8375320202785008,13.896192874908422,14.504007006951888,0.20666129309460782,0.5576296383800117,8353fb90,-0.017371899446866124,561.9,0.0,44.8
0.25099389580671494,0.34467025934843876,U8,VT8020,12.014322405526494,4.034055422932251,CPG,CPG,0.944,0.963,0.11350801265378237,0.44082020727995075,0.20078535967600672,-0.8375320202785008,13.33714380164706,14.504007006951888,0.20666129309460782,0.5576296383800117,8353fb90,-0.017371899446866124,561.9,0.0,44.8
0.25099389580671494,0.34467025934843876,U8,VT8020,12.014322405526494,4.034055422932251,CPG,CPG,0.944,0.963,0.11350801265378237,0.44082020727995075,0.20078535967600672,-0.8375320202785008,13.143548805133165,14.504007006951888,0.20666129309460782,0.5576296383800117,8353fb90,-0.017371899446866124,561.9,0.0,44.8
0.25099389580671494,0.34467025934843876,U8,VT8020,12.014322405526494,4.034055422932251,CPG,CPG,0.944,0.963,0.11350801265378237,0.44082020727995075,0.20078535967600672,-0.8375320202785008,13.57715277494463,14.504007006951888,0.20666129309460782,0.5576296383800117,8353fb90,-0.017371899446866124,561.9,0.0,44.8
0.25923441693653526,0.32803391373022284,U10,MN8014,12.589569229664189,4.116756111470412,CPG,SSPG,0.949,0.964,0.11887007650173027,0.4399793685325911,0.2030471194074847,-0.9340154829202353,18.6252165609329,21.899332848719837,0.2644339915110585,0.8246012245414247,9424f0b6,0.17020850810887644,559.3,0.1,39.4
0.25923441693653526,0.32803391373022284,U10,MN8014,12.589569229664189,4.116756111470412,CPG,SSPG,0.949,0.964,0.11887007650173027,0.4399793685325911,0.2030471194074847,-0.9340154829202353,19.08145503872421,21.899332848719837,0.2644339915110585,0.8246012245414247,9424f0b6,0.17020850810887644,559.3,0.1,39.4
0.25923441693653526,0.32803391373022284,U10,MN8014,12.589569229664189,4.116756111470412,CPG,SSPG,0.949,0.964,0.11887007650173027,0.4399793685325911,0.2030471194074847,-0.9340154829202353,18.72859417287498,21.899332848719837,0.2644339915110585,0.8246012245414247,9424f0b6,0.17020850810887644,559.3,0.1,39.4
0.25923441693653526,0.32803391373022284,U10,MN8014,12.589569229664189,4.116756111470412,CPG,SSPG,0.949,0.964,0.11887007650173027,0.4399793685325911,0.2030471194074847,-0.9340154829202353,19.33188127137409,21.899332848719837,0.2644339915110585,0.8246012245414247,9424f0b6,0.17020850810887644,559.3,0.1,39.4
0.25923441693653526,0.32803391373022284,U10,MN8014,12.589569229664189,4.116756111470412,CPG,SSPG,0.949,0.964,0.11887007650173027,0.4399793685325911,0.2030471194074847,-0.9340154829202353,18.70904131955922,21.899332848719837,0.2644339915110585,0.8246012245414247,9424f0b6,0.17020850810887644,559.3,0.1,39.4
0.26925779406710165,0.3477863581120253,U8,MN8014,10.316021642574992,4.463569400164203,CPG,SSPG,0.954,0.954,0.1112376057234935,0.46627052081376963,0.3256840940845238,-0.9434679305217205,9.81960674419026,8.068392854195602,0.046215644642015816,0.2475607052669922,0ee0ac39,0.6994255111681351,484.9,0.0,40.6
0.26925779406710165,0.3477863581120253,U8,MN8014,10.316021642574992,4.463569400164203,CPG,SSPG,0.954,0.954,0.1112376057234935,0.46627052081376963,0.3256840940845238,-0.9434679305217205,9.9426891532769,8.068392854195602,0.046215644642015816,0.2475607052669922,0ee0ac39,0.6994255111681351,484.9,0.0,40.6
0.26925779406710165,0.3477863581120253,U8,MN8014,10.316021642574992,4.463569400164203,CPG,SSPG,0.954,0.954,0.1112376057234935,0.46627052081376963,0.3256840940845238,-0.9434679305217205,7.319968532785574,8.068392854195602,0.046215644642015816,0.2475607052669922,0ee0ac39,0.6994255111681351,484.9,0.0,40.6
0.26925779406710165,0.3477863581120253,U8,MN8014,10.316021642574992,4.463569400164203,CPG,SSPG,0.954,0.954,0.1112376057234935,0.46627052081376963,0.3256840940845238,-0.9434679305217205,8.69206050899611,8.068392854195602,0.046215644642015816,0.2475607052669922,0ee0ac39,0.6994255111681351,484.9,0.0,40.6
0.26925779406710165,0.3477863581120253,U8,MN8014,10.316021642574992,4.463569400164203,CPG,SSPG,0.954,0.954,0.1112376057234935,0.46627052081376963,0.3256840940845238,-0.9434679305217205,8.579164481365654,8.068392854195602,0.046215644642015816,0.2475607052669922,0ee0ac39,0.6994255111681351,484.9,0.0,40.6
0.26531376002993656,0.34569202042025465,U8,MN8014,12.62505439124527,4.6440243325035695,CPG,SSPG,0.949,0.957,0.11264789287589008,0.4674024456649759,0.221273193453894,-1.1437339360110745,16.534842749059095,13.597266091261037,0.13057680391233834,0.5526668249788506,556cbf95,-0.35472846912739,459.0,0.0,39.5
0.26531376002993656,0.34569202042025465,U8,MN8014,12.62505439124527,4.6440243325035695,CPG,SSPG,0.949,0.957,0.11264789287589008,0.4674024456649759,0.221273193453894,-1.1437339360110745,16.45678010092571,13.597266091261037,0.13057680391233834,0.5526668249788506,556cbf95,-0.35472846912739,459.0,0.0,39.5
0.26531376002993656,0.34569202042025465,U8,MN8014,12.62505439124527,4.6440243325035695,CPG,SSPG,0.949,0.957,0.11264789287589008,0.4674024456649759,0.221273193453894,-1.1437339360110745,16.479594166698135,13.597266091261037,0.13057680391233834,0.5526668249788506,556cbf95,-0.35472846912739,459.0,0.0,39.5
0.26531376002993656,0.34569202042025465,U8,MN8014,12.62505439124527,4.6440243325035695,CPG,SSPG,0.949,0.957,0.11264789287589008,0.4674024456649759,0.221273193453894,-1.1437339360110745,16.503998993806462,13.597266091261037,0.13057680391233834,0.5526668249788506,556cbf95,-0.35472846912739,459.0,0.0,39.5
0.26531376002993656,0.34569202042025465,U8,MN8014,12.62505439124527,4.6440243325035695,CPG,SSPG,0.949,0.957,0.11264789287589008,0.4674024456649759,0.221273193453894,-1.1437339360110745,16.50505660348245,13.597266091261037,0.13057680391233834,0.5526668249788506,556cbf95,-0.35472846912739,459.0,0.0,39.5
0.26768664947849224,0.32662996878218337,U8,MN8014,10.582864193036656,4.1392489976597275,CPG,SSPG,0.951,0.964,0.11266966127984884,0.46750981428160143,0.23898698244948333,-1.0381322710793586,12.330301368923504,10.581149785971107,0.10688399647176522,0.42929504129979595,8c90c7b7,-0.26720918989610976,485.8,0.1,40.3
0.26768664947849224,0.32662996878218337,U8,MN8014,10.582864193036656,4.1392489976597275,CPG,SSPG,0.951,0.964,0.11266966127984884,0.46750981428160143,0.23898698244948333,-1.0381322710793586,12.576351050155402,10.581149785971107,0.10688399647176522,0.42929504129979595,8c90c7b7,-0.26720918989610976,485.8,0.1,40.3
0.26768664947849224,0.32662996878218337,U8,MN8014,10.582864193036656,4.1392489976597275,CPG,SSPG,0.951,0.964,0.11266966127984884,0.46750981428160143,0.23898698244948333,-1.0381322710793586,12.703767604111132,10.581149785971107,0.10688399647176522,0.42929504129979595,8c90c7b7,-0.26720918989610976,485.8,0.1,40.3
0.26768664947849224,0.32662996878218337,U8,MN8014,10.582864193036656,4.1392489976597275,CPG,SSPG,0.951,0.964,0.11266966127984884,0.46750981428160143,0.23898698244948333,-1.0381322710793586,12.470436867793941,10.581149785971107,0.10688399647176522,0.42929504129979595,8c90c7b7,-0.26720918989610976,485.8,0.1,40.3
0.26768664947849224,0.32662996878218337,U8,MN8014,10.582864193036656,4.1392489976597275,CPG,SSPG,0.951,0.964,0.11266966127984884,0.46750981428160143,0.23898698244948333,-1.0381322710793586,12.45551326699893,10.581149785971107,0.10688399647176522,0.42929504129979595,8c90c7b7,-0.26720918989610976,485.8,0.1,40.3
0.2766550068690701,0.3487100275010687,U8,MN8014,9.76926599611085,4.05675503117499,CPG,SSPG,0.952,0.964,0.1207099692160961,0.47321449124653914,0.24512179295878436,-1.04664828811684,10.973090438907668,9.530025526388842,0.09742029306477287,0.3844279897866179,79fbffa7,-0.21552158007853617,488.2,0.2,42.3
0.2766550068690701,0.3487100275010687,U8,MN8014,9.76926599611085,4.05675503117499,CPG,SSPG,0.952,0.964,0.1207099692160961,0.47321449124653914,0.24512179295878436,-1.04664828811684,10.868431252141596,9.530025526388842,0.09742029306477287,0.3844279897866179,79fbffa7,-0.21552158007853617,488.2,0.2,42.3
0.2766550068690701,0.3487100275010687,U8,MN8014,9.76926599611085,4.05675503117499,CPG,SSPG,0.952,0.964,0.1207099692160961,0.47321449124653914,0.24512179295878436,-1.04664828811684,10.730428611279876,9.530025526388842,0.09742029306477287,0.3844279897866179,79fbffa7,-0.21552158007853617,488.2,0.2,42.3
0.2766550068690701,0.3487100275010687,U8,MN8014,9.76926599611085,4.05675503117499,CPG,SSPG,0.952,0.964,0.1207099692160961,0.47321449124653914,0.24512179295878436,-1.04664828811684,10.81927823925204,9.530025526388842,0.09742029306477287,0.3844279897866179,79fbffa7,-0.21552158007853617,488.2,0.2,42.3
0.2766550068690701,0.3487100275010687,U8,MN8014,9.76926599611085,4.05675503117499,CPG,SSPG,0.952,0.964,0.1207099692160961,0.47321449124653914,0.24512179295878436,-1.04664828811684,10.966448267875283,9.530025526388842,0.09742029306477287,0.3844279897866179,79fbffa7,-0.21552158007853617,488.2,0.2,42.3
0.27297581496103895,0.3430012408481514,U8,MN8014,12.441318863407444,4.616723060635003,CPG,SSPG,0.941,0.957,0.11500698287828821,0.4578663809984559,0.2744132051811485,-0.8503855948567443,14.924862538346682,13.258249349940442,0.15108730392002526,0.5606203300753879,c2c9b1c0,-0.5918972120197248,559.6,0.1,43.5
0.27297581496103895,0.3430012408481514,U8,MN8014,12.441318863407444,4.616723060635003,CPG,SSPG,0.941,0.957,0.11500698287828821,0.4578663809984559,0.2744132051811485,-0.8503855948567443,15.175883499306329,13.258249349940442,0.15108730392002526,0.5606203300753879,c2c9b1c0,-0.5918972120197248,559.6,0.1,43.5
0.27297581496103895,0.3430012408481514,U8,MN8014,12.441318863407444,4.616723060635003,CPG,SSPG,0.941,0.957,0.11500698287828821,0.4578663809984559,0.2744132051811485,-0.8503855948567443,15.123955420235404,13.258249349940442,0.15108730392002526,0.5606203300753879,c2c9b1c0,-0.5918972120197248,559.6,0.1,43.5
0.27297581496103895,0.3430012408481514,U8,MN8014,12.441318863407444,4.616723060635003,CPG,SSPG,0.941,0.957,0.11500698287828821,0.4578663809984559,0.2744132051811485,-0.8503855948567443,15.14343551428759,13.258249349940442,0.15108730392002526,0.5606203300753879,c2c9b1c0,-0.5918972120197248,559.6,0.1,43.5
0.27297581496103895,0.3430012408481514,U8,MN8014,12.441318863407444,4.616723060635003,CPG,SSPG,0.941,0.957,0.11500698287828821,0.4578663809984559,0.2744132051811485,-0.8503855948567443,15.233003329272687,13.258249349940442,0.15108730392002526,0.5606203300753879,c2c9b1c0,-0.5918972120197248,559.6,0.1,43.5
0.2548335227432895,0.33707272867475047,U8,MN8014,12.323171923501336,4.067361431442474,CPG,SSPG,0.948,0.964,0.11579140877654617,0.4565795487251554,0.20076767890391026,-0.974040816954241,15.211726141797186,14.13298673437022,0.18119844911185282,0.5780907392735253,79f740f3,-0.4100139778444323,519.6,0.0,42.6
0.2548335227432895,0.33707272867475047,U8,MN8014,12.323171923501336,4.067361431442474,CPG,SSPG,0.948,0.964,0.11579140877654617,0.4565795487251554,0.20076767890391026,-0.974040816954241,15.11952696359563,14.13298673437022,0.18119844911185282,0.5780907392735253,79f740f3,-0.4100139778444323,519.6,0.0,42.6
0.2548335227432895,0.33707272867475047,U8,MN8014,12.323171923501336,4.067361431442474,CPG,SSPG,0.948,0.964,0.11579140877654617,0.4565795487251554,0.20076767890391026,-0.974040816954241,15.160081656743534,14.13298673437022,0.18119844911185282,0.5780907392735253,79f740f3,-0.4100139778444323,519.6,0.0,42.6
0.2548335227432895,0.33707272867475047,U8,MN8014,12.323171923501336,4.067361431442474,CPG,SSPG,0.948,0.964,0.11579140877654617,0.4565795487251554,0.20076767890391026,-0.974040816954241,15.179347799481045,14.13298673437022,0.18119844911185282,0.5780907392735253,79f740f3,-0.4100139778444323,519.6,0.0,42.6
0.2548335227432895,0.33707272867475047,U8,MN8014,12.323171923501336,4.067361431442474,CPG,SSPG,0.948,0.964,0.11579140877654617,0.4565795487251554,0.20076767890391026,-0.974040816954241,15.234569011089077,14.13298673437022,0.18119844911185282,0.5780907392735253,79f740f3,-0.4100139778444323,519.6,0.0,42.6
0.27330521940054847,0.33897912126921953,U8,MN8014,12.778544302091909,4.004638052418009,CPG,SSPG,0.944,0.962,0.11534947892018681,0.4422923421766381,0.230395539852441,-0.9659133696475036,14.984860655133627,14.046432476090262,0.17397752871070388,0.5985864313423678,49300963,-0.6795865265613994,503.5,0.1,37.4
0.27330521940054847,0.33897912126921953,U8,MN8014,12.778544302091909,4.004638052418009,CPG,SSPG,0.944,0.962,0.11534947892018681,0.4422923421766381,0.230395539852441,-0.9659133696475036,15.368556302987939,14.046432476090262,0.17397752871070388,0.5985864313423678,49300963,-0.6795865265613994,503.5,0.1,37.4
0.27330521940054847,0.33897912126921953,U8,MN8014,12.778544302091909,4.004638052418009,CPG,SSPG,0.944,0.962,0.11534947892018681,0.4422923421766381,0.230395539852441,-0.9659133696475036,15.383906025275849,14.046432476090262,0.17397752871070388,0.5985864313423678,49300963,-0.6795865265613994,503.5,0.1,37.4
0.27330521940054847,0.33897912126921953,U8,MN8014,12.778544302091909,4.004638052418009,CPG,SSPG,0.944,0.962,0.11534947892018681,0.4422923421766381,0.230395539852441,-0.9659133696475036,15.385602966779537,14.046432476090262,0.17397752871070388,0.5985864313423678,49300963,-0.6795865265613994,503.5,0.1,37.4
0.27330521940054847,0.33897912126921953,U8,MN8014,12.778544302091909,4.004638052418009,CPG,SSPG,0.944,0.962,0.11534947892018681,0.4422923421766381,0.230395539852441,-0.9659133696475036,15.664269575708724,14.046432476090262,0.17397752871070388,0.5985864313423678,49300963,-0.6795865265613994,503.5,0.1,37.4
0.26283716643828914,0.33382111922697255,U8,MN8014,12.10831647164093,4.086158417884518,CPG,SSPG,0.95,0.964,0.12038835227910284,0.44902544113068055,0.26450047166599244,-1.1048765843570405,14.608730584339884,12.825969982963516,0.09701109500439781,0.4756374951833378,e522e9c0,0.182477914329648,516.2,0.2,38.5
0.26283716643828914,0.33382111922697255,U8,MN8014,12.10831647164093,4.086158417884518,CPG,SSPG,0.95,0.964,0.12038835227910284,0.44902544113068055,0.26450047166599244,-1.1048765843570405,14.970720321462535,12.825969982963516,0.09701109500439781,0.4756374951833378,e522e9c0,0.182477914329648,516.2,0.2,38.5
0.26283716643828914,0.33382111922697255,U8,MN8014,12.10831647164093,4.086158417884518,CPG,SSPG,0.95,0.964,0.12038835227910284,0.44902544113068055,0.26450047166599244,-1.1048765843570405,14.97274278443001,12.825969982963516,0.09701109500439781,0.4756374951833378,e522e9c0,0.182477914329648,516.2,0.2,38.5
0.26283716643828914,0.33382111922697255,U8,MN8014,12.10831647164093,4.086158417884518,CPG,SSPG,0.95,0.964,0.12038835227910284,0.44902544113068055,0.26450047166599244,-1.1048765843570405,14.981175598674236,12.825969982963516,0.09701109500439781,0.4756374951833378,e522e9c0,0.182477914329648,516.2,0.2,38.5
0.26283716643828914,0.33382111922697255,U8,MN8014,12.10831647164093,4.086158417884518,CPG,SSPG,0.95,0.964,0.12038835227910284,0.44902544113068055,0.26450047166599244,-1.1048765843570405,15.080834929111045,12.825969982963516,0.09701109500439781,0.4756374951833378,e522e9c0,0.182477914329648,516.2,0.2,38.5
0.2701953340486347,0.34911696391145164,U8,MN8014,12.833971397682754,4.236641132602056,CPG,SSPG,0.944,0.954,0.12090838362006615,0.45035146059981845,0.24000083538436767,-1.0139045353405023,16.337632905980684,14.133348142421701,0.16124844010939704,0.599439383308215,59284f9c,-0.6515195038798884,550.5,0.2,41.9
0.2701953340486347,0.34911696391145164,U8,MN8014,12.833971397682754,4.236641132602056,CPG,SSPG,0.944,0.954,0.12090838362006615,0.45035146059981845,0.24000083538436767,-1.0139045353405023,15.409131879797625,14.133348142421701,0.16124844010939704,0.599439383308215,59284f9c,-0.6515195038798884,550.5,0.2,41.9
0.2701953340486347,0.34911696391145164,U8,MN8014,12.833971397682754,4.236641132602056,CPG,SSPG,0.944,0.954,0.12090838362006615,0.45035146059981845,0.24000083538436767,-1.0139045353405023,16.39601812374256,14.133348142421701,0.16124844010939704,0.599439383308215,59284f9c,-0.6515195038798884,550.5,0.2,41.9
0.2701953340486347,0.34911696391145164,U8,MN8014,12.833971397682754,4.236641132602056,CPG,SSPG,0.944,0.954,0.12090838362006615,0.45035146059981845,0.24000083538436767,-1.0139045353405023,16.323207489334273,14.133348142421701,0.16124844010939704,0.599439383308215,59284f9c,-0.6515195038798884,550.5,0.2,41.9
0.2701953340486347,0.34911696391145164,U8,MN8014,12.833971397682754,4.236641132602056,CPG,SSPG,0.944,0.954,0.12090838362006615,0.45035146059981845,0.24000083538436767,-1.0139045353405023,16.264812642997388,14.133348142421701,0.16124844010939704,0.599439383308215,59284f9c,-0.6515195038798884,550.5,0.2,41.9
0.28650218904174296,0.3272699390256909,U8,MN8014,13.03913706106804,4.246512728948018,CPG,SSPG,0.936,0.954,0.11611457842253722,0.43161970211424666,0.2070204810404797,-1.175710660719115,14.382821126022845,13.09627855612965,0.1266055366920931,0.5333637273598831,182ed4f7,-0.353654864822575,498.4,0.0,38.9
0.28650218904174296,0.3272699390256909,U8,MN8014,13.03913706106804,4.246512728948018,CPG,SSPG,0.936,0.954,0.11611457842253722,0.43161970211424666,0.2070204810404797,-1.175710660719115,14.602984549789594,13.09627855612965,0.1266055366920931,0.5333637273598831,182ed4f7,-0.353654864822575,498.4,0.0,38.9
0.28650218904174296,0.3272699390256909,U8,MN8014,13.03913706106804,4.246512728948018,CPG,SSPG,0.936,0.954,0.11611457842253722,0.43161970211424666,0.2070204810404797,-1.175710660719115,13.801357347188432,13.09627855612965,0.1266055366920931,0.5333637273598831,182ed4f7,-0.353654864822575,498.4,0.0,38.9
0.28650218904174296,0.3272699390256909,U8,MN8014,13.03913706106804,4.246512728948018,CPG,SSPG,0.936,0.954,0.11611457842253722,0.43161970211424666,0.2070204810404797,-1.175710660719115,11.303341931952602,13.09627855612965,0.1266055366920931,0.5333637273598831,182ed4f7,-0.353654864822575,498.4,0.0,38.9
0.28650218904174296,0.3272699390256909,U8,MN8014,13.03913706106804,4.246512728948018,CPG,SSPG,0.936,0.954,0.11611457842253722,0.43161970211424666,0.2070204810404797,-1.175710660719115,13.80297529582637,13.09627855612965,0.1266055366920931,0.5333637273598831,182ed4f7,-0.353654864822575,498.4,0.0,38.9
0.26546431072521315,0.3434436749443456,U8,MN8014,13.150860296151418,4.453443096361423,CPG,SSPG,0.947,0.954,0.11975914983182304,0.44076869920077777,0.2223588401683134,-0.8714489551696338,16.106932878391838,15.313915475610381,0.1851025108952564,0.6440462891819124,3b943e4f,-0.6440827287117505,482.6,0.0,39.8
0.26546431072521315,0.3434436749443456,U8,MN8014,13.150860296151418,4.453443096361423,CPG,SSPG,0.947,0.954,0.11975914983182304,0.44076869920077777,0.2223588401683134,-0.8714489551696338,16.69339962242524,15.313915475610381,0.1851025108952564,0.6440462891819124,3b943e4f,-0.6440827287117505,482.6,0.0,39.8
0.26546431072521315,0.3434436749443456,U8,MN8014,13.150860296151418,4.453443096361423,CPG,SSPG,0.947,0.954,0.11975914983182304,0.44076869920077777,0.2223588401683134,-0.8714489551696338,16.439722773059707,15.313915475610381,0.1851025108952564,0.6440462891819124,3b943e4f,-0.6440827287117505,482.6,0.0,39.8
0.26546431072521315,0.3434436749443456,U8,MN8014,13.150860296151418,4.453443096361423,CPG,SSPG,0.947,0.954,0.11975914983182304,0.44076869920077777,0.2223588401683134,-0.8714489551696338,15.90362381606097,15.313915475610381,0.1851025108952564,0.6440462891819124,3b943e4f,-0.6440827287117505,482.6,0.0,39.8
0.26546431072521315,0.3434436749443456,U8,MN8014,13.150860296151418,4.453443096361423,CPG,SSPG,0.947,0.954,0.11975914983182304,0.44076869920077777,0.2223588401683134,-0.8714489551696338,15.431562775065991,15.313915475610381,0.1851025108952564,0.6440462891819124,3b943e4f,-0.6440827287117505,482.6,0.0,39.8
0.27822758040773043,0.3438312503774248,U8,MN8014,11.839555877239047,4.3207270115479455,CPG,CPG,0.949,0.955,0.10670234482696388,0.4613380602994954,0.23675229279345766,-0.7765872303539313,13.05319825443661,13.139821451526933,0.19820495493832674,0.5328798240452808,09597bc6,-0.32927912405056503,498.0,0.1,40.9
0.27822758040773043,0.3438312503774248,U8,MN8014,11.839555877239047,4.3207270115479455,CPG,CPG,0.949,0.955,0.10670234482696388,0.4613380602994954,0.23675229279345766,-0.7765872303539313,13.318356657285973,13.139821451526933,0.19820495493832674,0.5328798240452808,09597bc6,-0.32927912405056503,498.0,0.1,40.9
0.27822758040773043,0.3438312503774248,U8,MN8014,11.839555877239047,4.3207270115479455,CPG,CPG,0.949,0.955,0.10670234482696388,0.4613380602994954,0.23675229279345766,-0.7765872303539313,13.315182937437699,13.139821451526933,0.19820495493832674,0.5328798240452808,09597bc6,-0.32927912405056503,498.0,0.1,40.9
0.27822758040773043,0.3438312503774248,U8,MN8014,11.839555877239047,4.3207270115479455,CPG,CPG,0.949,0.955,0.10670234482696388,0.4613380602994954,0.23675229279345766,-0.7765872303539313,13.358475546053631,13.139821451526933,0.19820495493832674,0.5328798240452808,09597bc6,-0.32927912405056503,498.0,0.1,40.9
0.27822758040773043,0.3438312503774248,U8,MN8014,11.839555877239047,4.3207270115479455,CPG,CPG,0.949,0.955,0.10670234482696388,0.4613380602994954,0.23675229279345766,-0.7765872303539313,13.32772795177351,13.139821451526933,0.19820495493832674,0.5328798240452808,09597bc6,-0.32927912405056503,498.0,0.1,40.9
0.26867293539141185,0.3448821266251643,U10,MN8014,12.162646673200836,4.287444082406825,CPG,CPG,0.949,0.955,0.11094494149913874,0.46630462298701414,0.2169683311386186,-1.0312911813899108,19.303339322172274,22.268080937858837,0.25087661183716736,0.8460131528135104,7d79057a,0.08787012062173893,533.6,0.0,41.1
0.26867293539141185,0.3448821266251643,U10,MN8014,12.162646673200836,4.287444082406825,CPG,CPG,0.949,0.955,0.11094494149913874,0.46630462298701414,0.2169683311386186,-1.0312911813899108,20.072157836106875,22.268080937858837,0.25087661183716736,0.8460131528135104,7d79057a,0.08787012062173893,533.6,0.0,41.1
0.26867293539141185,0.3448821266251643,U10,MN8014,12.162646673200836,4.287444082406825,CPG,CPG,0.949,0.955,0.11094494149913874,0.46630462298701414,0.2169683311386186,-1.0312911813899108,20.177046887659955,22.268080937858837,0.25087661183716736,0.8460131528135104,7d79057a,0.08787012062173893,533.6,0.0,41.1
0.26867293539141185,0.3448821266251643,U10,MN8014,12.162646673200836,4.287444082406825,CPG,CPG,0.949,0.955,0.11094494149913874,0.46630462298701414,0.2169683311386186,-1.0312911813899108,20.376449093269468,22.268080937858837,0.25087661183716736,0.8460131528135104,7d79057a,0.08787012062173893,533.6,0.0,41.1
0.26867293539141185,0.3448821266251643,U10,MN8014,12.162646673200836,4.287444082406825,CPG,CPG,0.949,0.955,0.11094494149913874,0.46630462298701414,0.2169683311386186,-1.0312911813899108,21.153753321400448,22.268080937858837,0.25087661183716736,0.8460131528135104,7d79057a,0.08787012062173893,533.6,0.0,41.1
0.27018559136634346,0.33492365855673917,U8,MN8014,12.92654300042948,4.029119584519848,CPG,SSPG,0.947,0.962,0.11522456411887169,0.44845559557915876,0.2091348524727541,-0.863017894021593,12.790073867987772,15.708481114942241,0.27082762869084664,0.5537359055552558,b8794875,0.549458184991698,577.9,0.1,38.2
0.27018559136634346,0.33492365855673917,U8,MN8014,12.92654300042948,4.029119584519848,CPG,SSPG,0.947,0.962,0.11522456411887169,0.44845559557915876,0.2091348524727541,-0.863017894021593,12.662672414696818,15.708481114942241,0.27082762869084664,0.5537359055552558,b8794875,0.549458184991698,577.9,0.1,38.2
0.27018559136634346,0.33492365855673917,U8,MN8014,12.92654300042948,4.029119584519848,CPG,SSPG,0.947,0.962,0.11522456411887169,0.44845559557915876,0.2091348524727541,-0.863017894021593,12.644679103066968,15.708481114942241,0.27082762869084664,0.5537359055552558,b8794875,0.549458184991698,577.9,0.1,38.2
0.27018559136634346,0.33492365855673917,U8,MN8014,12.92654300042948,4.029119584519848,CPG,SSPG,0.947,0.962,0.11522456411887169,0.44845559557915876,0.2091348524727541,-0.863017894021593,12.683487008786999,15.708481114942241,0.27082762869084664,0.5537359055552558,b8794875,0.549458184991698,577.9,0.1,38.2
0.27018559136634346,0.33492365855673917,U8,MN8014,12.92654300042948,4.029119584519848,CPG,SSPG,0.947,0.962,0.11522456411887169,0.44845559557915876,0.2091348524727541,-0.863017894021593,12.566139448743575,15.708481114942241,0.27082762869084664,0.5537359055552558,b8794875,0.549458184991698,577.9,0.1,38.2
0.26144407629352456,0.3267451108576009,U10,MN8014,13.06718287485418,4.576223788553898,CPG,SSPG,0.938,0.957,0.10909597647609892,0.4443901813645865,0.203065141616155,-0.7988263028876665,15.689529904495227,19.898262678902835,0.28314230738644003,0.7053754245187666,967ecf30,0.6513362548030859,551.6,0.0,37.6
0.26144407629352456,0.3267451108576009,U10,MN8014,13.06718287485418,4.576223788553898,CPG,SSPG,0.938,0.957,0.10909597647609892,0.4443901813645865,0.203065141616155,-0.7988263028876665,15.815504415855072,19.898262678902835,0.28314230738644003,0.7053754245187666,967ecf30,0.6513362548030859,551.6,0.0,37.6
0.26144407629352456,0.3267451108576009,U10,MN8014,13.06718287485418,4.576223788553898,CPG,SSPG,0.938,0.957,0.10909597647609892,0.4443901813645865,0.203065141616155,-0.7988263028876665,16.052864415064274,19.898262678902835,0.28314230738644003,0.7053754245187666,967ecf30,0.6513362548030859,551.6,0.0,37.6
0.26144407629352456,0.3267451108576009,U10,MN8014,13.06718287485418,4.576223788553898,CPG,SSPG,0.938,0.957,0.10909597647609892,0.4443901813645865,0.203065141616155,-0.7988263028876665,16.190699847649896,19.898262678902835,0.28314230738644003,0.7053754245187666,967ecf30,0.6513362548030859,551.6,0.0,37.6
0.26144407629352456,0.3267451108576009,U10,MN8014,13.06718287485418,4.576223788553898,CPG,SSPG,0.938,0.957,0.10909597647609892,0.4443901813645865,0.203065141616155,-0.7988263028876665,16.28543650573714,19.898262678902835,0.28314230738644003,0.7053754245187666,967ecf30,0.6513362548030859,551.6,0.0,37.6
0.2772710391418922,0.33740557962568796,U8,MN8014,13.365235331819836,4.013294057606455,CPG,SSPG,0.943,0.962,0.11840463777933169,0.4461107299307109,0.3050446362144134,-0.986132301337456,14.00148034098385,12.082402433510554,0.07165506261802576,0.4060635733980218,5afec1b3,0.6473250420169876,490.6,0.0,39.6
0.2772710391418922,0.33740557962568796,U8,MN8014,13.365235331819836,4.013294057606455,CPG,SSPG,0.943,0.962,0.11840463777933169,0.4461107299307109,0.3050446362144134,-0.986132301337456,12.116315139098198,12.082402433510554,0.07165506261802576,0.4060635733980218,5afec1b3,0.6473250420169876,490.6,0.0,39.6
0.2772710391418922,0.33740557962568796,U8,MN8014,13.365235331819836,4.013294057606455,CPG,SSPG,0.943,0.962,0.11840463777933169,0.4461107299307109,0.3050446362144134,-0.986132301337456,11.397900447426613,12.082402433510554,0.07165506261802576,0.4060635733980218,5afec1b3,0.6473250420169876,490.6,0.0,39.6
0.2772710391418922,0.33740557962568796,U8,MN8014,13.365235331819836,4.013294057606455,CPG,SSPG,0.943,0.962,0.11840463777933169,0.4461107299307109,0.3050446362144134,-0.986132301337456,14.112626220408975,12.082402433510554,0.07165506261802576,0.4060635733980218,5afec1b3,0.6473250420169876,490.6,0.0,39.6
0.2772710391418922,0.33740557962568796,U8,MN8014,13.365235331819836,4.013294057606455,CPG,SSPG,0.943,0.962,0.11840463777933169,0.4461107299307109,0.3050446362144134,-0.986132301337456,13.880523142905245,12.082402433510554,0.07165506261802576,0.4060635733980218,5afec1b3,0.6473250420169876,490.6,0.0,39.6
0.26906330928242905,0.34721236347662665,U8,MN8014,13.195425546043214,4.484284441607519,CPG,SSPG,0.947,0.954,0.11815442287042235,0.4544801465786735,0.23081617486097017,-1.0437429776955551,16.742735459838354,15.071858078352838,0.17635567158179954,0.6298867904235489,48eb87f7,-0.5888553656505735,514.7,0.1,38.7
0.26906330928242905,0.34721236347662665,U8,MN8014,13.195425546043214,4.484284441607519,CPG,SSPG,0.947,0.954,0.11815442287042235,0.4544801465786735,0.23081617486097017,-1.0437429776955551,16.745706889994505,15.071858078352838,0.17635567158179954,0.6298867904235489,48eb87f7,-0.5888553656505735,514.7,0.1,38.7
0.26906330928242905,0.34721236347662665,U8,MN8014,13.195425546043214,4.484284441607519,CPG,SSPG,0.947,0.954,0.11815442287042235,0.4544801465786735,0.23081617486097017,-1.0437429776955551,16.750484613028238,15.071858078352838,0.17635567158179954,0.6298867904235489,48eb87f7,-0.5888553656505735,514.7,0.1,38.7
0.26906330928242905,0.34721236347662665,U8,MN8014,13.195425546043214,4.484284441607519,CPG,SSPG,0.947,0.954,0.11815442287042235,0.4544801465786735,0.23081617486097017,-1.0437429776955551,16.449186141886365,15.071858078352838,0.17635567158179954,0.6298867904235489,48eb87f7,-0.5888553656505735,514.7,0.1,38.7
0.26906330928242905,0.34721236347662665,U8,MN8014,13.195425546043214,4.484284441607519,CPG,SSPG,0.947,0.954,0.11815442287042235,0.4544801465786735,0.23081617486097017,-1.0437429776955551,16.274797389444245,15.071858078352838,0.17635567158179954,0.6298867904235489,48eb87f7,-0.5888553656505735,514.7,0.1,38.7
0.2551074250723957,0.3488654733887675,U8,VT8020,11.87569331275168,4.193717441298609,CPG,CPG,0.949,0.962,0.12101664296208821,0.46857293222322716,0.2170286709699749,-1.0413994409476421,14.015149561926835,13.563198706923398,0.15012782463143834,0.5271238979561524,997af8ff,-0.08037322929223034,483.0,0.3,39.2
0.2551074250723957,0.3488654733887675,U8,VT8020,11.87569331275168,4.193717441298609,CPG,CPG,0.949,0.962,0.12101664296208821,0.46857293222322716,0.2170286709699749,-1.0413994409476421,13.939071032595576,13.563198706923398,0.15012782463143834,0.5271238979561524,997af8ff,-0.08037322929223034,483.0,0.3,39.2
0.2551074250723957,0.3488654733887675,U8,VT8020,11.87569331275168,4.193717441298609,CPG,CPG,0.949,0.962,0.12101664296208821,0.46857293222322716,0.2170286709699749,-1.0413994409476421,13.842201021099541,13.563198706923398,0.15012782463143834,0.5271238979561524,997af8ff,-0.08037322929223034,483.0,0.3,39.2
0.2551074250723957,0.3488654733887675,U8,VT8020,11.87569331275168,4.193717441298609,CPG,CPG,0.949,0.962,0.12101664296208821,0.46857293222322716,0.2170286709699749,-1.0413994409476421,13.779653680276986,13.563198706923398,0.15012782463143834,0.5271238979561524,997af8ff,-0.08037322929223034,483.0,0.3,39.2
0.2551074250723957,0.3488654733887675,U8,VT8020,11.87569331275168,4.193717441298609,CPG,CPG,0.949,0.962,0.12101664296208821,0.46857293222322716,0.2170286709699749,-1.0413994409476421,13.866596465756087,13.563198706923398,0.15012782463143834,0.5271238979561524,997af8ff,-0.08037322929223034,483.0,0.3,39.2
0.27075359005924027,0.34937318120099187,U8,MN8014,14.738850747242752,4.650273168067666,CPG,CPG,0.942,0.967,0.1248689313003297,0.4559709539550572,0.20528560180266114,-1.0827377528485647,18.239221540783955,16.97568638450277,0.19471328043853253,0.6933184923115804,8d464f7b,-0.48060902153058116,499.0,0.0,40.4
0.27075359005924027,0.34937318120099187,U8,MN8014,14.738850747242752,4.650273168067666,CPG,CPG,0.942,0.967,0.1248689313003297,0.4559709539550572,0.20528560180266114,-1.0827377528485647,18.24334081290107,16.97568638450277,0.19471328043853253,0.6933184923115804,8d464f7b,-0.48060902153058116,499.0,0.0,40.4
0.27075359005924027,0.34937318120099187,U8,MN8014,14.738850747242752,4.650273168067666,CPG,CPG,0.942,0.967,0.1248689313003297,0.4559709539550572,0.20528560180266114,-1.0827377528485647,18.178336722988252,16.97568638450277,0.19471328043853253,0.6933184923115804,8d464f7b,-0.48060902153058116,499.0,0.0,40.4
0.27075359005924027,0.34937318120099187,U8,MN8014,14.738850747242752,4.650273168067666,CPG,CPG,0.942,0.967,0.1248689313003297,0.4559709539550572,0.20528560180266114,-1.0827377528485647,18.18402029500019,16.97568638450277,0.19471328043853253,0.6933184923115804,8d464f7b,-0.48060902153058116,499.0,0.0,40.4
0.27075359005924027,0.34937318120099187,U8,MN8014,14.738850747242752,4.650273168067666,CPG,CPG,0.942,0.967,0.1248689313003297,0.4559709539550572,0.20528560180266114,-1.0827377528485647,17.32926037838739,16.97568638450277,0.19471328043853253,0.6933184923115804,8d464f7b,-0.48060902153058116,499.0,0.0,40.4
0.2850183673058576,0.3494939316951019,U8,MN8014,13.451517868264673,4.262406859388143,CPG,CPG,0.943,0.955,0.11507778746575899,0.4486373335957644,0.22764598797979801,-1.0099772741883095,15.90214382895237,14.684778790360761,0.1613356598871376,0.6075134083213835,06716443,-0.5035894367119225,500.0,0.0,41.3
0.2850183673058576,0.3494939316951019,U8,MN8014,13.451517868264673,4.262406859388143,CPG,CPG,0.943,0.955,0.11507778746575899,0.4486373335957644,0.22764598797979801,-1.0099772741883095,15.833960445024495,14.684778790360761,0.1613356598871376,0.6075134083213835,06716443,-0.5035894367119225,500.0,0.0,41.3
0.2850183673058576,0.3494939316951019,U8,MN8014,13.451517868264673,4.262406859388143,CPG,CPG,0.943,0.955,0.11507778746575899,0.4486373335957644,0.22764598797979801,-1.0099772741883095,15.93296848902625,14.684778790360761,0.1613356598871376,0.6075134083213835,06716443,-0.5035894367119225,500.0,0.0,41.3
0.2850183673058576,0.3494939316951019,U8,MN8014,13.451517868264673,4.262406859388143,CPG,CPG,0.943,0.955,0.11507778746575899,0.4486373335957644,0.22764598797979801,-1.0099772741883095,15.790981374879228,14.684778790360761,0.1613356598871376,0.6075134083213835,06716443,-0.5035894367119225,500.0,0.0,41.3
0.2850183673058576,0.3494939316951019,U8,MN8014,13.451517868264673,4.262406859388143,CPG,CPG,0.943,0.955,0.11507778746575899,0.4486373335957644,0.22764598797979801,-1.0099772741883095,15.776218422908162,14.684778790360761,0.1613356598871376,0.6075134083213835,06716443,-0.5035894367119225,500.0,0.0,41.3
0.2596313749249035,0.34576062538454133,U8,MN8014,13.557466167349318,4.232543726326384,CPG,SSPG,0.944,0.954,0.12367318842454501,0.4575298886517152,0.20017631037270506,-1.0464143797027718,17.13532756153594,15.873412199564633,0.19041398927554185,0.6578361307653523,52b65edd,-0.5573538043045883,504.7,0.2,41.8
0.2596313749249035,0.34576062538454133,U8,MN8014,13.557466167349318,4.232543726326384,CPG,SSPG,0.944,0.954,0.12367318842454501,0.4575298886517152,0.20017631037270506,-1.0464143797027718,17.072348744020644,15.873412199564633,0.19041398927554185,0.6578361307653523,52b65edd,-0.5573538043045883,504.7,0.2,41.8
0.2596313749249035,0.34576062538454133,U8,MN8014,13.557466167349318,4.232543726326384,CPG,SSPG,0.944,0.954,0.12367318842454501,0.4575298886517152,0.20017631037270506,-1.0464143797027718,17.15653056225565,15.873412199564633,0.19041398927554185,0.6578361307653523,52b65edd,-0.5573538043045883,504.7,0.2,41.8
0.2596313749249035,0.34576062538454133,U8,MN8014,13.557466167349318,4.232543726326384,CPG,SSPG,0.944,0.954,0.12367318842454501,0.4575298886517152,0.20017631037270506,-1.0464143797027718,17.064218702192676,15.873412199564633,0.19041398927554185,0.6578361307653523,52b65edd,-0.5573538043045883,504.7,0.2,41.8
0.2596313749249035,0.34576062538454133,U8,MN8014,13.557466167349318,4.232543726326384,CPG,SSPG,0.944,0.954,0.12367318842454501,0.4575298886517152,0.20017631037270506,-1.0464143797027718,17.116087880583116,15.873412199564633,0.19041398927554185,0.6578361307653523,52b65edd,-0.5573538043045883,504.7,0.2,41.8
0.2532308980981687,0.33902609809171547,U8,MN8014,12.361717327907154,4.967759579772388,CPG,SSPG,0.941,0.959,0.12280115443457704,0.4384259866591558,0.2101145884963303,-0.8804183697608082,15.150908897640498,14.799153898630534,0.21944316961841218,0.59822968803576,44b60678,-0.34885963908255757,574.3,0.0,41.9
0.2532308980981687,0.33902609809171547,U8,MN8014,12.361717327907154,4.967759579772388,CPG,SSPG,0.941,0.959,0.12280115443457704,0.4384259866591558,0.2101145884963303,-0.8804183697608082,15.13090015948345,14.799153898630534,0.21944316961841218,0.59822968803576,44b60678,-0.34885963908255757,574.3,0.0,41.9
0.2532308980981687,0.33902609809171547,U8,MN8014,12.361717327907154,4.967759579772388,CPG,SSPG,0.941,0.959,0.12280115443457704,0.4384259866591558,0.2101145884963303,-0.8804183697608082,15.107032087319922,14.799153898630534,0.21944316961841218,0.59822968803576,44b60678,-0.34885963908255757,574.3,0.0,41.9
0.2532308980981687,0.33902609809171547,U8,MN8014,12.361717327907154,4.967759579772388,CPG,SSPG,0.941,0.959,0.12280115443457704,0.4384259866591558,0.2101145884963303,-0.8804183697608082,15.130535194514637,14.799153898630534,0.21944316961841218,0.59822968803576,44b60678,-0.34885963908255757,574.3,0.0,41.9
0.2532308980981687,0.33902609809171547,U8,MN8014,12.361717327907154,4.967759579772388,CPG,SSPG,0.941,0.959,0.12280115443457704,0.4384259866591558,0.2101145884963303,-0.8804183697608082,13.99160875827171,14.799153898630534,0.21944316961841218,0.59822968803576,44b60678,-0.34885963908255757,574.3,0.0,41.9
0.2724438224662755,0.33686268910361433,U8,MN8014,12.805200598345735,4.681270974634877,CPG,CPG,0.944,0.967,0.12441368816568611,0.4455077534471401,0.2088994827005428,-0.968717148172945,15.011730039055369,14.217070122590187,0.17312325984735402,0.5861988555065831,77eba675,-0.4653032006580533,483.6,0.0,39.6
0.2724438224662755,0.33686268910361433,U8,MN8014,12.805200598345735,4.681270974634877,CPG,CPG,0.944,0.967,0.12441368816568611,0.4455077534471401,0.2088994827005428,-0.968717148172945,14.439221539042887,14.217070122590187,0.17312325984735402,0.5861988555065831,77eba675,-0.4653032006580533,483.6,0.0,39.6
0.2724438224662755,0.33686268910361433,U8,MN8014,12.805200598345735,4.681270974634877,CPG,CPG,0.944,0.967,0.12441368816568611,0.4455077534471401,0.2088994827005428,-0.968717148172945,14.826964435291714,14.217070122590187,0.17312325984735402,0.5861988555065831,77eba675,-0.4653032006580533,483.6,0.0,39.6
0.2724438224662755,0.33686268910361433,U8,MN8014,12.805200598345735,4.681270974634877,CPG,CPG,0.944,0.967,0.12441368816568611,0.4455077534471401,0.2088994827005428,-0.968717148172945,14.834299910987328,14.217070122590187,0.17312325984735402,0.5861988555065831,77eba675,-0.4653032006580533,483.6,0.0,39.6
0.2724438224662755,0.33686268910361433,U8,MN8014,12.805200598345735,4.681270974634877,CPG,CPG,0.944,0.967,0.12441368816568611,0.4455077534471401,0.2088994827005428,-0.968717148172945,14.826249167521038,14.217070122590187,0.17312325984735402,0.5861988555065831,77eba675,-0.4653032006580533,483.6,0.0,39.6
0.2682264894378187,0.34995006608491547,U10,MN8014,13.577739191305056,4.624505194853278,CPG,SSPG,0.944,0.957,0.12714518359094773,0.45612981155630405,0.35568593465095794,-1.0449127600937387,7.63081873544784,6.139210256427796,0.016368729651212003,0.15315475053488495,9d10be74,0.9307974982874372,500.9,0.0,41.0
0.2682264894378187,0.34995006608491547,U10,MN8014,13.577739191305056,4.624505194853278,CPG,SSPG,0.944,0.957,0.12714518359094773,0.45612981155630405,0.35568593465095794,-1.0449127600937387,8.350916927154039,6.139210256427796,0.016368729651212003,0.15315475053488495,9d10be74,0.9307974982874372,500.9,0.0,41.0
0.2682264894378187,0.34995006608491547,U10,MN8014,13.577739191305056,4.624505194853278,CPG,SSPG,0.944,0.957,0.12714518359094773,0.45612981155630405,0.35568593465095794,-1.0449127600937387,8.397751232612624,6.139210256427796,0.016368729651212003,0.15315475053488495,9d10be74,0.9307974982874372,500.9,0.0,41.0
0.2682264894378187,0.34995006608491547,U10,MN8014,13.577739191305056,4.624505194853278,CPG,SSPG,0.944,0.957,0.12714518359094773,0.45612981155630405,0.35568593465095794,-1.0449127600937387,8.373668206422167,6.139210256427796,0.016368729651212003,0.15315475053488495,9d10be74,0.9307974982874372,500.9,0.0,41.0
0.2682264894378187,0.34995006608491547,U10,MN8014,13.577739191305056,4.624505194853278,CPG,SSPG,0.944,0.957,0.12714518359094773,0.45612981155630405,0.35568593465095794,-1.0449127600937387,8.361569577448357,6.139210256427796,0.016368729651212003,0.15315475053488495,9d10be74,0.9307974982874372,500.9,0.0,41.0
0.2573595388304844,0.34366138879832686,U8,MN8014,12.046236226803199,5.9869627459544095,CPG,SSPG,0.944,0.952,0.11688717100402175,0.4716684581849625,0.32412190214482295,-1.1173367079353698,12.06286299280343,10.460753888262586,0.0618107917813728,0.34813533772298566,bcdbfc0c,0.5992493990881922,481.9,0.6,38.0
0.2573595388304844,0.34366138879832686,U8,MN8014,12.046236226803199,5.9869627459544095,CPG,SSPG,0.944,0.952,0.11688717100402175,0.4716684581849625,0.32412190214482295,-1.1173367079353698,13.910634945106361,10.460753888262586,0.0618107917813728,0.34813533772298566,bcdbfc0c,0.5992493990881922,481.9,0.6,38.0
0.2573595388304844,0.34366138879832686,U8,MN8014,12.046236226803199,5.9869627459544095,CPG,SSPG,0.944,0.952,0.11688717100402175,0.4716684581849625,0.32412190214482295,-1.1173367079353698,13.881673190410215,10.460753888262586,0.0618107917813728,0.34813533772298566,bcdbfc0c,0.5992493990881922,481.9,0.6,38.0
0.2573595388304844,0.34366138879832686,U8,MN8014,12.046236226803199,5.9869627459544095,CPG,SSPG,0.944,0.952,0.11688717100402175,0.4716684581849625,0.32412190214482295,-1.1173367079353698,12.684359734469016,10.460753888262586,0.0618107917813728,0.34813533772298566,bcdbfc0c,0.5992493990881922,481.9,0.6,38.0
0.2573595388304844,0.34366138879832686,U8,MN8014,12.046236226803199,5.9869627459544095,CPG,SSPG,0.944,0.952,0.11688717100402175,0.4716684581849625,0.32412190214482295,-1.1173367079353698,13.579583360174741,10.460753888262586,0.0618107917813728,0.34813533772298566,bcdbfc0c,0.5992493990881922,481.9,0.6,38.0
0.2670489305019964,0.34951672515935145,U8,MN8014,11.850062615010337,4.243007543091545,CPG,SSPG,0.949,0.954,0.12625921166445941,0.45152783019876164,0.2264529532397972,-1.1570386242260886,14.499984243103603,12.851289139841585,0.14060051874619475,0.5398899410356258,497530aa,-0.5338581549524308,511.6,0.0,37.8
0.2670489305019964,0.34951672515935145,U8,MN8014,11.850062615010337,4.243007543091545,CPG,SSPG,0.949,0.954,0.12625921166445941,0.45152783019876164,0.2264529532397972,-1.1570386242260886,15.32641533442182,12.851289139841585,0.14060051874619475,0.5398899410356258,497530aa,-0.5338581549524308,511.6,0.0,37.8
0.2670489305019964,0.34951672515935145,U8,MN8014,11.850062615010337,4.243007543091545,CPG,SSPG,0.949,0.954,0.12625921166445941,0.45152783019876164,0.2264529532397972,-1.1570386242260886,15.332538013714466,12.851289139841585,0.14060051874619475,0.5398899410356258,497530aa,-0.5338581549524308,511.6,0.0,37.8
0.2670489305019964,0.34951672515935145,U8,MN8014,11.850062615010337,4.243007543091545,CPG,SSPG,0.949,0.954,0.12625921166445941,0.45152783019876164,0.2264529532397972,-1.1570386242260886,15.271942453569624,12.851289139841585,0.14060051874619475,0.5398899410356258,497530aa,-0.5338581549524308,511.6,0.0,37.8
0.2670489305019964,0.34951672515935145,U8,MN8014,11.850062615010337,4.243007543091545,CPG,SSPG,0.949,0.954,0.12625921166445941,0.45152783019876164,0.2264529532397972,-1.1570386242260886,15.299285453415553,12.851289139841585,0.14060051874619475,0.5398899410356258,497530aa,-0.5338581549524308,511.6,0.0,37.8
0.2670553504253685,0.34616438653471315,U8,MN8014,14.798649653752195,4.317881596348948,CPG,CPG,0.939,0.955,0.12505220548621143,0.45953220502387304,0.20438583511818162,-1.208003422245759,17.597570433939154,16.654587094942222,0.1710272956549771,0.6849045247836025,3dd30fb2,-0.5247248945695508,521.7,0.0,42.2
0.2670553504253685,0.34616438653471315,U8,MN8014,14.798649653752195,4.317881596348948,CPG,CPG,0.939,0.955,0.12505220548621143,0.45953220502387304,0.20438583511818162,-1.208003422245759,18.43777663051868,16.654587094942222,0.1710272956549771,0.6849045247836025,3dd30fb2,-0.5247248945695508,521.7,0.0,42.2
0.2670553504253685,0.34616438653471315,U8,MN8014,14.798649653752195,4.317881596348948,CPG,CPG,0.939,0.955,0.12505220548621143,0.45953220502387304,0.20438583511818162,-1.208003422245759,18.41590991677648,16.654587094942222,0.1710272956549771,0.6849045247836025,3dd30fb2,-0.5247248945695508,521.7,0.0,42.2
0.2670553504253685,0.34616438653471315,U8,MN8014,14.798649653752195,4.317881596348948,CPG,CPG,0.939,0.955,0.12505220548621143,0.45953220502387304,0.20438583511818162,-1.208003422245759,18.41709057518889,16.654587094942222,0.1710272956549771,0.6849045247836025,3dd30fb2,-0.5247248945695508,521.7,0.0,42.2
0.2670553504253685,0.34616438653471315,U8,MN8014,14.798649653752195,4.317881596348948,CPG,CPG,0.939,0.955,0.12505220548621143,0.45953220502387304,0.20438583511818162,-1.208003422245759,19.104957223257983,16.654587094942222,0.1710272956549771,0.6849045247836025,3dd30fb2,-0.5247248945695508,521.7,0.0,42.2
0.25434084701741805,0.34841466159339796,U8,MN8014,13.890703385471882,4.268168331918927,CPG,CPG,0.94,0.955,0.1244879432906395,0.455933972516004,0.2119163866048044,-1.0635378237869517,17.96628857989288,16.35480729349984,0.18291190442984204,0.6773065448409705,b3058a3e,-0.5688247128389516,490.8,0.1,39.7
0.25434084701741805,0.34841466159339796,U8,MN8014,13.890703385471882,4.268168331918927,CPG,CPG,0.94,0.955,0.1244879432906395,0.455933972516004,0.2119163866048044,-1.0635378237869517,18.052257145733616,16.35480729349984,0.18291190442984204,0.6773065448409705,b3058a3e,-0.5688247128389516,490.8,0.1,39.7
0.25434084701741805,0.34841466159339796,U8,MN8014,13.890703385471882,4.268168331918927,CPG,CPG,0.94,0.955,0.1244879432906395,0.455933972516004,0.2119163866048044,-1.0635378237869517,18.114185196951215,16.35480729349984,0.18291190442984204,0.6773065448409705,b3058a3e,-0.5688247128389516,490.8,0.1,39.7
0.25434084701741805,0.34841466159339796,U8,MN8014,13.890703385471882,4.268168331918927,CPG,CPG,0.94,0.955,0.1244879432906395,0.455933972516004,0.2119163866048044,-1.0635378237869517,18.041365854953334,16.35480729349984,0.18291190442984204,0.6773065448409705,b3058a3e,-0.5688247128389516,490.8,0.1,39.7
0.25434084701741805,0.34841466159339796,U8,MN8014,13.890703385471882,4.268168331918927,CPG,CPG,0.94,0.955,0.1244879432906395,0.455933972516004,0.2119163866048044,-1.0635378237869517,18.010597474514597,16.35480729349984,0.18291190442984204,0.6773065448409705,b3058a3e,-0.5688247128389516,490.8,0.1,39.7
0.2653522455006618,0.3496416339308973,U8,MN8014,13.34530288199668,5.200728919736733,CPG,SSPG,0.934,0.96,0.11882021629987,0.4563201657859532,0.23173464482264625,-0.866708413046356,14.244523095115655,15.335598759197415,0.19737488479943938,0.6368477274885387,4bba3706,-0.5531856881454891,484.8,0.2,39.5
0.2653522455006618,0.3496416339308973,U8,MN8014,13.34530288199668,5.200728919736733,CPG,SSPG,0.934,0.96,0.11882021629987,0.4563201657859532,0.23173464482264625,-0.866708413046356,14.447693789023804,15.335598759197415,0.19737488479943938,0.6368477274885387,4bba3706,-0.5531856881454891,484.8,0.2,39.5
0.2653522455006618,0.3496416339308973,U8,MN8014,13.34530288199668,5.200728919736733,CPG,SSPG,0.934,0.96,0.11882021629987,0.4563201657859532,0.23173464482264625,-0.866708413046356,15.20756623186591,15.335598759197415,0.19737488479943938,0.6368477274885387,4bba3706,-0.5531856881454891,484.8,0.2,39.5
0.2653522455006618,0.3496416339308973,U8,MN8014,13.34530288199668,5.200728919736733,CPG,SSPG,0.934,0.96,0.11882021629987,0.4563201657859532,0.23173464482264625,-0.866708413046356,16.56003081708672,15.335598759197415,0.19737488479943938,0.6368477274885387,4bba3706,-0.5531856881454891,484.8,0.2,39.5
0.2653522455006618,0.3496416339308973,U8,MN8014,13.34530288199668,5.200728919736733,CPG,SSPG,0.934,0.96,0.11882021629987,0.4563201657859532,0.23173464482264625,-0.866708413046356,16.40886176204396,15.335598759197415,0.19737488479943938,0.6368477274885387,4bba3706,-0.5531856881454891,484.8,0.2,39.5
0.27063216463201495,0.3496621362194716,U8,MN8014,14.454153840685773,4.565396628608396,CPG,SSPG,0.939,0.957,0.12443480980431866,0.45904088659878806,0.20450867573429685,-1.0335383378705596,15.645288372737175,16.514453536979854,0.20489739366745616,0.6883241435789021,52e16b19,-0.6242536608998304,498.3,0.0,41.3
0.27063216463201495,0.3496621362194716,U8,MN8014,14.454153840685773,4.565396628608396,CPG,SSPG,0.939,0.957,0.12443480980431866,0.45904088659878806,0.20450867573429685,-1.0335383378705596,16.46886082217397,16.514453536979854,0.20489739366745616,0.6883241435789021,52e16b19,-0.6242536608998304,498.3,0.0,41.3
0.27063216463201495,0.3496621362194716,U8,MN8014,14.454153840685773,4.565396628608396,CPG,SSPG,0.939,0.957,0.12443480980431866,0.45904088659878806,0.20450867573429685,-1.0335383378705596,15.774110000380078,16.514453536979854,0.20489739366745616,0.6883241435789021,52e16b19,-0.6242536608998304,498.3,0.0,41.3
0.27063216463201495,0.3496621362194716,U8,MN8014,14.454153840685773,4.565396628608396,CPG,SSPG,0.939,0.957,0.12443480980431866,0.45904088659878806,0.20450867573429685,-1.0335383378705596,16.36366099138221,16.514453536979854,0.20489739366745616,0.6883241435789021,52e16b19,-0.6242536608998304,498.3,0.0,41.3
0.27063216463201495,0.3496621362194716,U8,MN8014,14.454153840685773,4.565396628608396,CPG,SSPG,0.939,0.957,0.12443480980431866,0.45904088659878806,0.20450867573429685,-1.0335383378705596,15.920595062918075,16.514453536979854,0.20489739366745616,0.6883241435789021,52e16b19,-0.6242536608998304,498.3,0.0,41.3
0.2827239075196046,0.34201816593106815,U8,MN8014,13.13646055076826,5.204784467498471,CPG,SSPG,0.938,0.96,0.11753709465491961,0.44686198156248735,0.21563120366021782,-1.0827044462656454,13.7269002566235,15.097902375706006,0.23034957708089412,0.6003889033741564,464f61a2,-0.24364169833461258,598.3,0.0,39.8
0.2827239075196046,0.34201816593106815,U8,MN8014,13.13646055076826,5.204784467498471,CPG,SSPG,0.938,0.96,0.11753709465491961,0.44686198156248735,0.21563120366021782,-1.0827044462656454,13.968036980418882,15.097902375706006,0.23034957708089412,0.6003889033741564,464f61a2,-0.24364169833461258,598.3,0.0,39.8
0.2827239075196046,0.34201816593106815,U8,MN8014,13.13646055076826,5.204784467498471,CPG,SSPG,0.938,0.96,0.11753709465491961,0.44686198156248735,0.21563120366021782,-1.0827044462656454,13.856666532648653,15.097902375706006,0.23034957708089412,0.6003889033741564,464f61a2,-0.24364169833461258,598.3,0.0,39.8
0.2827239075196046,0.34201816593106815,U8,MN8014,13.13646055076826,5.204784467498471,CPG,SSPG,0.938,0.96,0.11753709465491961,0.44686198156248735,0.21563120366021782,-1.0827044462656454,13.924860674606359,15.097902375706006,0.23034957708089412,0.6003889033741564,464f61a2,-0.24364169833461258,598.3,0.0,39.8
0.2827239075196046,0.34201816593106815,U8,MN8014,13.13646055076826,5.204784467498471,CPG,SSPG,0.938,0.96,0.11753709465491961,0.44686198156248735,0.21563120366021782,-1.0827044462656454,13.953022412581245,15.097902375706006,0.23034957708089412,0.6003889033741564,464f61a2,-0.24364169833461258,598.3,0.0,39.8
0.2626498515641008,0.3491222928058249,U8,MN8014,13.070040661448006,4.4120032041033515,CPG,SSPG,0.938,0.956,0.12643232772862956,0.4418792571672243,0.2169090929367973,-1.1908227846493908,15.794680401007268,14.130038513969094,0.12065885602370045,0.5614763837982618,6265e350,-0.2232223538718383,483.8,0.2,39.6
0.2626498515641008,0.3491222928058249,U8,MN8014,13.070040661448006,4.4120032041033515,CPG,SSPG,0.938,0.956,0.12643232772862956,0.4418792571672243,0.2169090929367973,-1.1908227846493908,16.938078213344635,14.130038513969094,0.12065885602370045,0.5614763837982618,6265e350,-0.2232223538718383,483.8,0.2,39.6
0.2626498515641008,0.3491222928058249,U8,MN8014,13.070040661448006,4.4120032041033515,CPG,SSPG,0.938,0.956,0.12643232772862956,0.4418792571672243,0.2169090929367973,-1.1908227846493908,17.133397665135828,14.130038513969094,0.12065885602370045,0.5614763837982618,6265e350,-0.2232223538718383,483.8,0.2,39.6
0.2626498515641008,0.3491222928058249,U8,MN8014,13.070040661448006,4.4120032041033515,CPG,SSPG,0.938,0.956,0.12643232772862956,0.4418792571672243,0.2169090929367973,-1.1908227846493908,16.524594902084587,14.130038513969094,0.12065885602370045,0.5614763837982618,6265e350,-0.2232223538718383,483.8,0.2,39.6
0.2626498515641008,0.3491222928058249,U8,MN8014,13.070040661448006,4.4120032041033515,CPG,SSPG,0.938,0.956,0.12643232772862956,0.4418792571672243,0.2169090929367973,-1.1908227846493908,16.547003572677344,14.130038513969094,0.12065885602370045,0.5614763837982618,6265e350,-0.2232223538718383,483.8,0.2,39.6
0.24824802972970111,0.34931319565190855,U8,MN8014,14.94137036290123,5.275206176661635,CPG,CPG,0.942,0.952,0.12499006157202247,0.46458575852947404,0.22999664402672046,-0.9931837736355508,18.834667910082043,17.739221958883213,0.16770492238350126,0.7067562849597914,9a2b2ba4,-0.3013400721129429,447.7,0.0,41.9
0.24824802972970111,0.34931319565190855,U8,MN8014,14.94137036290123,5.275206176661635,CPG,CPG,0.942,0.952,0.12499006157202247,0.46458575852947404,0.22999664402672046,-0.9931837736355508,19.76615954439187,17.739221958883213,0.16770492238350126,0.7067562849597914,9a2b2ba4,-0.3013400721129429,447.7,0.0,41.9
0.24824802972970111,0.34931319565190855,U8,MN8014,14.94137036290123,5.275206176661635,CPG,CPG,0.942,0.952,0.12499006157202247,0.46458575852947404,0.22999664402672046,-0.9931837736355508,19.716202173793274,17.739221958883213,0.16770492238350126,0.7067562849597914,9a2b2ba4,-0.3013400721129429,447.7,0.0,41.9
0.24824802972970111,0.34931319565190855,U8,MN8014,14.94137036290123,5.275206176661635,CPG,CPG,0.942,0.952,0.12499006157202247,0.46458575852947404,0.22999664402672046,-0.9931837736355508,19.633021915860816,17.739221958883213,0.16770492238350126,0.7067562849597914,9a2b2ba4,-0.3013400721129429,447.7,0.0,41.9
0.24824802972970111,0.34931319565190855,U8,MN8014,14.94137036290123,5.275206176661635,CPG,CPG,0.942,0.952,0.12499006157202247,0.46458575852947404,0.22999664402672046,-0.9931837736355508,19.68464933749464,17.739221958883213,0.16770492238350126,0.7067562849597914,9a2b2ba4,-0.3013400721129429,447.7,0.0,41.9
0.26574670211353757,0.34638175143748995,U8,MN8014,14.791864200476724,5.344204951350054,CPG,CPG,0.939,0.952,0.1264020506527838,0.4493448394726115,0.24691119368579767,-0.8940676303250052,17.79805988133481,16.100042192338506,0.1543389855554902,0.6465608086726913,de5bbc3a,-0.33135973011629627,435.1,0.2,37.5
0.26574670211353757,0.34638175143748995,U8,MN8014,14.791864200476724,5.344204951350054,CPG,CPG,0.939,0.952,0.1264020506527838,0.4493448394726115,0.24691119368579767,-0.8940676303250052,17.14107658893681,16.100042192338506,0.1543389855554902,0.6465608086726913,de5bbc3a,-0.33135973011629627,435.1,0.2,37.5
0.26574670211353757,0.34638175143748995,U8,MN8014,14.791864200476724,5.344204951350054,CPG,CPG,0.939,0.952,0.1264020506527838,0.4493448394726115,0.24691119368579767,-0.8940676303250052,17.918718315740428,16.100042192338506,0.1543389855554902,0.6465608086726913,de5bbc3a,-0.33135973011629627,435.1,0.2,37.5
0.26574670211353757,0.34638175143748995,U8,MN8014,14.791864200476724,5.344204951350054,CPG,CPG,0.939,0.952,0.1264020506527838,0.4493448394726115,0.24691119368579767,-0.8940676303250052,17.466428270015225,16.100042192338506,0.1543389855554902,0.6465608086726913,de5bbc3a,-0.33135973011629627,435.1,0.2,37.5
0.26574670211353757,0.34638175143748995,U8,MN8014,14.791864200476724,5.344204951350054,CPG,CPG,0.939,0.952,0.1264020506527838,0.4493448394726115,0.24691119368579767,-0.8940676303250052,17.51708568440056,16.100042192338506,0.1543389855554902,0.6465608086726913,de5bbc3a,-0.33135973011629627,435.1,0.2,37.5
0.27323266447402006,0.3487469647768891,U8,MN8014,13.858901806825553,4.632986825923697,CPG,SSPG,0.94,0.957,0.12283834690706281,0.45757027017488394,0.2975114730671709,-0.9392982106667467,17.08664419117089,15.108806329678027,0.1421942668410486,0.6174577649620964,9e7dd3b8,-0.4321253726743777,535.8,0.0,37.8
0.27323266447402006,0.3487469647768891,U8,MN8014,13.858901806825553,4.632986825923697,CPG,SSPG,0.94,0.957,0.12283834690706281,0.45757027017488394,0.2975114730671709,-0.9392982106667467,16.887429810256986,15.108806329678027,0.1421942668410486,0.6174577649620964,9e7dd3b8,-0.4321253726743777,535.8,0.0,37.8
0.27323266447402006,0.3487469647768891,U8,MN8014,13.858901806825553,4.632986825923697,CPG,SSPG,0.94,0.957,0.12283834690706281,0.45757027017488394,0.2975114730671709,-0.9392982106667467,16.617295947459613,15.108806329678027,0.1421942668410486,0.6174577649620964,9e7dd3b8,-0.4321253726743777,535.8,0.0,37.8
0.27323266447402006,0.3487469647768891,U8,MN8014,13.858901806825553,4.632986825923697,CPG,SSPG,0.94,0.957,0.12283834690706281,0.45757027017488394,0.2975114730671709,-0.9392982106667467,16.860164535084017,15.108806329678027,0.1421942668410486,0.6174577649620964,9e7dd3b8,-0.4321253726743777,535.8,0.0,37.8
0.27323266447402006,0.3487469647768891,U8,MN8014,13.858901806825553,4.632986825923697,CPG,SSPG,0.94,0.957,0.12283834690706281,0.45757027017488394,0.2975114730671709,-0.9392982106667467,17.03606505378657,15.108806329678027,0.1421942668410486,0.6174577649620964,9e7dd3b8,-0.4321253726743777,535.8,0.0,37.8
0.24981784533826049,0.3361522804258381,U8,MN8014,15.033030428625699,4.602142798511798,CPG,SSPG,0.943,0.957,0.12517979228740356,0.4440309477911324,0.22877929470055267,-1.0535783582136493,18.956790456890683,18.52086953131475,0.20184342136104952,0.7582889737356403,1b95825c,-0.5454369396067857,581.8,0.1,41.1
0.24981784533826049,0.3361522804258381,U8,MN8014,15.033030428625699,4.602142798511798,CPG,SSPG,0.943,0.957,0.12517979228740356,0.4440309477911324,0.22877929470055267,-1.0535783582136493,19.538367114885496,18.52086953131475,0.20184342136104952,0.7582889737356403,1b95825c,-0.5454369396067857,581.8,0.1,41.1
0.24981784533826049,0.3361522804258381,U8,MN8014,15.033030428625699,4.602142798511798,CPG,SSPG,0.943,0.957,0.12517979228740356,0.4440309477911324,0.22877929470055267,-1.0535783582136493,20.563098698488982,18.52086953131475,0.20184342136104952,0.7582889737356403,1b95825c,-0.5454369396067857,581.8,0.1,41.1
0.24981784533826049,0.3361522804258381,U8,MN8014,15.033030428625699,4.602142798511798,CPG,SSPG,0.943,0.957,0.12517979228740356,0.4440309477911324,0.22877929470055267,-1.0535783582136493,19.859596224111865,18.52086953131475,0.20184342136104952,0.7582889737356403,1b95825c,-0.5454369396067857,581.8,0.1,41.1
0.24981784533826049,0.3361522804258381,U8,MN8014,15.033030428625699,4.602142798511798,CPG,SSPG,0.943,0.957,0.12517979228740356,0.4440309477911324,0.22877929470055267,-1.0535783582136493,19.694195918704665,18.52086953131475,0.20184342136104952,0.7582889737356403,1b95825c,-0.5454369396067857,581.8,0.1,41.1
0.2565680505257703,0.3474317012978967,U8,MN8014,15.162527467661764,5.237110504904167,WPG,SSPG,0.89,0.96,0.128575318889471,0.47755209216026195,0.20064406545936006,-1.0462161459192314,16.832558779078806,16.94308047713048,0.22029371950779542,0.6637503055547241,4735b0ab,-0.16005435093896736,489.8,0.4,38.6
0.2565680505257703,0.3474317012978967,U8,MN8014,15.162527467661764,5.237110504904167,WPG,SSPG,0.89,0.96,0.128575318889471,0.47755209216026195,0.20064406545936006,-1.0462161459192314,17.574906011069036,16.94308047713048,0.22029371950779542,0.6637503055547241,4735b0ab,-0.16005435093896736,489.8,0.4,38.6
0.2565680505257703,0.3474317012978967,U8,MN8014,15.162527467661764,5.237110504904167,WPG,SSPG,0.89,0.96,0.128575318889471,0.47755209216026195,0.20064406545936006,-1.0462161459192314,17.118116013290056,16.94308047713048,0.22029371950779542,0.6637503055547241,4735b0ab,-0.16005435093896736,489.8,0.4,38.6
0.2565680505257703,0.3474317012978967,U8,MN8014,15.162527467661764,5.237110504904167,WPG,SSPG,0.89,0.96,0.128575318889471,0.47755209216026195,0.20064406545936006,-1.0462161459192314,16.753749543175072,16.94308047713048,0.22029371950779542,0.6637503055547241,4735b0ab,-0.16005435093896736,489.8,0.4,38.6
0.2565680505257703,0.3474317012978967,U8,MN8014,15.162527467661764,5.237110504904167,WPG,SSPG,0.89,0.96,0.128575318889471,0.47755209216026195,0.20064406545936006,-1.0462161459192314,16.81121340074034,16.94308047713048,0.22029371950779542,0.6637503055547241,4735b0ab,-0.16005435093896736,489.8,0.4,38.6
0.2736125657451621,0.3499544193012302,U8,MN8014,12.031839161894558,4.132599276895583,CPG,SSPG,0.944,0.964,0.12032260647021058,0.4536442373667544,0.20080380423542304,-0.9208683772491447,12.753747454163845,13.658515820441046,0.21893325711326675,0.5422808092184367,3a2d79ed,-0.21057785296124099,516.0,0.6,41.2
0.2736125657451621,0.3499544193012302,U8,MN8014,12.031839161894558,4.132599276895583,CPG,SSPG,0.944,0.964,0.12032260647021058,0.4536442373667544,0.20080380423542304,-0.9208683772491447,12.905130681532881,13.658515820441046,0.21893325711326675,0.5422808092184367,3a2d79ed,-0.21057785296124099,516.0,0.6,41.2
0.2736125657451621,0.3499544193012302,U8,MN8014,12.031839161894558,4.132599276895583,CPG,SSPG,0.944,0.964,0.12032260647021058,0.4536442373667544,0.20080380423542304,-0.9208683772491447,12.65919690561151,13.658515820441046,0.21893325711326675,0.5422808092184367,3a2d79ed,-0.21057785296124099,516.0,0.6,41.2
0.2736125657451621,0.3499544193012302,U8,MN8014,12.031839161894558,4.132599276895583,CPG,SSPG,0.944,0.964,0.12032260647021058,0.4536442373667544,0.20080380423542304,-0.9208683772491447,13.0077181195384,13.658515820441046,0.21893325711326675,0.5422808092184367,3a2d79ed,-0.21057785296124099,516.0,0.6,41.2
0.2736125657451621,0.3499544193012302,U8,MN8014,12.031839161894558,4.132599276895583,CPG,SSPG,0.944,0.964,0.12032260647021058,0.4536442373667544,0.20080380423542304,-0.9208683772491447,12.937134577632378,13.658515820441046,0.21893325711326675,0.5422808092184367,3a2d79ed,-0.21057785296124099,516.0,0.6,41.2
0.26954367033520676,0.3488666545145978,U8,MN8014,14.051116139530242,4.1263704291648375,CPG,SSPG,0.945,0.964,0.1274715406318137,0.4585170687409582,0.20611261496489458,-0.9549449017249726,14.927234818362102,16.634722500498746,0.23286302319481558,0.6622599515772088,bfe5a8a7,-0.2770142874222268,516.7,0.0,40.4
0.26954367033520676,0.3488666545145978,U8,MN8014,14.051116139530242,4.1263704291648375,CPG,SSPG,0.945,0.964,0.1274715406318137,0.4585170687409582,0.20611261496489458,-0.9549449017249726,15.56311071733178,16.634722500498746,0.23286302319481558,0.6622599515772088,bfe5a8a7,-0.2770142874222268,516.7,0.0,40.4
0.26954367033520676,0.3488666545145978,U8,MN8014,14.051116139530242,4.1263704291648375,CPG,SSPG,0.945,0.964,0.1274715406318137,0.4585170687409582,0.20611261496489458,-0.9549449017249726,15.606656612935469,16.634722500498746,0.23286302319481558,0.6622599515772088,bfe5a8a7,-0.2770142874222268,516.7,0.0,40.4
0.26954367033520676,0.3488666545145978,U8,MN8014,14.051116139530242,4.1263704291648375,CPG,SSPG,0.945,0.964,0.1274715406318137,0.4585170687409582,0.20611261496489458,-0.9549449017249726,15.850311639800358,16.634722500498746,0.23286302319481558,0.6622599515772088,bfe5a8a7,-0.2770142874222268,516.7,0.0,40.4
0.26954367033520676,0.3488666545145978,U8,MN8014,14.051116139530242,4.1263704291648375,CPG,SSPG,0.945,0.964,0.1274715406318137,0.4585170687409582,0.20611261496489458,-0.9549449017249726,15.793624848985043,16.634722500498746,0.23286302319481558,0.6622599515772088,bfe5a8a7,-0.2770142874222268,516.7,0.0,40.4
0.2521960960815544,0.3433724144208252,U8,MN8014,14.603588835978352,4.737265464690264,CPG,CPG,0.944,0.967,0.1294196741053889,0.4375856958140395,0.3240934464520305,-0.9146144665298155,7.449970300716708,10.57587942562809,0.05426887244322829,0.3187340189415003,9b292dc0,0.9820320819028527,536.8,0.1,38.2
0.2521960960815544,0.3433724144208252,U8,MN8014,14.603588835978352,4.737265464690264,CPG,CPG,0.944,0.967,0.1294196741053889,0.4375856958140395,0.3240934464520305,-0.9146144665298155,8.298060721403363,10.57587942562809,0.05426887244322829,0.3187340189415003,9b292dc0,0.9820320819028527,536.8,0.1,38.2
0.2521960960815544,0.3433724144208252,U8,MN8014,14.603588835978352,4.737265464690264,CPG,CPG,0.944,0.967,0.1294196741053889,0.4375856958140395,0.3240934464520305,-0.9146144665298155,12.592236408854156,10.57587942562809,0.05426887244322829,0.3187340189415003,9b292dc0,0.9820320819028527,536.8,0.1,38.2
0.2521960960815544,0.3433724144208252,U8,MN8014,14.603588835978352,4.737265464690264,CPG,CPG,0.944,0.967,0.1294196741053889,0.4375856958140395,0.3240934464520305,-0.9146144665298155,12.61778907780399,10.57587942562809,0.05426887244322829,0.3187340189415003,9b292dc0,0.9820320819028527,536.8,0.1,38.2
0.2521960960815544,0.3433724144208252,U8,MN8014,14.603588835978352,4.737265464690264,CPG,CPG,0.944,0.967,0.1294196741053889,0.4375856958140395,0.3240934464520305,-0.9146144665298155,12.603157895265667,10.57587942562809,0.05426887244322829,0.3187340189415003,9b292dc0,0.9820320819028527,536.8,0.1,38.2
0.2771361860732089,0.34725727458940203,U8,MN8014,15.378375677407439,5.042366718924826,CPG,SSPG,0.941,0.959,0.12934475982495724,0.4320506047975528,0.3024549012568869,-0.8988816453448367,17.353406411962183,15.660314294162475,0.11881950509349674,0.591388036182654,b7b673a4,0.10233871482904888,592.5,0.3,38.7
0.2771361860732089,0.34725727458940203,U8,MN8014,15.378375677407439,5.042366718924826,CPG,SSPG,0.941,0.959,0.12934475982495724,0.4320506047975528,0.3024549012568869,-0.8988816453448367,15.572863089213719,15.660314294162475,0.11881950509349674,0.591388036182654,b7b673a4,0.10233871482904888,592.5,0.3,38.7
0.2771361860732089,0.34725727458940203,U8,MN8014,15.378375677407439,5.042366718924826,CPG,SSPG,0.941,0.959,0.12934475982495724,0.4320506047975528,0.3024549012568869,-0.8988816453448367,17.34794490053398,15.660314294162475,0.11881950509349674,0.591388036182654,b7b673a4,0.10233871482904888,592.5,0.3,38.7
0.2771361860732089,0.34725727458940203,U8,MN8014,15.378375677407439,5.042366718924826,CPG,SSPG,0.941,0.959,0.12934475982495724,0.4320506047975528,0.3024549012568869,-0.8988816453448367,17.36348889232474,15.660314294162475,0.11881950509349674,0.591388036182654,b7b673a4,0.10233871482904888,592.5,0.3,38.7
0.2771361860732089,0.34725727458940203,U8,MN8014,15.378375677407439,5.042366718924826,CPG,SSPG,0.941,0.959,0.12934475982495724,0.4320506047975528,0.3024549012568869,-0.8988816453448367,17.310897596556963,15.660314294162475,0.11881950509349674,0.591388036182654,b7b673a4,0.10233871482904888,592.5,0.3,38.7
0.26882229421198706,0.3480614083771289,U8,MN8014,13.730242498273658,4.383543796992335,CPG,SSPG,0.935,0.956,0.12938926596647105,0.43859523786552546,0.2154694046266771,-0.9741605197526433,16.377997097741666,15.791156582468414,0.1935572892119761,0.6664315191923315,e01b4dba,-0.6903516425962373,497.0,0.1,38.6
0.26882229421198706,0.3480614083771289,U8,MN8014,13.730242498273658,4.383543796992335,CPG,SSPG,0.935,0.956,0.12938926596647105,0.43859523786552546,0.2154694046266771,-0.9741605197526433,17.33962176294926,15.791156582468414,0.1935572892119761,0.6664315191923315,e01b4dba,-0.6903516425962373,497.0,0.1,38.6
0.26882229421198706,0.3480614083771289,U8,MN8014,13.730242498273658,4.383543796992335,CPG,SSPG,0.935,0.956,0.12938926596647105,0.43859523786552546,0.2154694046266771,-0.9741605197526433,17.501714889234133,15.791156582468414,0.1935572892119761,0.6664315191923315,e01b4dba,-0.6903516425962373,497.0,0.1,38.6
0.26882229421198706,0.3480614083771289,U8,MN8014,13.730242498273658,4.383543796992335,CPG,SSPG,0.935,0.956,0.12938926596647105,0.43859523786552546,0.2154694046266771,-0.9741605197526433,17.288037768961082,15.791156582468414,0.1935572892119761,0.6664315191923315,e01b4dba,-0.6903516425962373,497.0,0.1,38.6
0.26882229421198706,0.3480614083771289,U8,MN8014,13.730242498273658,4.383543796992335,CPG,SSPG,0.935,0.956,0.12938926596647105,0.43859523786552546,0.2154694046266771,-0.9741605197526433,17.267959367371166,15.791156582468414,0.1935572892119761,0.6664315191923315,e01b4dba,-0.6903516425962373,497.0,0.1,38.6
0.25281704248570697,0.3433830763618146,U8,MN8014,13.4316650918642,4.070096699992096,CPG,SSPG,0.943,0.964,0.12681267610897315,0.4524081143991937,0.2092069395179009,-0.8533135373758901,15.642544217437676,15.847805853206296,0.1999722608211301,0.6511399084460965,4428d992,-0.492667317278058,469.6,0.3,41.0
0.25281704248570697,0.3433830763618146,U8,MN8014,13.4316650918642,4.070096699992096,CPG,SSPG,0.943,0.964,0.12681267610897315,0.4524081143991937,0.2092069395179009,-0.8533135373758901,16.447129348367355,15.847805853206296,0.1999722608211301,0.6511399084460965,4428d992,-0.492667317278058,469.6,0.3,41.0
0.25281704248570697,0.3433830763618146,U8,MN8014,13.4316650918642,4.070096699992096,CPG,SSPG,0.943,0.964,0.12681267610897315,0.4524081143991937,0.2092069395179009,-0.8533135373758901,16.48167046393024,15.847805853206296,0.1999722608211301,0.6511399084460965,4428d992,-0.492667317278058,469.6,0.3,41.0
0.25281704248570697,0.3433830763618146,U8,MN8014,13.4316650918642,4.070096699992096,CPG,SSPG,0.943,0.964,0.12681267610897315,0.4524081143991937,0.2092069395179009,-0.8533135373758901,16.48147153727141,15.847805853206296,0.1999722608211301,0.6511399084460965,4428d992,-0.492667317278058,469.6,0.3,41.0
0.25281704248570697,0.3433830763618146,U8,MN8014,13.4316650918642,4.070096699992096,CPG,SSPG,0.943,0.964,0.12681267610897315,0.4524081143991937,0.2092069395179009,-0.8533135373758901,16.30562902661661,15.847805853206296,0.1999722608211301,0.6511399084460965,4428d992,-0.492667317278058,469.6,0.3,41.0
0.26669586850169896,0.34999094951884824,U8,MN8014,14.199802191943673,5.2974511401199145,CPG,CPG,0.943,0.952,0.12611471663115328,0.4600882356208924,0.20406961964200077,-1.1195304089769893,16.31573362717192,16.47535743041224,0.20228018854553112,0.674844364367167,e48b34d9,-0.4886333573902393,480.8,0.0,36.3
0.26669586850169896,0.34999094951884824,U8,MN8014,14.199802191943673,5.2974511401199145,CPG,CPG,0.943,0.952,0.12611471663115328,0.4600882356208924,0.20406961964200077,-1.1195304089769893,16.973102209365727,16.47535743041224,0.20228018854553112,0.674844364367167,e48b34d9,-0.4886333573902393,480.8,0.0,36.3
0.26669586850169896,0.34999094951884824,U8,MN8014,14.199802191943673,5.2974511401199145,CPG,CPG,0.943,0.952,0.12611471663115328,0.4600882356208924,0.20406961964200077,-1.1195304089769893,17.042082358510594,16.47535743041224,0.20228018854553112,0.674844364367167,e48b34d9,-0.4886333573902393,480.8,0.0,36.3
0.26669586850169896,0.34999094951884824,U8,MN8014,14.199802191943673,5.2974511401199145,CPG,CPG,0.943,0.952,0.12611471663115328,0.4600882356208924,0.20406961964200077,-1.1195304089769893,16.94069664084716,16.47535743041224,0.20228018854553112,0.674844364367167,e48b34d9,-0.4886333573902393,480.8,0.0,36.3
0.26669586850169896,0.34999094951884824,U8,MN8014,14.199802191943673,5.2974511401199145,CPG,CPG,0.943,0.952,0.12611471663115328,0.4600882356208924,0.20406961964200077,-1.1195304089769893,17.13140674629238,16.47535743041224,0.20228018854553112,0.674844364367167,e48b34d9,-0.4886333573902393,480.8,0.0,36.3
0.23775285674829227,0.3368298332255268,U8,MN8014,14.446086903277635,4.241104904157802,CPG,SSPG,0.941,0.954,0.12576626995386753,0.45538707993960265,0.224869416670979,-0.8582878888313179,16.759447170324286,17.70684654380179,0.24701238152750463,0.6796194486533657,2a704697,-0.008207766390952997,572.9,0.0,39.0
0.23775285674829227,0.3368298332255268,U8,MN8014,14.446086903277635,4.241104904157802,CPG,SSPG,0.941,0.954,0.12576626995386753,0.45538707993960265,0.224869416670979,-0.8582878888313179,17.026835103184954,17.70684654380179,0.24701238152750463,0.6796194486533657,2a704697,-0.008207766390952997,572.9,0.0,39.0
0.23775285674829227,0.3368298332255268,U8,MN8014,14.446086903277635,4.241104904157802,CPG,SSPG,0.941,0.954,0.12576626995386753,0.45538707993960265,0.224869416670979,-0.8582878888313179,16.807373655451688,17.70684654380179,0.24701238152750463,0.6796194486533657,2a704697,-0.008207766390952997,572.9,0.0,39.0
0.23775285674829227,0.3368298332255268,U8,MN8014,14.446086903277635,4.241104904157802,CPG,SSPG,0.941,0.954,0.12576626995386753,0.45538707993960265,0.224869416670979,-0.8582878888313179,16.31494326298002,17.70684654380179,0.24701238152750463,0.6796194486533657,2a704697,-0.008207766390952997,572.9,0.0,39.0
0.23775285674829227,0.3368298332255268,U8,MN8014,14.446086903277635,4.241104904157802,CPG,SSPG,0.941,0.954,0.12576626995386753,0.45538707993960265,0.224869416670979,-0.8582878888313179,17.100686731524835,17.70684654380179,0.24701238152750463,0.6796194486533657,2a704697,-0.008207766390952997,572.9,0.0,39.0
0.2696162361983556,0.34391279185300305,U8,MN8014,13.211566380538025,4.20862896603122,CPG,SSPG,0.947,0.954,0.12782987813251295,0.45223734806687765,0.20000042065026438,-0.9554548409464331,14.45953187580233,15.554380932782488,0.24206978667830598,0.6093764860540503,b2e65783,-0.14726307819771112,548.4,0.2,40.6
0.2696162361983556,0.34391279185300305,U8,MN8014,13.211566380538025,4.20862896603122,CPG,SSPG,0.947,0.954,0.12782987813251295,0.45223734806687765,0.20000042065026438,-0.9554548409464331,14.16613218287172,15.554380932782488,0.24206978667830598,0.6093764860540503,b2e65783,-0.14726307819771112,548.4,0.2,40.6
0.2696162361983556,0.34391279185300305,U8,MN8014,13.211566380538025,4.20862896603122,CPG,SSPG,0.947,0.954,0.12782987813251295,0.45223734806687765,0.20000042065026438,-0.9554548409464331,14.925284723016738,15.554380932782488,0.24206978667830598,0.6093764860540503,b2e65783,-0.14726307819771112,548.4,0.2,40.6
0.2696162361983556,0.34391279185300305,U8,MN8014,13.211566380538025,4.20862896603122,CPG,SSPG,0.947,0.954,0.12782987813251295,0.45223734806687765,0.20000042065026438,-0.9554548409464331,12.252685680548645,15.554380932782488,0.24206978667830598,0.6093764860540503,b2e65783,-0.14726307819771112,548.4,0.2,40.6
0.2696162361983556,0.34391279185300305,U8,MN8014,13.211566380538025,4.20862896603122,CPG,SSPG,0.947,0.954,0.12782987813251295,0.45223734806687765,0.20000042065026438,-0.9554548409464331,13.565754464820934,15.554380932782488,0.24206978667830598,0.6093764860540503,b2e65783,-0.14726307819771112,548.4,0.2,40.6
0.263039193013768,0.3477167320108778,U8,MN8014,15.027178171299783,4.181162953224469,CPG,SSPG,0.943,0.954,0.11263265601712104,0.4447738166072891,0.20509220688428936,-1.211503171371735,11.195161510467043,18.196966870142543,0.2191997004532507,0.7563659889766212,6c7fdc77,-0.6642461307069922,599.4,0.9,40.6
0.263039193013768,0.3477167320108778,U8,MN8014,15.027178171299783,4.181162953224469,CPG,SSPG,0.943,0.954,0.11263265601712104,0.4447738166072891,0.20509220688428936,-1.211503171371735,14.905859076114844,18.196966870142543,0.2191997004532507,0.7563659889766212,6c7fdc77,-0.6642461307069922,599.4,0.9,40.6
0.263039193013768,0.3477167320108778,U8,MN8014,15.027178171299783,4.181162953224469,CPG,SSPG,0.943,0.954,0.11263265601712104,0.4447738166072891,0.20509220688428936,-1.211503171371735,18.57230859718759,18.196966870142543,0.2191997004532507,0.7563659889766212,6c7fdc77,-0.6642461307069922,599.4,0.9,40.6
0.263039193013768,0.3477167320108778,U8,MN8014,15.027178171299783,4.181162953224469,CPG,SSPG,0.943,0.954,0.11263265601712104,0.4447738166072891,0.20509220688428936,-1.211503171371735,18.955717573067627,18.196966870142543,0.2191997004532507,0.7563659889766212,6c7fdc77,-0.6642461307069922,599.4,0.9,40.6
0.263039193013768,0.3477167320108778,U8,MN8014,15.027178171299783,4.181162953224469,CPG,SSPG,0.943,0.954,0.11263265601712104,0.4447738166072891,0.20509220688428936,-1.211503171371735,19.09364910851333,18.196966870142543,0.2191997004532507,0.7563659889766212,6c7fdc77,-0.6642461307069922,599.4,0.9,40.6
0.261718544218163,0.34394248002347866,U8,MN8014,14.861421162575107,4.983705243355812,CPG,SSPG,0.942,0.959,0.11896851340258133,0.44423326576760214,0.2958901610170299,-1.0617628475129397,18.21770179674039,15.931784016781183,0.10484346720092481,0.5733729830946689,095c28e9,0.4240860870881695,560.5,0.7,40.8
0.261718544218163,0.34394248002347866,U8,MN8014,14.861421162575107,4.983705243355812,CPG,SSPG,0.942,0.959,0.11896851340258133,0.44423326576760214,0.2958901610170299,-1.0617628475129397,18.182716228165866,15.931784016781183,0.10484346720092481,0.5733729830946689,095c28e9,0.4240860870881695,560.5,0.7,40.8
0.261718544218163,0.34394248002347866,U8,MN8014,14.861421162575107,4.983705243355812,CPG,SSPG,0.942,0.959,0.11896851340258133,0.44423326576760214,0.2958901610170299,-1.0617628475129397,18.109327604017366,15.931784016781183,0.10484346720092481,0.5733729830946689,095c28e9,0.4240860870881695,560.5,0.7,40.8
0.261718544218163,0.34394248002347866,U8,MN8014,14.861421162575107,4.983705243355812,CPG,SSPG,0.942,0.959,0.11896851340258133,0.44423326576760214,0.2958901610170299,-1.0617628475129397,18.557906893994875,15.931784016781183,0.10484346720092481,0.5733729830946689,095c28e9,0.4240860870881695,560.5,0.7,40.8
0.261718544218163,0.34394248002347866,U8,MN8014,14.861421162575107,4.983705243355812,CPG,SSPG,0.942,0.959,0.11896851340258133,0.44423326576760214,0.2958901610170299,-1.0617628475129397,18.554756899382784,15.931784016781183,0.10484346720092481,0.5733729830946689,095c28e9,0.4240860870881695,560.5,0.7,40.8
0.2795562566942115,0.3495295962704937,U8,MN8014,14.30595632424558,4.762446145151687,CPG,SSPG,0.934,0.941,0.1294675200609382,0.4376457851941833,0.27834354795888905,-1.1076147714598283,17.479564506756457,14.738949699098788,0.11901696056752653,0.5765962854531534,803556e3,-0.13010307316674208,547.4,0.2,36.4
0.2795562566942115,0.3495295962704937,U8,MN8014,14.30595632424558,4.762446145151687,CPG,SSPG,0.934,0.941,0.1294675200609382,0.4376457851941833,0.27834354795888905,-1.1076147714598283,17.20854518743456,14.738949699098788,0.11901696056752653,0.5765962854531534,803556e3,-0.13010307316674208,547.4,0.2,36.4
0.2795562566942115,0.3495295962704937,U8,MN8014,14.30595632424558,4.762446145151687,CPG,SSPG,0.934,0.941,0.1294675200609382,0.4376457851941833,0.27834354795888905,-1.1076147714598283,17.216140399371437,14.738949699098788,0.11901696056752653,0.5765962854531534,803556e3,-0.13010307316674208,547.4,0.2,36.4
0.2795562566942115,0.3495295962704937,U8,MN8014,14.30595632424558,4.762446145151687,CPG,SSPG,0.934,0.941,0.1294675200609382,0.4376457851941833,0.27834354795888905,-1.1076147714598283,17.049738139950673,14.738949699098788,0.11901696056752653,0.5765962854531534,803556e3,-0.13010307316674208,547.4,0.2,36.4
0.2795562566942115,0.3495295962704937,U8,MN8014,14.30595632424558,4.762446145151687,CPG,SSPG,0.934,0.941,0.1294675200609382,0.4376457851941833,0.27834354795888905,-1.1076147714598283,17.067305390026064,14.738949699098788,0.11901696056752653,0.5765962854531534,803556e3,-0.13010307316674208,547.4,0.2,36.4
0.26103858691411563,0.34467695925591474,U8,MN8014,14.442475727712164,4.000324004142776,CPG,SSPG,0.941,0.962,0.12449208666815258,0.4398910801587824,0.24366386399811715,-1.0633285378374446,18.35106464522283,16.651582273034627,0.1639382138923056,0.6888675868979451,9f052f56,-0.5708900878475998,588.0,0.8,42.4
0.26103858691411563,0.34467695925591474,U8,MN8014,14.442475727712164,4.000324004142776,CPG,SSPG,0.941,0.962,0.12449208666815258,0.4398910801587824,0.24366386399811715,-1.0633285378374446,19.335997344498644,16.651582273034627,0.1639382138923056,0.6888675868979451,9f052f56,-0.5708900878475998,588.0,0.8,42.4
0.26103858691411563,0.34467695925591474,U8,MN8014,14.442475727712164,4.000324004142776,CPG,SSPG,0.941,0.962,0.12449208666815258,0.4398910801587824,0.24366386399811715,-1.0633285378374446,18.315816641498568,16.651582273034627,0.1639382138923056,0.6888675868979451,9f052f56,-0.5708900878475998,588.0,0.8,42.4
0.26103858691411563,0.34467695925591474,U8,MN8014,14.442475727712164,4.000324004142776,CPG,SSPG,0.941,0.962,0.12449208666815258,0.4398910801587824,0.24366386399811715,-1.0633285378374446,19.396226413246236,16.651582273034627,0.1639382138923056,0.6888675868979451,9f052f56,-0.5708900878475998,588.0,0.8,42.4
0.26103858691411563,0.34467695925591474,U8,MN8014,14.442475727712164,4.000324004142776,CPG,SSPG,0.941,0.962,0.12449208666815258,0.4398910801587824,0.24366386399811715,-1.0633285378374446,18.78352950290855,16.651582273034627,0.1639382138923056,0.6888675868979451,9f052f56,-0.5708900878475998,588.0,0.8,42.4
0.2655045292851691,0.3470382242569394,U8,MN8014,14.57600291327548,4.595609704584727,CPG,SSPG,0.944,0.957,0.12877295374800962,0.4541219355319368,0.22888824932286697,-1.0765877373605526,16.48548775843959,16.243867117655384,0.14252562933627513,0.6490739461013588,0a44f6b5,-0.2973864873445473,465.5,0.5,41.4
0.2655045292851691,0.3470382242569394,U8,MN8014,14.57600291327548,4.595609704584727,CPG,SSPG,0.944,0.957,0.12877295374800962,0.4541219355319368,0.22888824932286697,-1.0765877373605526,18.688909510734632,16.243867117655384,0.14252562933627513,0.6490739461013588,0a44f6b5,-0.2973864873445473,465.5,0.5,41.4
0.2655045292851691,0.3470382242569394,U8,MN8014,14.57600291327548,4.595609704584727,CPG,SSPG,0.944,0.957,0.12877295374800962,0.4541219355319368,0.22888824932286697,-1.0765877373605526,16.944130506184813,16.243867117655384,0.14252562933627513,0.6490739461013588,0a44f6b5,-0.2973864873445473,465.5,0.5,41.4
0.2655045292851691,0.3470382242569394,U8,MN8014,14.57600291327548,4.595609704584727,CPG,SSPG,0.944,0.957,0.12877295374800962,0.4541219355319368,0.22888824932286697,-1.0765877373605526,17.858566470278816,16.243867117655384,0.14252562933627513,0.6490739461013588,0a44f6b5,-0.2973864873445473,465.5,0.5,41.4
0.2655045292851691,0.3470382242569394,U8,MN8014,14.57600291327548,4.595609704584727,CPG,SSPG,0.944,0.957,0.12877295374800962,0.4541219355319368,0.22888824932286697,-1.0765877373605526,18.2158501229732,16.243867117655384,0.14252562933627513,0.6490739461013588,0a44f6b5,-0.2973864873445473,465.5,0.5,41.4
0.26712764407150824,0.34901586334350754,U8,MN8014,14.13207453799744,4.0038955756368795,CPG,SSPG,0.945,0.962,0.12250142651229019,0.43941587996781045,0.20126548065748717,-1.2026268738792958,18.02892182046707,15.97373689556327,0.17102036863136127,0.6718016126920696,03c9fc46,-0.671898345308275,541.3,0.1,41.2
0.26712764407150824,0.34901586334350754,U8,MN8014,14.13207453799744,4.0038955756368795,CPG,SSPG,0.945,0.962,0.12250142651229019,0.43941587996781045,0.20126548065748717,-1.2026268738792958,17.21346042812075,15.97373689556327,0.17102036863136127,0.6718016126920696,03c9fc46,-0.671898345308275,541.3,0.1,41.2
0.26712764407150824,0.34901586334350754,U8,MN8014,14.13207453799744,4.0038955756368795,CPG,SSPG,0.945,0.962,0.12250142651229019,0.43941587996781045,0.20126548065748717,-1.2026268738792958,18.04450828549069,15.97373689556327,0.17102036863136127,0.6718016126920696,03c9fc46,-0.671898345308275,541.3,0.1,41.2
0.26712764407150824,0.34901586334350754,U8,MN8014,14.13207453799744,4.0038955756368795,CPG,SSPG,0.945,0.962,0.12250142651229019,0.43941587996781045,0.20126548065748717,-1.2026268738792958,17.992657905691377,15.97373689556327,0.17102036863136127,0.6718016126920696,03c9fc46,-0.671898345308275,541.3,0.1,41.2
0.26712764407150824,0.34901586334350754,U8,MN8014,14.13207453799744,4.0038955756368795,CPG,SSPG,0.945,0.962,0.12250142651229019,0.43941587996781045,0.20126548065748717,-1.2026268738792958,17.852894496776923,15.97373689556327,0.17102036863136127,0.6718016126920696,03c9fc46,-0.671898345308275,541.3,0.1,41.2
0.26301277649065263,0.3474761030765536,U8,VT8020,14.710729809001766,4.677249961184761,CPG,CPG,0.942,0.967,0.12671987305617505,0.4361505805153724,0.20107868601914894,-1.063875662243389,17.009236169120594,17.711301472883505,0.19201872986050905,0.6834183969890784,305e9c42,-0.049277617990798994,550.2,0.4,41.4
0.26301277649065263,0.3474761030765536,U8,VT8020,14.710729809001766,4.677249961184761,CPG,CPG,0.942,0.967,0.12671987305617505,0.4361505805153724,0.20107868601914894,-1.063875662243389,16.760794027463596,17.711301472883505,0.19201872986050905,0.6834183969890784,305e9c42,-0.049277617990798994,550.2,0.4,41.4
0.26301277649065263,0.3474761030765536,U8,VT8020,14.710729809001766,4.677249961184761,CPG,CPG,0.942,0.967,0.12671987305617505,0.4361505805153724,0.20107868601914894,-1.063875662243389,16.58670452655051,17.711301472883505,0.19201872986050905,0.6834183969890784,305e9c42,-0.049277617990798994,550.2,0.4,41.4
0.26301277649065263,0.3474761030765536,U8,VT8020,14.710729809001766,4.677249961184761,CPG,CPG,0.942,0.967,0.12671987305617505,0.4361505805153724,0.20107868601914894,-1.063875662243389,16.599960135076525,17.711301472883505,0.19201872986050905,0.6834183969890784,305e9c42,-0.049277617990798994,550.2,0.4,41.4
0.26301277649065263,0.3474761030765536,U8,VT8020,14.710729809001766,4.677249961184761,CPG,CPG,0.942,0.967,0.12671987305617505,0.4361505805153724,0.20107868601914894,-1.063875662243389,16.693054323213207,17.711301472883505,0.19201872986050905,0.6834183969890784,305e9c42,-0.049277617990798994,550.2,0.4,41.4
0.27447434224388756,0.3450619443309378,U8,MN8014,13.724617578823961,4.5940572600117155,CPG,SSPG,0.935,0.957,0.12019982475213892,0.4287224168944984,0.21616614300620557,-0.9240191765645933,15.487133933091503,16.197053140636402,0.22869472459274617,0.6698530741224119,4243fdb4,-0.5529197948832731,559.0,0.1,39.3
0.27447434224388756,0.3450619443309378,U8,MN8014,13.724617578823961,4.5940572600117155,CPG,SSPG,0.935,0.957,0.12019982475213892,0.4287224168944984,0.21616614300620557,-0.9240191765645933,16.055221483044726,16.197053140636402,0.22869472459274617,0.6698530741224119,4243fdb4,-0.5529197948832731,559.0,0.1,39.3
0.27447434224388756,0.3450619443309378,U8,MN8014,13.724617578823961,4.5940572600117155,CPG,SSPG,0.935,0.957,0.12019982475213892,0.4287224168944984,0.21616614300620557,-0.9240191765645933,16.178925163564337,16.197053140636402,0.22869472459274617,0.6698530741224119,4243fdb4,-0.5529197948832731,559.0,0.1,39.3
0.27447434224388756,0.3450619443309378,U8,MN8014,13.724617578823961,4.5940572600117155,CPG,SSPG,0.935,0.957,0.12019982475213892,0.4287224168944984,0.21616614300620557,-0.9240191765645933,14.868740292572575,16.197053140636402,0.22869472459274617,0.6698530741224119,4243fdb4,-0.5529197948832731,559.0,0.1,39.3
0.27447434224388756,0.3450619443309378,U8,MN8014,13.724617578823961,4.5940572600117155,CPG,SSPG,0.935,0.957,0.12019982475213892,0.4287224168944984,0.21616614300620557,-0.9240191765645933,14.891594908537371,16.197053140636402,0.22869472459274617,0.6698530741224119,4243fdb4,-0.5529197948832731,559.0,0.1,39.3
0.2727573533081565,0.3488854843868947,U8,MN8014,14.319928586678243,4.070497828230166,CPG,SSPG,0.934,0.964,0.11825129593204985,0.4325703688237289,0.20777123171796524,-0.8882092281607687,16.021805407681903,17.23397486403108,0.25281720650263956,0.6954044415611446,d1e4cb94,-0.3921217668457153,535.6,0.3,38.6
0.2727573533081565,0.3488854843868947,U8,MN8014,14.319928586678243,4.070497828230166,CPG,SSPG,0.934,0.964,0.11825129593204985,0.4325703688237289,0.20777123171796524,-0.8882092281607687,15.95545871752783,17.23397486403108,0.25281720650263956,0.6954044415611446,d1e4cb94,-0.3921217668457153,535.6,0.3,38.6
0.2727573533081565,0.3488854843868947,U8,MN8014,14.319928586678243,4.070497828230166,CPG,SSPG,0.934,0.964,0.11825129593204985,0.4325703688237289,0.20777123171796524,-0.8882092281607687,15.883256174484714,17.23397486403108,0.25281720650263956,0.6954044415611446,d1e4cb94,-0.3921217668457153,535.6,0.3,38.6
0.2727573533081565,0.3488854843868947,U8,MN8014,14.319928586678243,4.070497828230166,CPG,SSPG,0.934,0.964,0.11825129593204985,0.4325703688237289,0.20777123171796524,-0.8882092281607687,15.355938290939733,17.23397486403108,0.25281720650263956,0.6954044415611446,d1e4cb94,-0.3921217668457153,535.6,0.3,38.6
0.2727573533081565,0.3488854843868947,U8,MN8014,14.319928586678243,4.070497828230166,CPG,SSPG,0.934,0.964,0.11825129593204985,0.4325703688237289,0.20777123171796524,-0.8882092281607687,15.284802023087392,17.23397486403108,0.25281720650263956,0.6954044415611446,d1e4cb94,-0.3921217668457153,535.6,0.3,38.6
0.2820206561820526,0.34906776508758564,U8,MN8014,13.86777074922104,4.378643321343503,CPG,SSPG,0.94,0.956,0.12653530113312478,0.424899534794393,0.3245888691093618,-1.0700233690638523,12.488061327609426,9.669561535681519,0.04256126729939429,0.2801541429901317,5523302b,1.0253975342814434,603.5,0.0,38.3
0.2820206561820526,0.34906776508758564,U8,MN8014,13.86777074922104,4.378643321343503,CPG,SSPG,0.94,0.956,0.12653530113312478,0.424899534794393,0.3245888691093618,-1.0700233690638523,12.475200842544206,9.669561535681519,0.04256126729939429,0.2801541429901317,5523302b,1.0253975342814434,603.5,0.0,38.3
0.2820206561820526,0.34906776508758564,U8,MN8014,13.86777074922104,4.378643321343503,CPG,SSPG,0.94,0.956,0.12653530113312478,0.424899534794393,0.3245888691093618,-1.0700233690638523,12.449954891399646,9.669561535681519,0.04256126729939429,0.2801541429901317,5523302b,1.0253975342814434,603.5,0.0,38.3
0.2820206561820526,0.34906776508758564,U8,MN8014,13.86777074922104,4.378643321343503,CPG,SSPG,0.94,0.956,0.12653530113312478,0.424899534794393,0.3245888691093618,-1.0700233690638523,12.53281472045139,9.669561535681519,0.04256126729939429,0.2801541429901317,5523302b,1.0253975342814434,603.5,0.0,38.3
0.2820206561820526,0.34906776508758564,U8,MN8014,13.86777074922104,4.378643321343503,CPG,SSPG,0.94,0.956,0.12653530113312478,0.424899534794393,0.3245888691093618,-1.0700233690638523,12.473082069910742,9.669561535681519,0.04256126729939429,0.2801541429901317,5523302b,1.0253975342814434,603.5,0.0,38.3
0.2701654146581577,0.3476466982808304,U8,MN8014,13.851959444990685,4.072690929864831,CPG,SSPG,0.94,0.964,0.12231974138239546,0.45514662210443635,0.2793012822921109,-1.118686280199646,17.025342293756665,15.312944448224162,0.14911735095388395,0.6266487402839327,51f568ae,-0.4475673902922921,644.9,0.2,40.9
0.2701654146581577,0.3476466982808304,U8,MN8014,13.851959444990685,4.072690929864831,CPG,SSPG,0.94,0.964,0.12231974138239546,0.45514662210443635,0.2793012822921109,-1.118686280199646,16.529600953203026,15.312944448224162,0.14911735095388395,0.6266487402839327,51f568ae,-0.4475673902922921,644.9,0.2,40.9
0.2701654146581577,0.3476466982808304,U8,MN8014,13.851959444990685,4.072690929864831,CPG,SSPG,0.94,0.964,0.12231974138239546,0.45514662210443635,0.2793012822921109,-1.118686280199646,17.322924185991024,15.312944448224162,0.14911735095388395,0.6266487402839327,51f568ae,-0.4475673902922921,644.9,0.2,40.9
0.2701654146581577,0.3476466982808304,U8,MN8014,13.851959444990685,4.072690929864831,CPG,SSPG,0.94,0.964,0.12231974138239546,0.45514662210443635,0.2793012822921109,-1.118686280199646,17.5593605059182,15.312944448224162,0.14911735095388395,0.6266487402839327,51f568ae,-0.4475673902922921,644.9,0.2,40.9
0.2701654146581577,0.3476466982808304,U8,MN8014,13.851959444990685,4.072690929864831,CPG,SSPG,0.94,0.964,0.12231974138239546,0.45514662210443635,0.2793012822921109,-1.118686280199646,16.63631846500617,15.312944448224162,0.14911735095388395,0.6266487402839327,51f568ae,-0.4475673902922921,644.9,0.2,40.9
0.27396767249113585,0.34985101456450896,U8,MN8014,13.371587983333743,4.190383555813436,CPG,SSPG,0.943,0.954,0.1183106927145573,0.4278691116821819,0.23519172459511314,-1.04984030238132,14.40883206136165,14.770998613189054,0.1554098495932311,0.618820322642641,e2d8cd34,-0.5941611801399862,561.3,0.0,40.0
0.27396767249113585,0.34985101456450896,U8,MN8014,13.371587983333743,4.190383555813436,CPG,SSPG,0.943,0.954,0.1183106927145573,0.4278691116821819,0.23519172459511314,-1.04984030238132,14.672993846726627,14.770998613189054,0.1554098495932311,0.618820322642641,e2d8cd34,-0.5941611801399862,561.3,0.0,40.0
0.27396767249113585,0.34985101456450896,U8,MN8014,13.371587983333743,4.190383555813436,CPG,SSPG,0.943,0.954,0.1183106927145573,0.4278691116821819,0.23519172459511314,-1.04984030238132,16.26683894071359,14.770998613189054,0.1554098495932311,0.618820322642641,e2d8cd34,-0.5941611801399862,561.3,0.0,40.0
0.27396767249113585,0.34985101456450896,U8,MN8014,13.371587983333743,4.190383555813436,CPG,SSPG,0.943,0.954,0.1183106927145573,0.4278691116821819,0.23519172459511314,-1.04984030238132,16.188412509925154,14.770998613189054,0.1554098495932311,0.618820322642641,e2d8cd34,-0.5941611801399862,561.3,0.0,40.0
0.27396767249113585,0.34985101456450896,U8,MN8014,13.371587983333743,4.190383555813436,CPG,SSPG,0.943,0.954,0.1183106927145573,0.4278691116821819,0.23519172459511314,-1.04984030238132,16.275815380484975,14.770998613189054,0.1554098495932311,0.618820322642641,e2d8cd34,-0.5941611801399862,561.3,0.0,40.0
0.276578000975667,0.349730821421602,U8,MN8014,15.254884459008506,4.011305960187469,CPG,SSPG,0.941,0.962,0.12307657980896594,0.43603154384030085,0.20087807463114699,-1.115499429689021,18.161372375419635,17.892833313606705,0.2051167164968832,0.7440297071077183,2b9c1038,-0.6565988920795043,549.2,0.8,42.1
0.276578000975667,0.349730821421602,U8,MN8014,15.254884459008506,4.011305960187469,CPG,SSPG,0.941,0.962,0.12307657980896594,0.43603154384030085,0.20087807463114699,-1.115499429689021,17.995691076451774,17.892833313606705,0.2051167164968832,0.7440297071077183,2b9c1038,-0.6565988920795043,549.2,0.8,42.1
0.276578000975667,0.349730821421602,U8,MN8014,15.254884459008506,4.011305960187469,CPG,SSPG,0.941,0.962,0.12307657980896594,0.43603154384030085,0.20087807463114699,-1.115499429689021,17.483328813920455,17.892833313606705,0.2051167164968832,0.7440297071077183,2b9c1038,-0.6565988920795043,549.2,0.8,42.1
0.276578000975667,0.349730821421602,U8,MN8014,15.254884459008506,4.011305960187469,CPG,SSPG,0.941,0.962,0.12307657980896594,0.43603154384030085,0.20087807463114699,-1.115499429689021,17.536677174972642,17.892833313606705,0.2051167164968832,0.7440297071077183,2b9c1038,-0.6565988920795043,549.2,0.8,42.1
0.276578000975667,0.349730821421602,U8,MN8014,15.254884459008506,4.011305960187469,CPG,SSPG,0.941,0.962,0.12307657980896594,0.43603154384030085,0.20087807463114699,-1.115499429689021,18.461669565304025,17.892833313606705,0.2051167164968832,0.7440297071077183,2b9c1038,-0.6565988920795043,549.2,0.8,42.1
0.24292749733024513,0.3476919487427635,U8,MN8014,14.455732826216549,4.097596735553927,CPG,SSPG,0.939,0.964,0.11764824018997083,0.4257097435298568,0.20379013056376338,-1.1267415394560558,16.59206930731316,18.004214375532776,0.2131952762097455,0.7582192240077765,b64e3f13,-0.7688808907982478,650.0,0.5,43.3
0.24292749733024513,0.3476919487427635,U8,MN8014,14.455732826216549,4.097596735553927,CPG,SSPG,0.939,0.964,0.11764824018997083,0.4257097435298568,0.20379013056376338,-1.1267415394560558,17.91764000300137,18.004214375532776,0.2131952762097455,0.7582192240077765,b64e3f13,-0.7688808907982478,650.0,0.5,43.3
0.24292749733024513,0.3476919487427635,U8,MN8014,14.455732826216549,4.097596735553927,CPG,SSPG,0.939,0.964,0.11764824018997083,0.4257097435298568,0.20379013056376338,-1.1267415394560558,18.55264664196665,18.004214375532776,0.2131952762097455,0.7582192240077765,b64e3f13,-0.7688808907982478,650.0,0.5,43.3
0.24292749733024513,0.3476919487427635,U8,MN8014,14.455732826216549,4.097596735553927,CPG,SSPG,0.939,0.964,0.11764824018997083,0.4257097435298568,0.20379013056376338,-1.1267415394560558,19.34535299458433,18.004214375532776,0.2131952762097455,0.7582192240077765,b64e3f13,-0.7688808907982478,650.0,0.5,43.3
0.24292749733024513,0.3476919487427635,U8,MN8014,14.455732826216549,4.097596735553927,CPG,SSPG,0.939,0.964,0.11764824018997083,0.4257097435298568,0.20379013056376338,-1.1267415394560558,19.153689104367203,18.004214375532776,0.2131952762097455,0.7582192240077765,b64e3f13,-0.7688808907982478,650.0,0.5,43.3
0.2657675846093285,0.34951360783196805,U8,MN8014,13.363030434623177,4.021332785080282,CPG,SSPG,0.943,0.962,0.12095876896544507,0.4401150935814355,0.20054072522659117,-1.0049655918528253,14.002589786867318,15.922914809152102,0.22096141209135245,0.6598634437879259,4e522077,-0.5588179546704604,549.0,0.8,41.0
0.2657675846093285,0.34951360783196805,U8,MN8014,13.363030434623177,4.021332785080282,CPG,SSPG,0.943,0.962,0.12095876896544507,0.4401150935814355,0.20054072522659117,-1.0049655918528253,15.605683009492376,15.922914809152102,0.22096141209135245,0.6598634437879259,4e522077,-0.5588179546704604,549.0,0.8,41.0
0.2657675846093285,0.34951360783196805,U8,MN8014,13.363030434623177,4.021332785080282,CPG,SSPG,0.943,0.962,0.12095876896544507,0.4401150935814355,0.20054072522659117,-1.0049655918528253,16.111231374878326,15.922914809152102,0.22096141209135245,0.6598634437879259,4e522077,-0.5588179546704604,549.0,0.8,41.0
0.2657675846093285,0.34951360783196805,U8,MN8014,13.363030434623177,4.021332785080282,CPG,SSPG,0.943,0.962,0.12095876896544507,0.4401150935814355,0.20054072522659117,-1.0049655918528253,15.75420873264423,15.922914809152102,0.22096141209135245,0.6598634437879259,4e522077,-0.5588179546704604,549.0,0.8,41.0
0.2657675846093285,0.34951360783196805,U8,MN8014,13.363030434623177,4.021332785080282,CPG,SSPG,0.943,0.962,0.12095876896544507,0.4401150935814355,0.20054072522659117,-1.0049655918528253,15.481897664758083,15.922914809152102,0.22096141209135245,0.6598634437879259,4e522077,-0.5588179546704604,549.0,0.8,41.0
0.2732556039478707,0.349814766244953,U8,MN8014,13.236414855151615,4.068502270327438,CPG,SSPG,0.947,0.964,0.11838586749032112,0.440227890568746,0.20499437848271837,-1.1352000790201096,13.70389199485102,15.652988638475811,0.2185367165064071,0.6407689786544305,1b760359,-0.4598230855875354,587.7,0.0,39.8
0.2732556039478707,0.349814766244953,U8,MN8014,13.236414855151615,4.068502270327438,CPG,SSPG,0.947,0.964,0.11838586749032112,0.440227890568746,0.20499437848271837,-1.1352000790201096,14.260593065160045,15.652988638475811,0.2185367165064071,0.6407689786544305,1b760359,-0.4598230855875354,587.7,0.0,39.8
0.2732556039478707,0.349814766244953,U8,MN8014,13.236414855151615,4.068502270327438,CPG,SSPG,0.947,0.964,0.11838586749032112,0.440227890568746,0.20499437848271837,-1.1352000790201096,14.7700874926286,15.652988638475811,0.2185367165064071,0.6407689786544305,1b760359,-0.4598230855875354,587.7,0.0,39.8
0.2732556039478707,0.349814766244953,U8,MN8014,13.236414855151615,4.068502270327438,CPG,SSPG,0.947,0.964,0.11838586749032112,0.440227890568746,0.20499437848271837,-1.1352000790201096,14.834656537521278,15.652988638475811,0.2185367165064071,0.6407689786544305,1b760359,-0.4598230855875354,587.7,0.0,39.8
0.2732556039478707,0.349814766244953,U8,MN8014,13.236414855151615,4.068502270327438,CPG,SSPG,0.947,0.964,0.11838586749032112,0.440227890568746,0.20499437848271837,-1.1352000790201096,14.981520406293402,15.652988638475811,0.2185367165064071,0.6407689786544305,1b760359,-0.4598230855875354,587.7,0.0,39.8
0.2858569427975378,0.3499429197699269,U8,MN8014,14.628022035649808,4.000079040087544,CPG,SSPG,0.944,0.962,0.11728027227396472,0.42900459099367527,0.20225975375313715,-1.143717836830135,14.697723292465708,17.397152408922125,0.23584545730012407,0.7151077008287358,0a9f12b0,-0.5443380348448308,604.7,0.1,41.2
0.2858569427975378,0.3499429197699269,U8,MN8014,14.628022035649808,4.000079040087544,CPG,SSPG,0.944,0.962,0.11728027227396472,0.42900459099367527,0.20225975375313715,-1.143717836830135,14.761886221438546,17.397152408922125,0.23584545730012407,0.7151077008287358,0a9f12b0,-0.5443380348448308,604.7,0.1,41.2
0.2858569427975378,0.3499429197699269,U8,MN8014,14.628022035649808,4.000079040087544,CPG,SSPG,0.944,0.962,0.11728027227396472,0.42900459099367527,0.20225975375313715,-1.143717836830135,16.16515090606518,17.397152408922125,0.23584545730012407,0.7151077008287358,0a9f12b0,-0.5443380348448308,604.7,0.1,41.2
0.2858569427975378,0.3499429197699269,U8,MN8014,14.628022035649808,4.000079040087544,CPG,SSPG,0.944,0.962,0.11728027227396472,0.42900459099367527,0.20225975375313715,-1.143717836830135,16.273114450895314,17.397152408922125,0.23584545730012407,0.7151077008287358,0a9f12b0,-0.5443380348448308,604.7,0.1,41.2
0.2858569427975378,0.3499429197699269,U8,MN8014,14.628022035649808,4.000079040087544,CPG,SSPG,0.944,0.962,0.11728027227396472,0.42900459099367527,0.20225975375313715,-1.143717836830135,17.09700620759361,17.397152408922125,0.23584545730012407,0.7151077008287358,0a9f12b0,-0.5443380348448308,604.7,0.1,41.2
0.26248096940283205,0.34964130360135504,U8,MN8014,14.70080635664452,4.16283826848501,CPG,SSPG,0.942,0.954,0.12398790297252926,0.4131829490852062,0.2687798011832241,-1.2080104985083595,9.867297727852293,12.540627221466373,0.06645344699901393,0.40840923486908476,1500e0ce,0.8196467635175546,582.8,0.5,41.8
0.26248096940283205,0.34964130360135504,U8,MN8014,14.70080635664452,4.16283826848501,CPG,SSPG,0.942,0.954,0.12398790297252926,0.4131829490852062,0.2687798011832241,-1.2080104985083595,9.880900806674637,12.540627221466373,0.06645344699901393,0.40840923486908476,1500e0ce,0.8196467635175546,582.8,0.5,41.8
0.26248096940283205,0.34964130360135504,U8,MN8014,14.70080635664452,4.16283826848501,CPG,SSPG,0.942,0.954,0.12398790297252926,0.4131829490852062,0.2687798011832241,-1.2080104985083595,11.18769340131106,12.540627221466373,0.06645344699901393,0.40840923486908476,1500e0ce,0.8196467635175546,582.8,0.5,41.8
0.26248096940283205,0.34964130360135504,U8,MN8014,14.70080635664452,4.16283826848501,CPG,SSPG,0.942,0.954,0.12398790297252926,0.4131829490852062,0.2687798011832241,-1.2080104985083595,16.48249256647238,12.540627221466373,0.06645344699901393,0.40840923486908476,1500e0ce,0.8196467635175546,582.8,0.5,41.8
0.26248096940283205,0.34964130360135504,U8,MN8014,14.70080635664452,4.16283826848501,CPG,SSPG,0.942,0.954,0.12398790297252926,0.4131829490852062,0.2687798011832241,-1.2080104985083595,16.244286380991745,12.540627221466373,0.06645344699901393,0.40840923486908476,1500e0ce,0.8196467635175546,582.8,0.5,41.8
0.24047866956278957,0.3481981847839145,U8,MN8014,13.379060392975642,4.0016251273596595,CPG,SSPG,0.943,0.962,0.12596676667193937,0.42430035510405784,0.3012823718772204,-1.1005741029318683,9.530765365620198,11.64918153355958,0.06110571759862352,0.3842206130366297,dbba1aa4,0.7065607819281521,656.8,0.4,45.1
0.24047866956278957,0.3481981847839145,U8,MN8014,13.379060392975642,4.0016251273596595,CPG,SSPG,0.943,0.962,0.12596676667193937,0.42430035510405784,0.3012823718772204,-1.1005741029318683,9.617046231997112,11.64918153355958,0.06110571759862352,0.3842206130366297,dbba1aa4,0.7065607819281521,656.8,0.4,45.1
0.24047866956278957,0.3481981847839145,U8,MN8014,13.379060392975642,4.0016251273596595,CPG,SSPG,0.943,0.962,0.12596676667193937,0.42430035510405784,0.3012823718772204,-1.1005741029318683,9.478464743425741,11.64918153355958,0.06110571759862352,0.3842206130366297,dbba1aa4,0.7065607819281521,656.8,0.4,45.1
0.24047866956278957,0.3481981847839145,U8,MN8014,13.379060392975642,4.0016251273596595,CPG,SSPG,0.943,0.962,0.12596676667193937,0.42430035510405784,0.3012823718772204,-1.1005741029318683,15.02781739643955,11.64918153355958,0.06110571759862352,0.3842206130366297,dbba1aa4,0.7065607819281521,656.8,0.4,45.1
0.24047866956278957,0.3481981847839145,U8,MN8014,13.379060392975642,4.0016251273596595,CPG,SSPG,0.943,0.962,0.12596676667193937,0.42430035510405784,0.3012823718772204,-1.1005741029318683,15.382408763823681,11.64918153355958,0.06110571759862352,0.3842206130366297,dbba1aa4,0.7065607819281521,656.8,0.4,45.1
0.2571951574606859,0.3447921180419697,U8,MN8014,15.329040424949307,4.092929490427069,CPG,SSPG,0.941,0.964,0.11595027982102743,0.41056303663402927,0.22811696715956428,-1.0681970243443595,19.49663291551326,18.46385509040777,0.18822330223586595,0.7687875321540409,d4747757,-0.6890233586894379,689.3,0.6,44.6
0.2571951574606859,0.3447921180419697,U8,MN8014,15.329040424949307,4.092929490427069,CPG,SSPG,0.941,0.964,0.11595027982102743,0.41056303663402927,0.22811696715956428,-1.0681970243443595,20.25661260719559,18.46385509040777,0.18822330223586595,0.7687875321540409,d4747757,-0.6890233586894379,689.3,0.6,44.6
0.2571951574606859,0.3447921180419697,U8,MN8014,15.329040424949307,4.092929490427069,CPG,SSPG,0.941,0.964,0.11595027982102743,0.41056303663402927,0.22811696715956428,-1.0681970243443595,20.210524931611516,18.46385509040777,0.18822330223586595,0.7687875321540409,d4747757,-0.6890233586894379,689.3,0.6,44.6
0.2571951574606859,0.3447921180419697,U8,MN8014,15.329040424949307,4.092929490427069,CPG,SSPG,0.941,0.964,0.11595027982102743,0.41056303663402927,0.22811696715956428,-1.0681970243443595,20.211411691511987,18.46385509040777,0.18822330223586595,0.7687875321540409,d4747757,-0.6890233586894379,689.3,0.6,44.6
0.2571951574606859,0.3447921180419697,U8,MN8014,15.329040424949307,4.092929490427069,CPG,SSPG,0.941,0.964,0.11595027982102743,0.41056303663402927,0.22811696715956428,-1.0681970243443595,20.1218634712251,18.46385509040777,0.18822330223586595,0.7687875321540409,d4747757,-0.6890233586894379,689.3,0.6,44.6
0.2692176246746826,0.3466994215921192,U8,MN8014,15.830404783553869,4.005473292821396,CPG,SSPG,0.939,0.962,0.11785804305670723,0.42750777740600676,0.22627668210835122,-1.024074115373474,19.88545450416281,18.6773085851208,0.1894685047660822,0.7714323899116142,24b58f71,-0.6263216682932118,580.8,0.9,43.7
0.2692176246746826,0.3466994215921192,U8,MN8014,15.830404783553869,4.005473292821396,CPG,SSPG,0.939,0.962,0.11785804305670723,0.42750777740600676,0.22627668210835122,-1.024074115373474,19.78634826290203,18.6773085851208,0.1894685047660822,0.7714323899116142,24b58f71,-0.6263216682932118,580.8,0.9,43.7
0.2692176246746826,0.3466994215921192,U8,MN8014,15.830404783553869,4.005473292821396,CPG,SSPG,0.939,0.962,0.11785804305670723,0.42750777740600676,0.22627668210835122,-1.024074115373474,19.72880069958747,18.6773085851208,0.1894685047660822,0.7714323899116142,24b58f71,-0.6263216682932118,580.8,0.9,43.7
0.2692176246746826,0.3466994215921192,U8,MN8014,15.830404783553869,4.005473292821396,CPG,SSPG,0.939,0.962,0.11785804305670723,0.42750777740600676,0.22627668210835122,-1.024074115373474,19.856898002024234,18.6773085851208,0.1894685047660822,0.7714323899116142,24b58f71,-0.6263216682932118,580.8,0.9,43.7
0.2692176246746826,0.3466994215921192,U8,MN8014,15.830404783553869,4.005473292821396,CPG,SSPG,0.939,0.962,0.11785804305670723,0.42750777740600676,0.22627668210835122,-1.024074115373474,19.797365093190912,18.6773085851208,0.1894685047660822,0.7714323899116142,24b58f71,-0.6263216682932118,580.8,0.9,43.7
0.2602188597863749,0.34911612450272833,U8,MN8014,13.445622532426048,4.00589721818782,CPG,SSPG,0.943,0.962,0.12087769338580479,0.444008670735912,0.20801001121542959,-1.1778545488357546,16.92828175027074,15.761516607921404,0.19928863837532235,0.6654947875786763,14c3b1b0,-0.6926120734291308,653.2,0.5,45.2
0.2602188597863749,0.34911612450272833,U8,MN8014,13.445622532426048,4.00589721818782,CPG,SSPG,0.943,0.962,0.12087769338580479,0.444008670735912,0.20801001121542959,-1.1778545488357546,16.824106138993383,15.761516607921404,0.19928863837532235,0.6654947875786763,14c3b1b0,-0.6926120734291308,653.2,0.5,45.2
0.2602188597863749,0.34911612450272833,U8,MN8014,13.445622532426048,4.00589721818782,CPG,SSPG,0.943,0.962,0.12087769338580479,0.444008670735912,0.20801001121542959,-1.1778545488357546,16.794345801066115,15.761516607921404,0.19928863837532235,0.6654947875786763,14c3b1b0,-0.6926120734291308,653.2,0.5,45.2
0.2602188597863749,0.34911612450272833,U8,MN8014,13.445622532426048,4.00589721818782,CPG,SSPG,0.943,0.962,0.12087769338580479,0.444008670735912,0.20801001121542959,-1.1778545488357546,16.47652115884772,15.761516607921404,0.19928863837532235,0.6654947875786763,14c3b1b0,-0.6926120734291308,653.2,0.5,45.2
0.2602188597863749,0.34911612450272833,U8,MN8014,13.445622532426048,4.00589721818782,CPG,SSPG,0.943,0.962,0.12087769338580479,0.444008670735912,0.20801001121542959,-1.1778545488357546,16.862932250256105,15.761516607921404,0.19928863837532235,0.6654947875786763,14c3b1b0,-0.6926120734291308,653.2,0.5,45.2
0.2614387320212638,0.34013663798125704,U8,MN8014,15.407581355613669,4.016602378202907,CPG,SSPG,0.941,0.962,0.11336549126602898,0.4202390445005893,0.20379288640172294,-1.0504036602594637,19.654142704263187,19.21484389526138,0.23546022934922575,0.7998712532972367,8544affe,-0.7149482140916685,605.5,0.6,41.0
0.2614387320212638,0.34013663798125704,U8,MN8014,15.407581355613669,4.016602378202907,CPG,SSPG,0.941,0.962,0.11336549126602898,0.4202390445005893,0.20379288640172294,-1.0504036602594637,20.12406618153339,19.21484389526138,0.23546022934922575,0.7998712532972367,8544affe,-0.7149482140916685,605.5,0.6,41.0
0.2614387320212638,0.34013663798125704,U8,MN8014,15.407581355613669,4.016602378202907,CPG,SSPG,0.941,0.962,0.11336549126602898,0.4202390445005893,0.20379288640172294,-1.0504036602594637,18.58579459854973,19.21484389526138,0.23546022934922575,0.7998712532972367,8544affe,-0.7149482140916685,605.5,0.6,41.0
0.2614387320212638,0.34013663798125704,U8,MN8014,15.407581355613669,4.016602378202907,CPG,SSPG,0.941,0.962,0.11336549126602898,0.4202390445005893,0.20379288640172294,-1.0504036602594637,19.32258531089591,19.21484389526138,0.23546022934922575,0.7998712532972367,8544affe,-0.7149482140916685,605.5,0.6,41.0
0.2614387320212638,0.34013663798125704,U8,MN8014,15.407581355613669,4.016602378202907,CPG,SSPG,0.941,0.962,0.11336549126602898,0.4202390445005893,0.20379288640172294,-1.0504036602594637,19.17657359438012,19.21484389526138,0.23546022934922575,0.7998712532972367,8544affe,-0.7149482140916685,605.5,0.6,41.0
0.27131120315413165,0.3498360464843353,U8,MN8014,14.407119969188603,4.058734318567581,CPG,SSPG,0.941,0.964,0.11344426831131106,0.4429465858163147,0.2024609002741718,-1.0334385566169526,15.86381676464554,17.305173489548544,0.2560461369458794,0.6851847603956274,476ae391,-0.2455361045274591,610.3,0.1,42.8
0.27131120315413165,0.3498360464843353,U8,MN8014,14.407119969188603,4.058734318567581,CPG,SSPG,0.941,0.964,0.11344426831131106,0.4429465858163147,0.2024609002741718,-1.0334385566169526,15.948153346909404,17.305173489548544,0.2560461369458794,0.6851847603956274,476ae391,-0.2455361045274591,610.3,0.1,42.8
0.27131120315413165,0.3498360464843353,U8,MN8014,14.407119969188603,4.058734318567581,CPG,SSPG,0.941,0.964,0.11344426831131106,0.4429465858163147,0.2024609002741718,-1.0334385566169526,15.967913752049814,17.305173489548544,0.2560461369458794,0.6851847603956274,476ae391,-0.2455361045274591,610.3,0.1,42.8
0.27131120315413165,0.3498360464843353,U8,MN8014,14.407119969188603,4.058734318567581,CPG,SSPG,0.941,0.964,0.11344426831131106,0.4429465858163147,0.2024609002741718,-1.0334385566169526,15.913095279385272,17.305173489548544,0.2560461369458794,0.6851847603956274,476ae391,-0.2455361045274591,610.3,0.1,42.8
0.27131120315413165,0.3498360464843353,U8,MN8014,14.407119969188603,4.058734318567581,CPG,SSPG,0.941,0.964,0.11344426831131106,0.4429465858163147,0.2024609002741718,-1.0334385566169526,15.961882970276603,17.305173489548544,0.2560461369458794,0.6851847603956274,476ae391,-0.2455361045274591,610.3,0.1,42.8
0.2664599993811973,0.34833553633079295,U8,MN8014,13.652138900894169,4.001360149581269,CPG,SSPG,0.935,0.962,0.1142433654227293,0.4187923715570571,0.203140171112965,-1.1435056612912615,16.041073478772557,16.699414359154385,0.2405300434470355,0.6941869946016038,557591de,-0.6103451154746402,685.6,0.2,42.2
0.2664599993811973,0.34833553633079295,U8,MN8014,13.652138900894169,4.001360149581269,CPG,SSPG,0.935,0.962,0.1142433654227293,0.4187923715570571,0.203140171112965,-1.1435056612912615,15.958866120416372,16.699414359154385,0.2405300434470355,0.6941869946016038,557591de,-0.6103451154746402,685.6,0.2,42.2
0.2664599993811973,0.34833553633079295,U8,MN8014,13.652138900894169,4.001360149581269,CPG,SSPG,0.935,0.962,0.1142433654227293,0.4187923715570571,0.203140171112965,-1.1435056612912615,15.91003184707324,16.699414359154385,0.2405300434470355,0.6941869946016038,557591de,-0.6103451154746402,685.6,0.2,42.2
0.2664599993811973,0.34833553633079295,U8,MN8014,13.652138900894169,4.001360149581269,CPG,SSPG,0.935,0.962,0.1142433654227293,0.4187923715570571,0.203140171112965,-1.1435056612912615,15.72375867133337,16.699414359154385,0.2405300434470355,0.6941869946016038,557591de,-0.6103451154746402,685.6,0.2,42.2
0.2664599993811973,0.34833553633079295,U8,MN8014,13.652138900894169,4.001360149581269,CPG,SSPG,0.935,0.962,0.1142433654227293,0.4187923715570571,0.203140171112965,-1.1435056612912615,15.966304682500564,16.699414359154385,0.2405300434470355,0.6941869946016038,557591de,-0.6103451154746402,685.6,0.2,42.2
0.26538984496121015,0.3432407825799503,U8,MN8014,14.186173721175539,4.001551506275961,CPG,SSPG,0.943,0.962,0.11637869221590248,0.4238197838109019,0.25017485288330416,-1.0804955109863217,19.04523909351124,15.859706905520287,0.15212647306642632,0.6583889693266762,a9602143,-0.5695600609192502,616.1,0.4,40.1
0.26538984496121015,0.3432407825799503,U8,MN8014,14.186173721175539,4.001551506275961,CPG,SSPG,0.943,0.962,0.11637869221590248,0.4238197838109019,0.25017485288330416,-1.0804955109863217,18.97783320575596,15.859706905520287,0.15212647306642632,0.6583889693266762,a9602143,-0.5695600609192502,616.1,0.4,40.1
0.26538984496121015,0.3432407825799503,U8,MN8014,14.186173721175539,4.001551506275961,CPG,SSPG,0.943,0.962,0.11637869221590248,0.4238197838109019,0.25017485288330416,-1.0804955109863217,18.747342074696235,15.859706905520287,0.15212647306642632,0.6583889693266762,a9602143,-0.5695600609192502,616.1,0.4,40.1
0.26538984496121015,0.3432407825799503,U8,MN8014,14.186173721175539,4.001551506275961,CPG,SSPG,0.943,0.962,0.11637869221590248,0.4238197838109019,0.25017485288330416,-1.0804955109863217,18.475045243577387,15.859706905520287,0.15212647306642632,0.6583889693266762,a9602143,-0.5695600609192502,616.1,0.4,40.1
0.26538984496121015,0.3432407825799503,U8,MN8014,14.186173721175539,4.001551506275961,CPG,SSPG,0.943,0.962,0.11637869221590248,0.4238197838109019,0.25017485288330416,-1.0804955109863217,18.36654487145507,15.859706905520287,0.15212647306642632,0.6583889693266762,a9602143,-0.5695600609192502,616.1,0.4,40.1
0.26810545764431065,0.3491328181705326,U8,MN8014,16.212369104218354,4.00017511464762,WPG,SSPG,0.893,0.962,0.12365007265021262,0.4242243052704673,0.23753587757322833,-1.3700659707730878,21.06600089495806,17.73607640376185,0.1612955281380534,0.7306268573259231,24690d69,-0.5729153795613042,632.1,0.1,37.0
0.26810545764431065,0.3491328181705326,U8,MN8014,16.212369104218354,4.00017511464762,WPG,SSPG,0.893,0.962,0.12365007265021262,0.4242243052704673,0.23753587757322833,-1.3700659707730878,20.955225009672855,17.73607640376185,0.1612955281380534,0.7306268573259231,24690d69,-0.5729153795613042,632.1,0.1,37.0
0.26810545764431065,0.3491328181705326,U8,MN8014,16.212369104218354,4.00017511464762,WPG,SSPG,0.893,0.962,0.12365007265021262,0.4242243052704673,0.23753587757322833,-1.3700659707730878,19.99824552940575,17.73607640376185,0.1612955281380534,0.7306268573259231,24690d69,-0.5729153795613042,632.1,0.1,37.0
0.26810545764431065,0.3491328181705326,U8,MN8014,16.212369104218354,4.00017511464762,WPG,SSPG,0.893,0.962,0.12365007265021262,0.4242243052704673,0.23753587757322833,-1.3700659707730878,20.61049298980764,17.73607640376185,0.1612955281380534,0.7306268573259231,24690d69,-0.5729153795613042,632.1,0.1,37.0
0.26810545764431065,0.3491328181705326,U8,MN8014,16.212369104218354,4.00017511464762,WPG,SSPG,0.893,0.962,0.12365007265021262,0.4242243052704673,0.23753587757322833,-1.3700659707730878,20.10834230232384,17.73607640376185,0.1612955281380534,0.7306268573259231,24690d69,-0.5729153795613042,632.1,0.1,37.0
0.2601224242128487,0.32711019248682105,U8,MN8014,16.83664614081507,4.243785541691276,CPG,SSPG,0.939,0.954,0.1137290079307844,0.4344711042719235,0.20451025102744944,-1.3935209551150083,21.96109761864729,19.934747906657577,0.17119709896184732,0.796390750144451,a1a7fb35,-0.36310407451670024,633.4,1.2,42.8
0.2601224242128487,0.32711019248682105,U8,MN8014,16.83664614081507,4.243785541691276,CPG,SSPG,0.939,0.954,0.1137290079307844,0.4344711042719235,0.20451025102744944,-1.3935209551150083,21.191600954764958,19.934747906657577,0.17119709896184732,0.796390750144451,a1a7fb35,-0.36310407451670024,633.4,1.2,42.8
0.2601224242128487,0.32711019248682105,U8,MN8014,16.83664614081507,4.243785541691276,CPG,SSPG,0.939,0.954,0.1137290079307844,0.4344711042719235,0.20451025102744944,-1.3935209551150083,21.370839201634475,19.934747906657577,0.17119709896184732,0.796390750144451,a1a7fb35,-0.36310407451670024,633.4,1.2,42.8
0.2601224242128487,0.32711019248682105,U8,MN8014,16.83664614081507,4.243785541691276,CPG,SSPG,0.939,0.954,0.1137290079307844,0.4344711042719235,0.20451025102744944,-1.3935209551150083,20.933557119541458,19.934747906657577,0.17119709896184732,0.796390750144451,a1a7fb35,-0.36310407451670024,633.4,1.2,42.8
0.2601224242128487,0.32711019248682105,U8,MN8014,16.83664614081507,4.243785541691276,CPG,SSPG,0.939,0.954,0.1137290079307844,0.4344711042719235,0.20451025102744944,-1.3935209551150083,21.94248774153499,19.934747906657577,0.17119709896184732,0.796390750144451,a1a7fb35,-0.36310407451670024,633.4,1.2,42.8
0.25425822521469355,0.3361342230617137,U8,MN8014,14.732644408788605,4.157569274195414,CPG,SSPG,0.942,0.954,0.10999071253029052,0.4044897160473857,0.2030133679046491,-1.1186012389557645,19.550132638526218,18.283426703302272,0.20516854853051147,0.7733442083808039,8b909d01,-0.8189117465288049,673.3,0.8,42.5
0.25425822521469355,0.3361342230617137,U8,MN8014,14.732644408788605,4.157569274195414,CPG,SSPG,0.942,0.954,0.10999071253029052,0.4044897160473857,0.2030133679046491,-1.1186012389557645,19.367216022046915,18.283426703302272,0.20516854853051147,0.7733442083808039,8b909d01,-0.8189117465288049,673.3,0.8,42.5
0.25425822521469355,0.3361342230617137,U8,MN8014,14.732644408788605,4.157569274195414,CPG,SSPG,0.942,0.954,0.10999071253029052,0.4044897160473857,0.2030133679046491,-1.1186012389557645,19.313018121883403,18.283426703302272,0.20516854853051147,0.7733442083808039,8b909d01,-0.8189117465288049,673.3,0.8,42.5
0.25425822521469355,0.3361342230617137,U8,MN8014,14.732644408788605,4.157569274195414,CPG,SSPG,0.942,0.954,0.10999071253029052,0.4044897160473857,0.2030133679046491,-1.1186012389557645,19.15042010773859,18.283426703302272,0.20516854853051147,0.7733442083808039,8b909d01,-0.8189117465288049,673.3,0.8,42.5
0.25425822521469355,0.3361342230617137,U8,MN8014,14.732644408788605,4.157569274195414,CPG,SSPG,0.942,0.954,0.10999071253029052,0.4044897160473857,0.2030133679046491,-1.1186012389557645,19.558266493342813,18.283426703302272,0.20516854853051147,0.7733442083808039,8b909d01,-0.8189117465288049,673.3,0.8,42.5
0.26733048477081933,0.3497290591929521,U8,MN8014,15.107703443228072,4.167135213825477,CPG,SSPG,0.94,0.954,0.1236380370355142,0.43383494799050343,0.2231082944325321,-0.9978069115875645,17.355185385533,18.339436434470077,0.23553117959134992,0.7628114548191499,8cd0367d,-0.6753742993374541,615.1,1.2,42.4
0.26733048477081933,0.3497290591929521,U8,MN8014,15.107703443228072,4.167135213825477,CPG,SSPG,0.94,0.954,0.1236380370355142,0.43383494799050343,0.2231082944325321,-0.9978069115875645,18.1937569940791,18.339436434470077,0.23553117959134992,0.7628114548191499,8cd0367d,-0.6753742993374541,615.1,1.2,42.4
0.26733048477081933,0.3497290591929521,U8,MN8014,15.107703443228072,4.167135213825477,CPG,SSPG,0.94,0.954,0.1236380370355142,0.43383494799050343,0.2231082944325321,-0.9978069115875645,16.86288770696754,18.339436434470077,0.23553117959134992,0.7628114548191499,8cd0367d,-0.6753742993374541,615.1,1.2,42.4
0.26733048477081933,0.3497290591929521,U8,MN8014,15.107703443228072,4.167135213825477,CPG,SSPG,0.94,0.954,0.1236380370355142,0.43383494799050343,0.2231082944325321,-0.9978069115875645,15.62535412599948,18.339436434470077,0.23553117959134992,0.7628114548191499,8cd0367d,-0.6753742993374541,615.1,1.2,42.4
0.26733048477081933,0.3497290591929521,U8,MN8014,15.107703443228072,4.167135213825477,CPG,SSPG,0.94,0.954,0.1236380370355142,0.43383494799050343,0.2231082944325321,-0.9978069115875645,18.220384834643788,18.339436434470077,0.23553117959134992,0.7628114548191499,8cd0367d,-0.6753742993374541,615.1,1.2,42.4
0.2790746188955199,0.3494756988998108,U8,MN8014,14.0848845745596,4.092203245947836,CPG,SSPG,0.945,0.964,0.1127031639552338,0.4198813449596822,0.2148179585765216,-0.7791438672539461,14.368458362615321,18.12790667953164,0.2992127176089388,0.6740627475210109,094666bc,0.23743728859518765,619.3,0.8,42.2
0.2790746188955199,0.3494756988998108,U8,MN8014,14.0848845745596,4.092203245947836,CPG,SSPG,0.945,0.964,0.1127031639552338,0.4198813449596822,0.2148179585765216,-0.7791438672539461,14.94794318528464,18.12790667953164,0.2992127176089388,0.6740627475210109,094666bc,0.23743728859518765,619.3,0.8,42.2
0.2790746188955199,0.3494756988998108,U8,MN8014,14.0848845745596,4.092203245947836,CPG,SSPG,0.945,0.964,0.1127031639552338,0.4198813449596822,0.2148179585765216,-0.7791438672539461,14.874959636012575,18.12790667953164,0.2992127176089388,0.6740627475210109,094666bc,0.23743728859518765,619.3,0.8,42.2
0.2790746188955199,0.3494756988998108,U8,MN8014,14.0848845745596,4.092203245947836,CPG,SSPG,0.945,0.964,0.1127031639552338,0.4198813449596822,0.2148179585765216,-0.7791438672539461,14.92647736750101,18.12790667953164,0.2992127176089388,0.6740627475210109,094666bc,0.23743728859518765,619.3,0.8,42.2
0.2790746188955199,0.3494756988998108,U8,MN8014,14.0848845745596,4.092203245947836,CPG,SSPG,0.945,0.964,0.1127031639552338,0.4198813449596822,0.2148179585765216,-0.7791438672539461,15.001640011346465,18.12790667953164,0.2992127176089388,0.6740627475210109,094666bc,0.23743728859518765,619.3,0.8,42.2
0.27244738409022207,0.3499976789448016,U8,MN8014,15.024366745161098,4.001767109964881,CPG,SSPG,0.943,0.962,0.10864199700269384,0.42486727733877533,0.2018767575626955,-1.0034910486448485,12.359034062201374,19.28889973607752,0.2923880512826498,0.7557735272755399,89660156,-0.183629799598652,645.2,0.2,41.9
0.27244738409022207,0.3499976789448016,U8,MN8014,15.024366745161098,4.001767109964881,CPG,SSPG,0.943,0.962,0.10864199700269384,0.42486727733877533,0.2018767575626955,-1.0034910486448485,17.001850008559572,19.28889973607752,0.2923880512826498,0.7557735272755399,89660156,-0.183629799598652,645.2,0.2,41.9
0.27244738409022207,0.3499976789448016,U8,MN8014,15.024366745161098,4.001767109964881,CPG,SSPG,0.943,0.962,0.10864199700269384,0.42486727733877533,0.2018767575626955,-1.0034910486448485,15.962735812280476,19.28889973607752,0.2923880512826498,0.7557735272755399,89660156,-0.183629799598652,645.2,0.2,41.9
0.27244738409022207,0.3499976789448016,U8,MN8014,15.024366745161098,4.001767109964881,CPG,SSPG,0.943,0.962,0.10864199700269384,0.42486727733877533,0.2018767575626955,-1.0034910486448485,16.686198787970493,19.28889973607752,0.2923880512826498,0.7557735272755399,89660156,-0.183629799598652,645.2,0.2,41.9
0.27244738409022207,0.3499976789448016,U8,MN8014,15.024366745161098,4.001767109964881,CPG,SSPG,0.943,0.962,0.10864199700269384,0.42486727733877533,0.2018767575626955,-1.0034910486448485,17.087541121576535,19.28889973607752,0.2923880512826498,0.7557735272755399,89660156,-0.183629799598652,645.2,0.2,41.9
0.26210314148753505,0.34274919051256203,U8,MN8014,15.294768217664675,4.172247061744114,CPG,SSPG,0.941,0.954,0.11293806798568093,0.4339212473749114,0.2098985903143828,-1.0157833764578772,11.543085030674806,19.43372620305895,0.2966812465437608,0.7531275797460975,1eebf2e8,-0.09082206782025892,660.8,0.8,39.4
0.26210314148753505,0.34274919051256203,U8,MN8014,15.294768217664675,4.172247061744114,CPG,SSPG,0.941,0.954,0.11293806798568093,0.4339212473749114,0.2098985903143828,-1.0157833764578772,16.731796307275033,19.43372620305895,0.2966812465437608,0.7531275797460975,1eebf2e8,-0.09082206782025892,660.8,0.8,39.4
0.26210314148753505,0.34274919051256203,U8,MN8014,15.294768217664675,4.172247061744114,CPG,SSPG,0.941,0.954,0.11293806798568093,0.4339212473749114,0.2098985903143828,-1.0157833764578772,16.773821262953355,19.43372620305895,0.2966812465437608,0.7531275797460975,1eebf2e8,-0.09082206782025892,660.8,0.8,39.4
0.26210314148753505,0.34274919051256203,U8,MN8014,15.294768217664675,4.172247061744114,CPG,SSPG,0.941,0.954,0.11293806798568093,0.4339212473749114,0.2098985903143828,-1.0157833764578772,17.071336807787457,19.43372620305895,0.2966812465437608,0.7531275797460975,1eebf2e8,-0.09082206782025892,660.8,0.8,39.4
0.26210314148753505,0.34274919051256203,U8,MN8014,15.294768217664675,4.172247061744114,CPG,SSPG,0.941,0.954,0.11293806798568093,0.4339212473749114,0.2098985903143828,-1.0157833764578772,16.92952397924505,19.43372620305895,0.2966812465437608,0.7531275797460975,1eebf2e8,-0.09082206782025892,660.8,0.8,39.4
0.27443389219790926,0.3487558879908638,U8,MN8014,14.248055191856345,4.25000835544101,CPG,CPG,0.943,0.955,0.11878374179816041,0.42584984358612005,0.25146062923757007,-1.206364016508783,16.980531952374644,15.165303828697969,0.10915188907012989,0.5575599291355582,23c283af,0.27042662886451385,597.6,0.2,41.1
0.27443389219790926,0.3487558879908638,U8,MN8014,14.248055191856345,4.25000835544101,CPG,CPG,0.943,0.955,0.11878374179816041,0.42584984358612005,0.25146062923757007,-1.206364016508783,14.548177204009955,15.165303828697969,0.10915188907012989,0.5575599291355582,23c283af,0.27042662886451385,597.6,0.2,41.1
0.27443389219790926,0.3487558879908638,U8,MN8014,14.248055191856345,4.25000835544101,CPG,CPG,0.943,0.955,0.11878374179816041,0.42584984358612005,0.25146062923757007,-1.206364016508783,17.13104322005544,15.165303828697969,0.10915188907012989,0.5575599291355582,23c283af,0.27042662886451385,597.6,0.2,41.1
0.27443389219790926,0.3487558879908638,U8,MN8014,14.248055191856345,4.25000835544101,CPG,CPG,0.943,0.955,0.11878374179816041,0.42584984358612005,0.25146062923757007,-1.206364016508783,17.082615093083817,15.165303828697969,0.10915188907012989,0.5575599291355582,23c283af,0.27042662886451385,597.6,0.2,41.1
0.27443389219790926,0.3487558879908638,U8,MN8014,14.248055191856345,4.25000835544101,CPG,CPG,0.943,0.955,0.11878374179816041,0.42584984358612005,0.25146062923757007,-1.206364016508783,17.033343343576473,15.165303828697969,0.10915188907012989,0.5575599291355582,23c283af,0.27042662886451385,597.6,0.2,41.1
0.23780343559074307,0.3407156916629872,U8,MN8014,16.401188218110846,4.447689821966692,CPG,SSPG,0.938,0.956,0.1125224271245333,0.396564643159858,0.2198390258198495,-1.1685627532707545,24.105986085267304,21.261096759493196,0.17202800150063155,0.8433495011758694,0183f325,-0.319019078822965,664.0,1.2,42.5
0.23780343559074307,0.3407156916629872,U8,MN8014,16.401188218110846,4.447689821966692,CPG,SSPG,0.938,0.956,0.1125224271245333,0.396564643159858,0.2198390258198495,-1.1685627532707545,24.81193708171092,21.261096759493196,0.17202800150063155,0.8433495011758694,0183f325,-0.319019078822965,664.0,1.2,42.5
0.23780343559074307,0.3407156916629872,U8,MN8014,16.401188218110846,4.447689821966692,CPG,SSPG,0.938,0.956,0.1125224271245333,0.396564643159858,0.2198390258198495,-1.1685627532707545,24.74303431855032,21.261096759493196,0.17202800150063155,0.8433495011758694,0183f325,-0.319019078822965,664.0,1.2,42.5
0.23780343559074307,0.3407156916629872,U8,MN8014,16.401188218110846,4.447689821966692,CPG,SSPG,0.938,0.956,0.1125224271245333,0.396564643159858,0.2198390258198495,-1.1685627532707545,24.786726645877973,21.261096759493196,0.17202800150063155,0.8433495011758694,0183f325,-0.319019078822965,664.0,1.2,42.5
0.23780343559074307,0.3407156916629872,U8,MN8014,16.401188218110846,4.447689821966692,CPG,SSPG,0.938,0.956,0.1125224271245333,0.396564643159858,0.2198390258198495,-1.1685627532707545,23.592456488140982,21.261096759493196,0.17202800150063155,0.8433495011758694,0183f325,-0.319019078822965,664.0,1.2,42.5
0.26056984909318764,0.3470644186190801,U8,MN8014,15.017598083396594,4.677043271941383,CPG,CPG,0.943,0.967,0.11212106239850592,0.4102276340523254,0.21918683008670192,-0.9919401331610933,19.428679825524735,18.498923981058933,0.20176310362618882,0.7639911224802604,970d2691,-0.6195087112326636,635.8,0.1,43.6
0.26056984909318764,0.3470644186190801,U8,MN8014,15.017598083396594,4.677043271941383,CPG,CPG,0.943,0.967,0.11212106239850592,0.4102276340523254,0.21918683008670192,-0.9919401331610933,19.333729658043502,18.498923981058933,0.20176310362618882,0.7639911224802604,970d2691,-0.6195087112326636,635.8,0.1,43.6
0.26056984909318764,0.3470644186190801,U8,MN8014,15.017598083396594,4.677043271941383,CPG,CPG,0.943,0.967,0.11212106239850592,0.4102276340523254,0.21918683008670192,-0.9919401331610933,19.40538376420666,18.498923981058933,0.20176310362618882,0.7639911224802604,970d2691,-0.6195087112326636,635.8,0.1,43.6
0.26056984909318764,0.3470644186190801,U8,MN8014,15.017598083396594,4.677043271941383,CPG,CPG,0.943,0.967,0.11212106239850592,0.4102276340523254,0.21918683008670192,-0.9919401331610933,19.37710373030003,18.498923981058933,0.20176310362618882,0.7639911224802604,970d2691,-0.6195087112326636,635.8,0.1,43.6
0.26056984909318764,0.3470644186190801,U8,MN8014,15.017598083396594,4.677043271941383,CPG,CPG,0.943,0.967,0.11212106239850592,0.4102276340523254,0.21918683008670192,-0.9919401331610933,19.040554155129986,18.498923981058933,0.20176310362618882,0.7639911224802604,970d2691,-0.6195087112326636,635.8,0.1,43.6
0.26363564967293646,0.34949462117353547,U8,MN8014,15.878634475075195,4.084280715038475,CPG,SSPG,0.94,0.964,0.11975689116355985,0.423540442571931,0.2002673983055427,-1.130447908822274,19.179616462464566,20.01659330146569,0.25455422156675717,0.8208546093846683,3baee125,-0.6045083485434422,638.7,0.4,41.4
0.26363564967293646,0.34949462117353547,U8,MN8014,15.878634475075195,4.084280715038475,CPG,SSPG,0.94,0.964,0.11975689116355985,0.423540442571931,0.2002673983055427,-1.130447908822274,19.15145083833808,20.01659330146569,0.25455422156675717,0.8208546093846683,3baee125,-0.6045083485434422,638.7,0.4,41.4
0.26363564967293646,0.34949462117353547,U8,MN8014,15.878634475075195,4.084280715038475,CPG,SSPG,0.94,0.964,0.11975689116355985,0.423540442571931,0.2002673983055427,-1.130447908822274,19.510130854095653,20.01659330146569,0.25455422156675717,0.8208546093846683,3baee125,-0.6045083485434422,638.7,0.4,41.4
0.26363564967293646,0.34949462117353547,U8,MN8014,15.878634475075195,4.084280715038475,CPG,SSPG,0.94,0.964,0.11975689116355985,0.423540442571931,0.2002673983055427,-1.130447908822274,18.816821181398872,20.01659330146569,0.25455422156675717,0.8208546093846683,3baee125,-0.6045083485434422,638.7,0.4,41.4
0.26363564967293646,0.34949462117353547,U8,MN8014,15.878634475075195,4.084280715038475,CPG,SSPG,0.94,0.964,0.11975689116355985,0.423540442571931,0.2002673983055427,-1.130447908822274,19.44621668451805,20.01659330146569,0.25455422156675717,0.8208546093846683,3baee125,-0.6045083485434422,638.7,0.4,41.4
0.26998891187479557,0.3436237783945469,U8,MN8014,14.572423026640521,4.064969768291709,CPG,SSPG,0.944,0.964,0.11164005504838158,0.4306479228061727,0.20049798518526674,-1.074359886296858,16.320086778480405,17.834247872675128,0.2570958523113269,0.7163197268417189,5bdda7c4,-0.3683541246831563,625.0,0.5,40.7
0.26998891187479557,0.3436237783945469,U8,MN8014,14.572423026640521,4.064969768291709,CPG,SSPG,0.944,0.964,0.11164005504838158,0.4306479228061727,0.20049798518526674,-1.074359886296858,16.46163668106452,17.834247872675128,0.2570958523113269,0.7163197268417189,5bdda7c4,-0.3683541246831563,625.0,0.5,40.7
0.26998891187479557,0.3436237783945469,U8,MN8014,14.572423026640521,4.064969768291709,CPG,SSPG,0.944,0.964,0.11164005504838158,0.4306479228061727,0.20049798518526674,-1.074359886296858,16.148423812414357,17.834247872675128,0.2570958523113269,0.7163197268417189,5bdda7c4,-0.3683541246831563,625.0,0.5,40.7
0.26998891187479557,0.3436237783945469,U8,MN8014,14.572423026640521,4.064969768291709,CPG,SSPG,0.944,0.964,0.11164005504838158,0.4306479228061727,0.20049798518526674,-1.074359886296858,16.351351312538796,17.834247872675128,0.2570958523113269,0.7163197268417189,5bdda7c4,-0.3683541246831563,625.0,0.5,40.7
0.26998891187479557,0.3436237783945469,U8,MN8014,14.572423026640521,4.064969768291709,CPG,SSPG,0.944,0.964,0.11164005504838158,0.4306479228061727,0.20049798518526674,-1.074359886296858,16.59804928690828,17.834247872675128,0.2570958523113269,0.7163197268417189,5bdda7c4,-0.3683541246831563,625.0,0.5,40.7
0.26663012412460246,0.34844654705740685,U8,MN8014,15.825156279634577,5.573867944653802,CPG,SSPG,0.939,0.962,0.11952072447754207,0.4005494363814711,0.20005721082011532,-1.0903796021150296,18.968936109512153,20.076171960484825,0.25330846679457564,0.8287928804295012,65c32248,-0.6685102553158497,693.8,1.1,42.3
0.26663012412460246,0.34844654705740685,U8,MN8014,15.825156279634577,5.573867944653802,CPG,SSPG,0.939,0.962,0.11952072447754207,0.4005494363814711,0.20005721082011532,-1.0903796021150296,19.137274113148532,20.076171960484825,0.25330846679457564,0.8287928804295012,65c32248,-0.6685102553158497,693.8,1.1,42.3
0.26663012412460246,0.34844654705740685,U8,MN8014,15.825156279634577,5.573867944653802,CPG,SSPG,0.939,0.962,0.11952072447754207,0.4005494363814711,0.20005721082011532,-1.0903796021150296,18.260374817102463,20.076171960484825,0.25330846679457564,0.8287928804295012,65c32248,-0.6685102553158497,693.8,1.1,42.3
0.26663012412460246,0.34844654705740685,U8,MN8014,15.825156279634577,5.573867944653802,CPG,SSPG,0.939,0.962,0.11952072447754207,0.4005494363814711,0.20005721082011532,-1.0903796021150296,17.324913747243823,20.076171960484825,0.25330846679457564,0.8287928804295012,65c32248,-0.6685102553158497,693.8,1.1,42.3
0.26663012412460246,0.34844654705740685,U8,MN8014,15.825156279634577,5.573867944653802,CPG,SSPG,0.939,0.962,0.11952072447754207,0.4005494363814711,0.20005721082011532,-1.0903796021150296,19.133692721031366,20.076171960484825,0.25330846679457564,0.8287928804295012,65c32248,-0.6685102553158497,693.8,1.1,42.3
0.2759668921399816,0.3443120892366953,U8,MN8014,14.665303638557212,4.218734799821062,CPG,SSPG,0.942,0.954,0.11889367544440622,0.41921346836092976,0.21070386694428372,-1.049084129149594,16.13067278664197,18.493959343584248,0.2849966437301072,0.7280197998312294,642b580a,-0.2144752354205508,667.8,0.6,38.9
0.2759668921399816,0.3443120892366953,U8,MN8014,14.665303638557212,4.218734799821062,CPG,SSPG,0.942,0.954,0.11889367544440622,0.41921346836092976,0.21070386694428372,-1.049084129149594,16.526416289225484,18.493959343584248,0.2849966437301072,0.7280197998312294,642b580a,-0.2144752354205508,667.8,0.6,38.9
0.2759668921399816,0.3443120892366953,U8,MN8014,14.665303638557212,4.218734799821062,CPG,SSPG,0.942,0.954,0.11889367544440622,0.41921346836092976,0.21070386694428372,-1.049084129149594,15.71266444977423,18.493959343584248,0.2849966437301072,0.7280197998312294,642b580a,-0.2144752354205508,667.8,0.6,38.9
0.2759668921399816,0.3443120892366953,U8,MN8014,14.665303638557212,4.218734799821062,CPG,SSPG,0.942,0.954,0.11889367544440622,0.41921346836092976,0.21070386694428372,-1.049084129149594,15.931549458491986,18.493959343584248,0.2849966437301072,0.7280197998312294,642b580a,-0.2144752354205508,667.8,0.6,38.9
0.2759668921399816,0.3443120892366953,U8,MN8014,14.665303638557212,4.218734799821062,CPG,SSPG,0.942,0.954,0.11889367544440622,0.41921346836092976,0.21070386694428372,-1.049084129149594,16.112542983918384,18.493959343584248,0.2849966437301072,0.7280197998312294,642b580a,-0.2144752354205508,667.8,0.6,38.9
0.26576862846768706,0.3479438548683537,U8,MN8014,15.007579156512875,4.000541074961251,CPG,SSPG,0.943,0.962,0.11687970685488937,0.4208860675337003,0.20173509951252747,-1.1484737460922465,17.633436411084247,19.017723520642733,0.2618473771960256,0.779224524136837,effa3248,-0.5667835831300145,630.3,1.1,37.6
0.26576862846768706,0.3479438548683537,U8,MN8014,15.007579156512875,4.000541074961251,CPG,SSPG,0.943,0.962,0.11687970685488937,0.4208860675337003,0.20173509951252747,-1.1484737460922465,15.266458672694979,19.017723520642733,0.2618473771960256,0.779224524136837,effa3248,-0.5667835831300145,630.3,1.1,37.6
0.26576862846768706,0.3479438548683537,U8,MN8014,15.007579156512875,4.000541074961251,CPG,SSPG,0.943,0.962,0.11687970685488937,0.4208860675337003,0.20173509951252747,-1.1484737460922465,16.824209255980232,19.017723520642733,0.2618473771960256,0.779224524136837,effa3248,-0.5667835831300145,630.3,1.1,37.6
0.26576862846768706,0.3479438548683537,U8,MN8014,15.007579156512875,4.000541074961251,CPG,SSPG,0.943,0.962,0.11687970685488937,0.4208860675337003,0.20173509951252747,-1.1484737460922465,17.641717254049617,19.017723520642733,0.2618473771960256,0.779224524136837,effa3248,-0.5667835831300145,630.3,1.1,37.6
0.26576862846768706,0.3479438548683537,U8,MN8014,15.007579156512875,4.000541074961251,CPG,SSPG,0.943,0.962,0.11687970685488937,0.4208860675337003,0.20173509951252747,-1.1484737460922465,18.145855870954524,19.017723520642733,0.2618473771960256,0.779224524136837,effa3248,-0.5667835831300145,630.3,1.1,37.6
0.2614290965623619,0.3371976030961407,U8,MN8014,14.454137899577992,4.8495046772698185,CPG,SSPG,0.939,0.941,0.11720678384211103,0.4080948711926875,0.2688600597217543,-1.1027305876829587,18.000344987248333,15.558692428875199,0.1071835942209538,0.5734114872065125,d9f1e128,0.2617247481758449,719.0,0.1,43.7
0.2614290965623619,0.3371976030961407,U8,MN8014,14.454137899577992,4.8495046772698185,CPG,SSPG,0.939,0.941,0.11720678384211103,0.4080948711926875,0.2688600597217543,-1.1027305876829587,18.0011533496716,15.558692428875199,0.1071835942209538,0.5734114872065125,d9f1e128,0.2617247481758449,719.0,0.1,43.7
0.2614290965623619,0.3371976030961407,U8,MN8014,14.454137899577992,4.8495046772698185,CPG,SSPG,0.939,0.941,0.11720678384211103,0.4080948711926875,0.2688600597217543,-1.1027305876829587,17.514288482640723,15.558692428875199,0.1071835942209538,0.5734114872065125,d9f1e128,0.2617247481758449,719.0,0.1,43.7
0.2614290965623619,0.3371976030961407,U8,MN8014,14.454137899577992,4.8495046772698185,CPG,SSPG,0.939,0.941,0.11720678384211103,0.4080948711926875,0.2688600597217543,-1.1027305876829587,17.971695082654392,15.558692428875199,0.1071835942209538,0.5734114872065125,d9f1e128,0.2617247481758449,719.0,0.1,43.7
0.2614290965623619,0.3371976030961407,U8,MN8014,14.454137899577992,4.8495046772698185,CPG,SSPG,0.939,0.941,0.11720678384211103,0.4080948711926875,0.2688600597217543,-1.1027305876829587,18.38001784027928,15.558692428875199,0.1071835942209538,0.5734114872065125,d9f1e128,0.2617247481758449,719.0,0.1,43.7
0.2608521854786521,0.3335357160539011,U8,MN8014,14.941709195104425,5.262231404184229,CPG,CPG,0.942,0.952,0.11439611047015587,0.4078117470656312,0.2393933269204586,-1.3550333795400795,18.993366422013374,16.557469290754874,0.12156165242022691,0.6243899669010382,cef1d53b,0.11813769955415054,749.6,0.9,41.9
0.2608521854786521,0.3335357160539011,U8,MN8014,14.941709195104425,5.262231404184229,CPG,CPG,0.942,0.952,0.11439611047015587,0.4078117470656312,0.2393933269204586,-1.3550333795400795,19.071098117802627,16.557469290754874,0.12156165242022691,0.6243899669010382,cef1d53b,0.11813769955415054,749.6,0.9,41.9
0.2608521854786521,0.3335357160539011,U8,MN8014,14.941709195104425,5.262231404184229,CPG,CPG,0.942,0.952,0.11439611047015587,0.4078117470656312,0.2393933269204586,-1.3550333795400795,18.251188825312333,16.557469290754874,0.12156165242022691,0.6243899669010382,cef1d53b,0.11813769955415054,749.6,0.9,41.9
0.2608521854786521,0.3335357160539011,U8,MN8014,14.941709195104425,5.262231404184229,CPG,CPG,0.942,0.952,0.11439611047015587,0.4078117470656312,0.2393933269204586,-1.3550333795400795,19.12010904382633,16.557469290754874,0.12156165242022691,0.6243899669010382,cef1d53b,0.11813769955415054,749.6,0.9,41.9
0.2608521854786521,0.3335357160539011,U8,MN8014,14.941709195104425,5.262231404184229,CPG,CPG,0.942,0.952,0.11439611047015587,0.4078117470656312,0.2393933269204586,-1.3550333795400795,18.915582666307156,16.557469290754874,0.12156165242022691,0.6243899669010382,cef1d53b,0.11813769955415054,749.6,0.9,41.9
0.27230181821923144,0.3365898083075135,U8,MN8014,16.482904978147587,4.329318249056218,CPG,CPG,0.938,0.955,0.11611642336514102,0.4015280563626569,0.2528309495596151,-1.1176390023330387,18.618993913679542,18.034116136376237,0.13109281058618935,0.6818390434153915,740ba0f6,0.10870514069510318,666.1,0.7,40.8
0.27230181821923144,0.3365898083075135,U8,MN8014,16.482904978147587,4.329318249056218,CPG,CPG,0.938,0.955,0.11611642336514102,0.4015280563626569,0.2528309495596151,-1.1176390023330387,17.2701923206961,18.034116136376237,0.13109281058618935,0.6818390434153915,740ba0f6,0.10870514069510318,666.1,0.7,40.8
0.27230181821923144,0.3365898083075135,U8,MN8014,16.482904978147587,4.329318249056218,CPG,CPG,0.938,0.955,0.11611642336514102,0.4015280563626569,0.2528309495596151,-1.1176390023330387,19.733379061807224,18.034116136376237,0.13109281058618935,0.6818390434153915,740ba0f6,0.10870514069510318,666.1,0.7,40.8
0.27230181821923144,0.3365898083075135,U8,MN8014,16.482904978147587,4.329318249056218,CPG,CPG,0.938,0.955,0.11611642336514102,0.4015280563626569,0.2528309495596151,-1.1176390023330387,17.690462867458557,18.034116136376237,0.13109281058618935,0.6818390434153915,740ba0f6,0.10870514069510318,666.1,0.7,40.8
0.27230181821923144,0.3365898083075135,U8,MN8014,16.482904978147587,4.329318249056218,CPG,CPG,0.938,0.955,0.11611642336514102,0.4015280563626569,0.2528309495596151,-1.1176390023330387,18.510891790370888,18.034116136376237,0.13109281058618935,0.6818390434153915,740ba0f6,0.10870514069510318,666.1,0.7,40.8
0.24613368665709223,0.3375961610067807,U8,MN8014,17.49934177890369,5.753289884654664,WPG,SSPG,0.893,0.962,0.1180423177673093,0.4024040003445175,0.2206149916278061,-1.0066128827599772,22.192464958429856,21.831369969202807,0.2226441414503552,0.9069890876398394,b90910f2,-0.7919021939317439,682.2,1.3,44.2
0.24613368665709223,0.3375961610067807,U8,MN8014,17.49934177890369,5.753289884654664,WPG,SSPG,0.893,0.962,0.1180423177673093,0.4024040003445175,0.2206149916278061,-1.0066128827599772,24.153881054007854,21.831369969202807,0.2226441414503552,0.9069890876398394,b90910f2,-0.7919021939317439,682.2,1.3,44.2
0.24613368665709223,0.3375961610067807,U8,MN8014,17.49934177890369,5.753289884654664,WPG,SSPG,0.893,0.962,0.1180423177673093,0.4024040003445175,0.2206149916278061,-1.0066128827599772,22.65044749835744,21.831369969202807,0.2226441414503552,0.9069890876398394,b90910f2,-0.7919021939317439,682.2,1.3,44.2
0.24613368665709223,0.3375961610067807,U8,MN8014,17.49934177890369,5.753289884654664,WPG,SSPG,0.893,0.962,0.1180423177673093,0.4024040003445175,0.2206149916278061,-1.0066128827599772,24.014367244128508,21.831369969202807,0.2226441414503552,0.9069890876398394,b90910f2,-0.7919021939317439,682.2,1.3,44.2
0.24613368665709223,0.3375961610067807,U8,MN8014,17.49934177890369,5.753289884654664,WPG,SSPG,0.893,0.962,0.1180423177673093,0.4024040003445175,0.2206149916278061,-1.0066128827599772,23.96716306973778,21.831369969202807,0.2226441414503552,0.9069890876398394,b90910f2,-0.7919021939317439,682.2,1.3,44.2
0.25106040071995517,0.3484757824408073,U8,MN8014,15.147308019500885,4.03956741867631,CPG,SSPG,0.94,0.962,0.12032786957878923,0.39102738730555114,0.20000858934719654,-0.9609238182340711,20.54837592850401,20.180039931310052,0.25380635169178895,0.8470618120227509,23d1e9a9,-0.830231169147261,652.3,0.5,41.1
0.25106040071995517,0.3484757824408073,U8,MN8014,15.147308019500885,4.03956741867631,CPG,SSPG,0.94,0.962,0.12032786957878923,0.39102738730555114,0.20000858934719654,-0.9609238182340711,20.91477551576641,20.180039931310052,0.25380635169178895,0.8470618120227509,23d1e9a9,-0.830231169147261,652.3,0.5,41.1
0.25106040071995517,0.3484757824408073,U8,MN8014,15.147308019500885,4.03956741867631,CPG,SSPG,0.94,0.962,0.12032786957878923,0.39102738730555114,0.20000858934719654,-0.9609238182340711,20.82540399185393,20.180039931310052,0.25380635169178895,0.8470618120227509,23d1e9a9,-0.830231169147261,652.3,0.5,41.1
0.25106040071995517,0.3484757824408073,U8,MN8014,15.147308019500885,4.03956741867631,CPG,SSPG,0.94,0.962,0.12032786957878923,0.39102738730555114,0.20000858934719654,-0.9609238182340711,20.912190298683715,20.180039931310052,0.25380635169178895,0.8470618120227509,23d1e9a9,-0.830231169147261,652.3,0.5,41.1
0.25106040071995517,0.3484757824408073,U8,MN8014,15.147308019500885,4.03956741867631,CPG,SSPG,0.94,0.962,0.12032786957878923,0.39102738730555114,0.20000858934719654,-0.9609238182340711,21.071691842060368,20.180039931310052,0.25380635169178895,0.8470618120227509,23d1e9a9,-0.830231169147261,652.3,0.5,41.1
0.2732735139334091,0.3498573111471399,U8,MN8014,17.44125027137327,4.296442690435972,WPG,CPG,0.914,0.955,0.11852071266662487,0.4018164958686129,0.2034380269043107,-1.23382270230667,20.191383405271445,20.82686855836995,0.2263697450926949,0.8700055061660472,6052e36a,-0.8092191056802776,682.0,0.2,41.1
0.2732735139334091,0.3498573111471399,U8,MN8014,17.44125027137327,4.296442690435972,WPG,CPG,0.914,0.955,0.11852071266662487,0.4018164958686129,0.2034380269043107,-1.23382270230667,21.23291520685141,20.82686855836995,0.2263697450926949,0.8700055061660472,6052e36a,-0.8092191056802776,682.0,0.2,41.1
0.2732735139334091,0.3498573111471399,U8,MN8014,17.44125027137327,4.296442690435972,WPG,CPG,0.914,0.955,0.11852071266662487,0.4018164958686129,0.2034380269043107,-1.23382270230667,21.06304698279475,20.82686855836995,0.2263697450926949,0.8700055061660472,6052e36a,-0.8092191056802776,682.0,0.2,41.1
0.2732735139334091,0.3498573111471399,U8,MN8014,17.44125027137327,4.296442690435972,WPG,CPG,0.914,0.955,0.11852071266662487,0.4018164958686129,0.2034380269043107,-1.23382270230667,21.18065958065669,20.82686855836995,0.2263697450926949,0.8700055061660472,6052e36a,-0.8092191056802776,682.0,0.2,41.1
0.2732735139334091,0.3498573111471399,U8,MN8014,17.44125027137327,4.296442690435972,WPG,CPG,0.914,0.955,0.11852071266662487,0.4018164958686129,0.2034380269043107,-1.23382270230667,21.117900254835362,20.82686855836995,0.2263697450926949,0.8700055061660472,6052e36a,-0.8092191056802776,682.0,0.2,41.1
0.26767037864098975,0.3470173126345947,U8,MN8014,15.844837348374769,4.360187547685683,CPG,SSPG,0.939,0.956,0.12082778201598005,0.40831992233246256,0.21439804445120758,-0.9400762443415547,16.07198011501094,19.846056563725874,0.2567584995289292,0.8289114977024273,7a20e0f4,-0.7697253624692699,647.0,1.0,42.2
0.26767037864098975,0.3470173126345947,U8,MN8014,15.844837348374769,4.360187547685683,CPG,SSPG,0.939,0.956,0.12082778201598005,0.40831992233246256,0.21439804445120758,-0.9400762443415547,18.622986948664796,19.846056563725874,0.2567584995289292,0.8289114977024273,7a20e0f4,-0.7697253624692699,647.0,1.0,42.2
0.26767037864098975,0.3470173126345947,U8,MN8014,15.844837348374769,4.360187547685683,CPG,SSPG,0.939,0.956,0.12082778201598005,0.40831992233246256,0.21439804445120758,-0.9400762443415547,18.851909264942805,19.846056563725874,0.2567584995289292,0.8289114977024273,7a20e0f4,-0.7697253624692699,647.0,1.0,42.2
0.26767037864098975,0.3470173126345947,U8,MN8014,15.844837348374769,4.360187547685683,CPG,SSPG,0.939,0.956,0.12082778201598005,0.40831992233246256,0.21439804445120758,-0.9400762443415547,18.46542319743407,19.846056563725874,0.2567584995289292,0.8289114977024273,7a20e0f4,-0.7697253624692699,647.0,1.0,42.2
0.26767037864098975,0.3470173126345947,U8,MN8014,15.844837348374769,4.360187547685683,CPG,SSPG,0.939,0.956,0.12082778201598005,0.40831992233246256,0.21439804445120758,-0.9400762443415547,19.52383439819897,19.846056563725874,0.2567584995289292,0.8289114977024273,7a20e0f4,-0.7697253624692699,647.0,1.0,42.2
0.2539575795669208,0.33600474601521946,U8,MN8014,16.823533062963204,4.48923139138803,CPG,SSPG,0.939,0.954,0.11849699286127556,0.3925361602162151,0.29264576217411464,-1.0044016140810377,13.19846682705987,12.725126041444064,0.06216184616412479,0.39933954064560717,16df1b08,1.0023882210469939,709.8,0.1,43.6
0.2539575795669208,0.33600474601521946,U8,MN8014,16.823533062963204,4.48923139138803,CPG,SSPG,0.939,0.954,0.11849699286127556,0.3925361602162151,0.29264576217411464,-1.0044016140810377,13.694984895735486,12.725126041444064,0.06216184616412479,0.39933954064560717,16df1b08,1.0023882210469939,709.8,0.1,43.6
0.2539575795669208,0.33600474601521946,U8,MN8014,16.823533062963204,4.48923139138803,CPG,SSPG,0.939,0.954,0.11849699286127556,0.3925361602162151,0.29264576217411464,-1.0044016140810377,14.75299192911341,12.725126041444064,0.06216184616412479,0.39933954064560717,16df1b08,1.0023882210469939,709.8,0.1,43.6
0.2539575795669208,0.33600474601521946,U8,MN8014,16.823533062963204,4.48923139138803,CPG,SSPG,0.939,0.954,0.11849699286127556,0.3925361602162151,0.29264576217411464,-1.0044016140810377,15.434210876025439,12.725126041444064,0.06216184616412479,0.39933954064560717,16df1b08,1.0023882210469939,709.8,0.1,43.6
0.2539575795669208,0.33600474601521946,U8,MN8014,16.823533062963204,4.48923139138803,CPG,SSPG,0.939,0.954,0.11849699286127556,0.3925361602162151,0.29264576217411464,-1.0044016140810377,16.324744475624577,12.725126041444064,0.06216184616412479,0.39933954064560717,16df1b08,1.0023882210469939,709.8,0.1,43.6
0.260276863090696,0.3265962154372636,U8,MN8014,16.502944997195343,5.242409404574294,CPG,SSPG,0.938,0.96,0.12728538327566594,0.40159612121212906,0.2257962906888116,-1.1009044732271187,21.88966352058091,20.182583653518325,0.19383765996579463,0.8223946517880296,dd81c823,-0.5498998478466497,692.1,1.5,41.5
0.260276863090696,0.3265962154372636,U8,MN8014,16.502944997195343,5.242409404574294,CPG,SSPG,0.938,0.96,0.12728538327566594,0.40159612121212906,0.2257962906888116,-1.1009044732271187,21.61288473272309,20.182583653518325,0.19383765996579463,0.8223946517880296,dd81c823,-0.5498998478466497,692.1,1.5,41.5
0.260276863090696,0.3265962154372636,U8,MN8014,16.502944997195343,5.242409404574294,CPG,SSPG,0.938,0.96,0.12728538327566594,0.40159612121212906,0.2257962906888116,-1.1009044732271187,19.93143022485086,20.182583653518325,0.19383765996579463,0.8223946517880296,dd81c823,-0.5498998478466497,692.1,1.5,41.5
0.260276863090696,0.3265962154372636,U8,MN8014,16.502944997195343,5.242409404574294,CPG,SSPG,0.938,0.96,0.12728538327566594,0.40159612121212906,0.2257962906888116,-1.1009044732271187,22.051008953525542,20.182583653518325,0.19383765996579463,0.8223946517880296,dd81c823,-0.5498998478466497,692.1,1.5,41.5
0.260276863090696,0.3265962154372636,U8,MN8014,16.502944997195343,5.242409404574294,CPG,SSPG,0.938,0.96,0.12728538327566594,0.40159612121212906,0.2257962906888116,-1.1009044732271187,21.728198106299423,20.182583653518325,0.19383765996579463,0.8223946517880296,dd81c823,-0.5498998478466497,692.1,1.5,41.5
0.24728056697392453,0.3486727554017671,U8,MN8014,15.884289903350705,4.01999590626438,CPG,SSPG,0.94,0.962,0.11507019953945018,0.40038357131519214,0.21732656087818542,-1.0297971585720258,20.571092582283423,20.037880879257152,0.20047550622773122,0.8430495849022537,42cc8794,-0.8465120107701338,650.0,0.7,43.6
0.24728056697392453,0.3486727554017671,U8,MN8014,15.884289903350705,4.01999590626438,CPG,SSPG,0.94,0.962,0.11507019953945018,0.40038357131519214,0.21732656087818542,-1.0297971585720258,21.823427099969525,20.037880879257152,0.20047550622773122,0.8430495849022537,42cc8794,-0.8465120107701338,650.0,0.7,43.6
0.24728056697392453,0.3486727554017671,U8,MN8014,15.884289903350705,4.01999590626438,CPG,SSPG,0.94,0.962,0.11507019953945018,0.40038357131519214,0.21732656087818542,-1.0297971585720258,22.00185575714538,20.037880879257152,0.20047550622773122,0.8430495849022537,42cc8794,-0.8465120107701338,650.0,0.7,43.6
0.24728056697392453,0.3486727554017671,U8,MN8014,15.884289903350705,4.01999590626438,CPG,SSPG,0.94,0.962,0.11507019953945018,0.40038357131519214,0.21732656087818542,-1.0297971585720258,21.457390201914304,20.037880879257152,0.20047550622773122,0.8430495849022537,42cc8794,-0.8465120107701338,650.0,0.7,43.6
0.24728056697392453,0.3486727554017671,U8,MN8014,15.884289903350705,4.01999590626438,CPG,SSPG,0.94,0.962,0.11507019953945018,0.40038357131519214,0.21732656087818542,-1.0297971585720258,22.129498933917418,20.037880879257152,0.20047550622773122,0.8430495849022537,42cc8794,-0.8465120107701338,650.0,0.7,43.6
0.24602305751928344,0.342338231447146,U8,MN8014,15.137806062637228,4.0006103608085715,CPG,SSPG,0.94,0.962,0.1225948586609862,0.39597092938732614,0.2008317480265368,-1.0655006048119295,21.526380187258454,19.850701382982624,0.22825479919736327,0.8372610946246613,a265ee0c,-0.8622252317039525,708.6,0.7,44.3
0.24602305751928344,0.342338231447146,U8,MN8014,15.137806062637228,4.0006103608085715,CPG,SSPG,0.94,0.962,0.1225948586609862,0.39597092938732614,0.2008317480265368,-1.0655006048119295,20.544708439245046,19.850701382982624,0.22825479919736327,0.8372610946246613,a265ee0c,-0.8622252317039525,708.6,0.7,44.3
0.24602305751928344,0.342338231447146,U8,MN8014,15.137806062637228,4.0006103608085715,CPG,SSPG,0.94,0.962,0.1225948586609862,0.39597092938732614,0.2008317480265368,-1.0655006048119295,20.908989766354843,19.850701382982624,0.22825479919736327,0.8372610946246613,a265ee0c,-0.8622252317039525,708.6,0.7,44.3
0.24602305751928344,0.342338231447146,U8,MN8014,15.137806062637228,4.0006103608085715,CPG,SSPG,0.94,0.962,0.1225948586609862,0.39597092938732614,0.2008317480265368,-1.0655006048119295,20.933294139347126,19.850701382982624,0.22825479919736327,0.8372610946246613,a265ee0c,-0.8622252317039525,708.6,0.7,44.3
0.24602305751928344,0.342338231447146,U8,MN8014,15.137806062637228,4.0006103608085715,CPG,SSPG,0.94,0.962,0.1225948586609862,0.39597092938732614,0.2008317480265368,-1.0655006048119295,20.965913169958835,19.850701382982624,0.22825479919736327,0.8372610946246613,a265ee0c,-0.8622252317039525,708.6,0.7,44.3
0.2513575932644097,0.34592647131968285,U8,MN8014,17.027970115692746,4.152408556657458,WPG,SSPG,0.919,0.954,0.11909164198284507,0.38209784693840854,0.21382439133857864,-0.819291531450969,21.740714412245335,22.086826895774045,0.27760001556589353,0.9360839933992915,14cdb31e,-1.0103798474464067,689.1,0.7,42.7
0.2513575932644097,0.34592647131968285,U8,MN8014,17.027970115692746,4.152408556657458,WPG,SSPG,0.919,0.954,0.11909164198284507,0.38209784693840854,0.21382439133857864,-0.819291531450969,22.28667267141564,22.086826895774045,0.27760001556589353,0.9360839933992915,14cdb31e,-1.0103798474464067,689.1,0.7,42.7
0.2513575932644097,0.34592647131968285,U8,MN8014,17.027970115692746,4.152408556657458,WPG,SSPG,0.919,0.954,0.11909164198284507,0.38209784693840854,0.21382439133857864,-0.819291531450969,21.48763593394605,22.086826895774045,0.27760001556589353,0.9360839933992915,14cdb31e,-1.0103798474464067,689.1,0.7,42.7
0.2513575932644097,0.34592647131968285,U8,MN8014,17.027970115692746,4.152408556657458,WPG,SSPG,0.919,0.954,0.11909164198284507,0.38209784693840854,0.21382439133857864,-0.819291531450969,21.358121928382086,22.086826895774045,0.27760001556589353,0.9360839933992915,14cdb31e,-1.0103798474464067,689.1,0.7,42.7
0.2513575932644097,0.34592647131968285,U8,MN8014,17.027970115692746,4.152408556657458,WPG,SSPG,0.919,0.954,0.11909164198284507,0.38209784693840854,0.21382439133857864,-0.819291531450969,21.596136664341547,22.086826895774045,0.27760001556589353,0.9360839933992915,14cdb31e,-1.0103798474464067,689.1,0.7,42.7
0.2505193637253491,0.34963905591035227,U8,MN8014,16.26468031029019,4.053767433022809,WPG,SSPG,0.891,0.964,0.11663824607068991,0.40872470332207117,0.2075624267462284,-1.0303841083550758,19.124649608495712,20.66616630400191,0.2837841444544304,0.8373290073406543,10513718,-0.5090740596948713,693.0,0.5,39.8
0.2505193637253491,0.34963905591035227,U8,MN8014,16.26468031029019,4.053767433022809,WPG,SSPG,0.891,0.964,0.11663824607068991,0.40872470332207117,0.2075624267462284,-1.0303841083550758,19.006555965802043,20.66616630400191,0.2837841444544304,0.8373290073406543,10513718,-0.5090740596948713,693.0,0.5,39.8
0.2505193637253491,0.34963905591035227,U8,MN8014,16.26468031029019,4.053767433022809,WPG,SSPG,0.891,0.964,0.11663824607068991,0.40872470332207117,0.2075624267462284,-1.0303841083550758,19.11268063544506,20.66616630400191,0.2837841444544304,0.8373290073406543,10513718,-0.5090740596948713,693.0,0.5,39.8
0.2505193637253491,0.34963905591035227,U8,MN8014,16.26468031029019,4.053767433022809,WPG,SSPG,0.891,0.964,0.11663824607068991,0.40872470332207117,0.2075624267462284,-1.0303841083550758,18.87996002970108,20.66616630400191,0.2837841444544304,0.8373290073406543,10513718,-0.5090740596948713,693.0,0.5,39.8
0.2505193637253491,0.34963905591035227,U8,MN8014,16.26468031029019,4.053767433022809,WPG,SSPG,0.891,0.964,0.11663824607068991,0.40872470332207117,0.2075624267462284,-1.0303841083550758,19.18849352721148,20.66616630400191,0.2837841444544304,0.8373290073406543,10513718,-0.5090740596948713,693.0,0.5,39.8
0.2646050417621647,0.34857292550414126,U8,MN8014,15.555038107457776,4.081432278351284,CPG,SSPG,0.942,0.964,0.11628798737098987,0.39170551318693536,0.2021562741240072,-0.9542716544937314,19.736707074568326,20.819633096936037,0.2811419420825152,0.8477322402743774,55d423fd,-0.560230453056688,679.6,0.2,40.8
0.2646050417621647,0.34857292550414126,U8,MN8014,15.555038107457776,4.081432278351284,CPG,SSPG,0.942,0.964,0.11628798737098987,0.39170551318693536,0.2021562741240072,-0.9542716544937314,19.26720308604876,20.819633096936037,0.2811419420825152,0.8477322402743774,55d423fd,-0.560230453056688,679.6,0.2,40.8
0.2646050417621647,0.34857292550414126,U8,MN8014,15.555038107457776,4.081432278351284,CPG,SSPG,0.942,0.964,0.11628798737098987,0.39170551318693536,0.2021562741240072,-0.9542716544937314,19.11977246668378,20.819633096936037,0.2811419420825152,0.8477322402743774,55d423fd,-0.560230453056688,679.6,0.2,40.8
0.2646050417621647,0.34857292550414126,U8,MN8014,15.555038107457776,4.081432278351284,CPG,SSPG,0.942,0.964,0.11628798737098987,0.39170551318693536,0.2021562741240072,-0.9542716544937314,19.52482703387412,20.819633096936037,0.2811419420825152,0.8477322402743774,55d423fd,-0.560230453056688,679.6,0.2,40.8
0.2646050417621647,0.34857292550414126,U8,MN8014,15.555038107457776,4.081432278351284,CPG,SSPG,0.942,0.964,0.11628798737098987,0.39170551318693536,0.2021562741240072,-0.9542716544937314,19.147469150512027,20.819633096936037,0.2811419420825152,0.8477322402743774,55d423fd,-0.560230453056688,679.6,0.2,40.8
0.26742946176787113,0.3487733684747229,U8,MN8014,16.820714199030725,4.8329157853681775,CPG,SSPG,0.939,0.941,0.11874734322242338,0.3965384294894262,0.20241396122099434,-1.0321742703863621,20.025396130582724,22.28804012186145,0.30834146363476844,0.9115239568850023,506690e5,-0.6450365938577622,713.7,1.2,40.2
0.26742946176787113,0.3487733684747229,U8,MN8014,16.820714199030725,4.8329157853681775,CPG,SSPG,0.939,0.941,0.11874734322242338,0.3965384294894262,0.20241396122099434,-1.0321742703863621,20.03053706185181,22.28804012186145,0.30834146363476844,0.9115239568850023,506690e5,-0.6450365938577622,713.7,1.2,40.2
0.26742946176787113,0.3487733684747229,U8,MN8014,16.820714199030725,4.8329157853681775,CPG,SSPG,0.939,0.941,0.11874734322242338,0.3965384294894262,0.20241396122099434,-1.0321742703863621,20.033790851185785,22.28804012186145,0.30834146363476844,0.9115239568850023,506690e5,-0.6450365938577622,713.7,1.2,40.2
0.26742946176787113,0.3487733684747229,U8,MN8014,16.820714199030725,4.8329157853681775,CPG,SSPG,0.939,0.941,0.11874734322242338,0.3965384294894262,0.20241396122099434,-1.0321742703863621,20.02413752924419,22.28804012186145,0.30834146363476844,0.9115239568850023,506690e5,-0.6450365938577622,713.7,1.2,40.2
0.26742946176787113,0.3487733684747229,U8,MN8014,16.820714199030725,4.8329157853681775,CPG,SSPG,0.939,0.941,0.11874734322242338,0.3965384294894262,0.20241396122099434,-1.0321742703863621,20.147175325449467,22.28804012186145,0.30834146363476844,0.9115239568850023,506690e5,-0.6450365938577622,713.7,1.2,40.2
0.2613186039245205,0.3448710360925711,U8,MN8014,15.430057021043972,4.112600063964432,CPG,SSPG,0.941,0.964,0.1204346087209435,0.39761929659530754,0.3052173478919332,-0.9930390234305563,11.864623725771372,8.996827556890606,0.0330335052344877,0.25025073698707007,bf97eefa,1.071924835419856,649.8,0.5,44.9
0.2613186039245205,0.3448710360925711,U8,MN8014,15.430057021043972,4.112600063964432,CPG,SSPG,0.941,0.964,0.1204346087209435,0.39761929659530754,0.3052173478919332,-0.9930390234305563,13.008472971790303,8.996827556890606,0.0330335052344877,0.25025073698707007,bf97eefa,1.071924835419856,649.8,0.5,44.9
0.2613186039245205,0.3448710360925711,U8,MN8014,15.430057021043972,4.112600063964432,CPG,SSPG,0.941,0.964,0.1204346087209435,0.39761929659530754,0.3052173478919332,-0.9930390234305563,11.804843582610538,8.996827556890606,0.0330335052344877,0.25025073698707007,bf97eefa,1.071924835419856,649.8,0.5,44.9
0.2613186039245205,0.3448710360925711,U8,MN8014,15.430057021043972,4.112600063964432,CPG,SSPG,0.941,0.964,0.1204346087209435,0.39761929659530754,0.3052173478919332,-0.9930390234305563,12.505393132077774,8.996827556890606,0.0330335052344877,0.25025073698707007,bf97eefa,1.071924835419856,649.8,0.5,44.9
0.2613186039245205,0.3448710360925711,U8,MN8014,15.430057021043972,4.112600063964432,CPG,SSPG,0.941,0.964,0.1204346087209435,0.39761929659530754,0.3052173478919332,-0.9930390234305563,12.417661423542961,8.996827556890606,0.0330335052344877,0.25025073698707007,bf97eefa,1.071924835419856,649.8,0.5,44.9
0.24819350370820734,0.3430900527564953,U8,MN8014,17.572306747172256,4.0230499786779905,WPG,SSPG,0.899,0.962,0.12083404869982958,0.3716629723701547,0.21437838176329996,-0.8832327042994323,22.960817202952267,21.49729969881605,0.21107311822264344,0.8970820991235241,3a9f2159,-0.8247469033753134,688.8,0.1,44.8
0.24819350370820734,0.3430900527564953,U8,MN8014,17.572306747172256,4.0230499786779905,WPG,SSPG,0.899,0.962,0.12083404869982958,0.3716629723701547,0.21437838176329996,-0.8832327042994323,23.126071976706925,21.49729969881605,0.21107311822264344,0.8970820991235241,3a9f2159,-0.8247469033753134,688.8,0.1,44.8
0.24819350370820734,0.3430900527564953,U8,MN8014,17.572306747172256,4.0230499786779905,WPG,SSPG,0.899,0.962,0.12083404869982958,0.3716629723701547,0.21437838176329996,-0.8832327042994323,23.00616351480103,21.49729969881605,0.21107311822264344,0.8970820991235241,3a9f2159,-0.8247469033753134,688.8,0.1,44.8
0.24819350370820734,0.3430900527564953,U8,MN8014,17.572306747172256,4.0230499786779905,WPG,SSPG,0.899,0.962,0.12083404869982958,0.3716629723701547,0.21437838176329996,-0.8832327042994323,23.4598720379721,21.49729969881605,0.21107311822264344,0.8970820991235241,3a9f2159,-0.8247469033753134,688.8,0.1,44.8
0.24819350370820734,0.3430900527564953,U8,MN8014,17.572306747172256,4.0230499786779905,WPG,SSPG,0.899,0.962,0.12083404869982958,0.3716629723701547,0.21437838176329996,-0.8832327042994323,23.277150772880038,21.49729969881605,0.21107311822264344,0.8970820991235241,3a9f2159,-0.8247469033753134,688.8,0.1,44.8
0.2496294903595102,0.3460789789951216,U8,MN8014,16.13797905126686,4.334152403531051,WPG,CPG,0.895,0.955,0.12462322208310986,0.3967912188575951,0.23298804323734315,-0.9032163671661894,20.61187323395263,18.71798903214766,0.1831956908300302,0.7822263054882073,8aee8559,-0.7308509130230014,604.3,0.4,41.5
0.2496294903595102,0.3460789789951216,U8,MN8014,16.13797905126686,4.334152403531051,WPG,CPG,0.895,0.955,0.12462322208310986,0.3967912188575951,0.23298804323734315,-0.9032163671661894,20.555697775918862,18.71798903214766,0.1831956908300302,0.7822263054882073,8aee8559,-0.7308509130230014,604.3,0.4,41.5
0.2496294903595102,0.3460789789951216,U8,MN8014,16.13797905126686,4.334152403531051,WPG,CPG,0.895,0.955,0.12462322208310986,0.3967912188575951,0.23298804323734315,-0.9032163671661894,19.793282508321827,18.71798903214766,0.1831956908300302,0.7822263054882073,8aee8559,-0.7308509130230014,604.3,0.4,41.5
0.2496294903595102,0.3460789789951216,U8,MN8014,16.13797905126686,4.334152403531051,WPG,CPG,0.895,0.955,0.12462322208310986,0.3967912188575951,0.23298804323734315,-0.9032163671661894,18.969644832554188,18.71798903214766,0.1831956908300302,0.7822263054882073,8aee8559,-0.7308509130230014,604.3,0.4,41.5
0.2496294903595102,0.3460789789951216,U8,MN8014,16.13797905126686,4.334152403531051,WPG,CPG,0.895,0.955,0.12462322208310986,0.3967912188575951,0.23298804323734315,-0.9032163671661894,19.29155179376847,18.71798903214766,0.1831956908300302,0.7822263054882073,8aee8559,-0.7308509130230014,604.3,0.4,41.5
0.2599188857172269,0.34925409222107695,U8,MN8014,14.882014414901132,4.018750691824918,CPG,SSPG,0.942,0.962,0.1296194707003373,0.40964375032272526,0.20498193767211137,-1.121797561030465,19.783293335724185,18.374771313078796,0.22431905912782854,0.7802278559228952,44c6b07b,-0.8571887858866605,661.3,0.9,41.9
0.2599188857172269,0.34925409222107695,U8,MN8014,14.882014414901132,4.018750691824918,CPG,SSPG,0.942,0.962,0.1296194707003373,0.40964375032272526,0.20498193767211137,-1.121797561030465,19.192497900468144,18.374771313078796,0.22431905912782854,0.7802278559228952,44c6b07b,-0.8571887858866605,661.3,0.9,41.9
0.2599188857172269,0.34925409222107695,U8,MN8014,14.882014414901132,4.018750691824918,CPG,SSPG,0.942,0.962,0.1296194707003373,0.40964375032272526,0.20498193767211137,-1.121797561030465,19.182035585592416,18.374771313078796,0.22431905912782854,0.7802278559228952,44c6b07b,-0.8571887858866605,661.3,0.9,41.9
0.2599188857172269,0.34925409222107695,U8,MN8014,14.882014414901132,4.018750691824918,CPG,SSPG,0.942,0.962,0.1296194707003373,0.40964375032272526,0.20498193767211137,-1.121797561030465,19.354590181147746,18.374771313078796,0.22431905912782854,0.7802278559228952,44c6b07b,-0.8571887858866605,661.3,0.9,41.9
0.2599188857172269,0.34925409222107695,U8,MN8014,14.882014414901132,4.018750691824918,CPG,SSPG,0.942,0.962,0.1296194707003373,0.40964375032272526,0.20498193767211137,-1.121797561030465,19.326814215318606,18.374771313078796,0.22431905912782854,0.7802278559228952,44c6b07b,-0.8571887858866605,661.3,0.9,41.9
0.2536608941216081,0.3326900365071727,U8,MN8014,16.37242755722164,4.168399590550022,CPG,SSPG,0.938,0.954,0.12492542016779237,0.3965450705441034,0.20698081609411334,-0.9079918096260748,21.24020597421753,21.416067072688943,0.27388295933719575,0.8903376611130369,0dfb14e6,-0.7836569860496265,664.3,1.5,40.8
0.2536608941216081,0.3326900365071727,U8,MN8014,16.37242755722164,4.168399590550022,CPG,SSPG,0.938,0.954,0.12492542016779237,0.3965450705441034,0.20698081609411334,-0.9079918096260748,21.895007612452467,21.416067072688943,0.27388295933719575,0.8903376611130369,0dfb14e6,-0.7836569860496265,664.3,1.5,40.8
0.2536608941216081,0.3326900365071727,U8,MN8014,16.37242755722164,4.168399590550022,CPG,SSPG,0.938,0.954,0.12492542016779237,0.3965450705441034,0.20698081609411334,-0.9079918096260748,21.31330510100367,21.416067072688943,0.27388295933719575,0.8903376611130369,0dfb14e6,-0.7836569860496265,664.3,1.5,40.8
0.2536608941216081,0.3326900365071727,U8,MN8014,16.37242755722164,4.168399590550022,CPG,SSPG,0.938,0.954,0.12492542016779237,0.3965450705441034,0.20698081609411334,-0.9079918096260748,21.01004727866421,21.416067072688943,0.27388295933719575,0.8903376611130369,0dfb14e6,-0.7836569860496265,664.3,1.5,40.8
0.2536608941216081,0.3326900365071727,U8,MN8014,16.37242755722164,4.168399590550022,CPG,SSPG,0.938,0.954,0.12492542016779237,0.3965450705441034,0.20698081609411334,-0.9079918096260748,20.986550597713023,21.416067072688943,0.27388295933719575,0.8903376611130369,0dfb14e6,-0.7836569860496265,664.3,1.5,40.8
0.25210102255415184,0.3373509815306718,U8,MN8014,16.932642905069393,4.049982581752194,WPG,SSPG,0.887,0.962,0.12446525193529574,0.37709650159839625,0.20744467495555663,-0.7551847140818029,20.06411404925563,21.466995674706595,0.2913290855071247,0.8949601424057693,c46a23df,-0.8138790272254184,695.9,0.6,43.1
0.25210102255415184,0.3373509815306718,U8,MN8014,16.932642905069393,4.049982581752194,WPG,SSPG,0.887,0.962,0.12446525193529574,0.37709650159839625,0.20744467495555663,-0.7551847140818029,19.195780645017066,21.466995674706595,0.2913290855071247,0.8949601424057693,c46a23df,-0.8138790272254184,695.9,0.6,43.1
0.25210102255415184,0.3373509815306718,U8,MN8014,16.932642905069393,4.049982581752194,WPG,SSPG,0.887,0.962,0.12446525193529574,0.37709650159839625,0.20744467495555663,-0.7551847140818029,19.097436901932202,21.466995674706595,0.2913290855071247,0.8949601424057693,c46a23df,-0.8138790272254184,695.9,0.6,43.1
0.25210102255415184,0.3373509815306718,U8,MN8014,16.932642905069393,4.049982581752194,WPG,SSPG,0.887,0.962,0.12446525193529574,0.37709650159839625,0.20744467495555663,-0.7551847140818029,19.697510639889423,21.466995674706595,0.2913290855071247,0.8949601424057693,c46a23df,-0.8138790272254184,695.9,0.6,43.1
0.25210102255415184,0.3373509815306718,U8,MN8014,16.932642905069393,4.049982581752194,WPG,SSPG,0.887,0.962,0.12446525193529574,0.37709650159839625,0.20744467495555663,-0.7551847140818029,20.287717363237874,21.466995674706595,0.2913290855071247,0.8949601424057693,c46a23df,-0.8138790272254184,695.9,0.6,43.1
0.23964660712940702,0.34739892461207655,U8,MN8014,15.635152457054007,4.00078651764033,CPG,SSPG,0.942,0.962,0.12414119804682563,0.3884362251444412,0.2467481145350413,-0.8021572726199699,12.93569792046689,20.397819249015473,0.21092000937494468,0.8576480130936993,97e2f5e8,-0.8555464463528502,720.6,1.2,44.9
0.23964660712940702,0.34739892461207655,U8,MN8014,15.635152457054007,4.00078651764033,CPG,SSPG,0.942,0.962,0.12414119804682563,0.3884362251444412,0.2467481145350413,-0.8021572726199699,19.299203789364167,20.397819249015473,0.21092000937494468,0.8576480130936993,97e2f5e8,-0.8555464463528502,720.6,1.2,44.9
0.23964660712940702,0.34739892461207655,U8,MN8014,15.635152457054007,4.00078651764033,CPG,SSPG,0.942,0.962,0.12414119804682563,0.3884362251444412,0.2467481145350413,-0.8021572726199699,20.69458646288483,20.397819249015473,0.21092000937494468,0.8576480130936993,97e2f5e8,-0.8555464463528502,720.6,1.2,44.9
0.23964660712940702,0.34739892461207655,U8,MN8014,15.635152457054007,4.00078651764033,CPG,SSPG,0.942,0.962,0.12414119804682563,0.3884362251444412,0.2467481145350413,-0.8021572726199699,22.069883319596272,20.397819249015473,0.21092000937494468,0.8576480130936993,97e2f5e8,-0.8555464463528502,720.6,1.2,44.9
0.23964660712940702,0.34739892461207655,U8,MN8014,15.635152457054007,4.00078651764033,CPG,SSPG,0.942,0.962,0.12414119804682563,0.3884362251444412,0.2467481145350413,-0.8021572726199699,23.050047365219946,20.397819249015473,0.21092000937494468,0.8576480130936993,97e2f5e8,-0.8555464463528502,720.6,1.2,44.9
0.26013750754928977,0.34938793969734494,U8,MN8014,16.055306165268703,4.581050894309288,WPG,SSPG,0.895,0.957,0.12037534286164697,0.39344352351276696,0.2099604839024529,-0.845611794192751,11.309969797043825,20.485143279722816,0.2897950351412279,0.8480514290738781,425cd554,-0.7090155319979861,726.0,0.6,47.1
0.26013750754928977,0.34938793969734494,U8,MN8014,16.055306165268703,4.581050894309288,WPG,SSPG,0.895,0.957,0.12037534286164697,0.39344352351276696,0.2099604839024529,-0.845611794192751,17.380059030730546,20.485143279722816,0.2897950351412279,0.8480514290738781,425cd554,-0.7090155319979861,726.0,0.6,47.1
0.26013750754928977,0.34938793969734494,U8,MN8014,16.055306165268703,4.581050894309288,WPG,SSPG,0.895,0.957,0.12037534286164697,0.39344352351276696,0.2099604839024529,-0.845611794192751,19.710112770732735,20.485143279722816,0.2897950351412279,0.8480514290738781,425cd554,-0.7090155319979861,726.0,0.6,47.1
0.26013750754928977,0.34938793969734494,U8,MN8014,16.055306165268703,4.581050894309288,WPG,SSPG,0.895,0.957,0.12037534286164697,0.39344352351276696,0.2099604839024529,-0.845611794192751,18.79794897617763,20.485143279722816,0.2897950351412279,0.8480514290738781,425cd554,-0.7090155319979861,726.0,0.6,47.1
0.26013750754928977,0.34938793969734494,U8,MN8014,16.055306165268703,4.581050894309288,WPG,SSPG,0.895,0.957,0.12037534286164697,0.39344352351276696,0.2099604839024529,-0.845611794192751,20.657209152454445,20.485143279722816,0.2897950351412279,0.8480514290738781,425cd554,-0.7090155319979861,726.0,0.6,47.1
0.2612022377775299,0.347336405455288,U8,MN8014,15.41050267798412,4.073540225644956,CPG,SSPG,0.941,0.964,0.12105257207416327,0.39835466660580743,0.2704233394636462,-1.0028181689594922,18.02182212723821,16.922406522608078,0.11325475366809147,0.6111378256376916,270f804e,0.4265356962235902,642.4,1.2,39.6
0.2612022377775299,0.347336405455288,U8,MN8014,15.41050267798412,4.073540225644956,CPG,SSPG,0.941,0.964,0.12105257207416327,0.39835466660580743,0.2704233394636462,-1.0028181689594922,18.82452431278621,16.922406522608078,0.11325475366809147,0.6111378256376916,270f804e,0.4265356962235902,642.4,1.2,39.6
0.2612022377775299,0.347336405455288,U8,MN8014,15.41050267798412,4.073540225644956,CPG,SSPG,0.941,0.964,0.12105257207416327,0.39835466660580743,0.2704233394636462,-1.0028181689594922,18.769113470187246,16.922406522608078,0.11325475366809147,0.6111378256376916,270f804e,0.4265356962235902,642.4,1.2,39.6
0.2612022377775299,0.347336405455288,U8,MN8014,15.41050267798412,4.073540225644956,CPG,SSPG,0.941,0.964,0.12105257207416327,0.39835466660580743,0.2704233394636462,-1.0028181689594922,18.612386193896835,16.922406522608078,0.11325475366809147,0.6111378256376916,270f804e,0.4265356962235902,642.4,1.2,39.6
0.2612022377775299,0.347336405455288,U8,MN8014,15.41050267798412,4.073540225644956,CPG,SSPG,0.941,0.964,0.12105257207416327,0.39835466660580743,0.2704233394636462,-1.0028181689594922,17.953533743002733,16.922406522608078,0.11325475366809147,0.6111378256376916,270f804e,0.4265356962235902,642.4,1.2,39.6
0.2525369982066701,0.3498889018029542,U8,MN8014,15.415694494272138,4.021359331860281,CPG,SSPG,0.941,0.962,0.12414324371232334,0.391793741328755,0.20145064342864388,-1.0995426354765592,21.73122417724132,18.51531367109575,0.15109265310150694,0.734005164615059,283f7056,-0.27296037601727896,614.4,0.7,45.7
0.2525369982066701,0.3498889018029542,U8,MN8014,15.415694494272138,4.021359331860281,CPG,SSPG,0.941,0.962,0.12414324371232334,0.391793741328755,0.20145064342864388,-1.0995426354765592,22.146105081937925,18.51531367109575,0.15109265310150694,0.734005164615059,283f7056,-0.27296037601727896,614.4,0.7,45.7
0.2525369982066701,0.3498889018029542,U8,MN8014,15.415694494272138,4.021359331860281,CPG,SSPG,0.941,0.962,0.12414324371232334,0.391793741328755,0.20145064342864388,-1.0995426354765592,22.002392730041528,18.51531367109575,0.15109265310150694,0.734005164615059,283f7056,-0.27296037601727896,614.4,0.7,45.7
0.2525369982066701,0.3498889018029542,U8,MN8014,15.415694494272138,4.021359331860281,CPG,SSPG,0.941,0.962,0.12414324371232334,0.391793741328755,0.20145064342864388,-1.0995426354765592,22.021278498784724,18.51531367109575,0.15109265310150694,0.734005164615059,283f7056,-0.27296037601727896,614.4,0.7,45.7
0.2525369982066701,0.3498889018029542,U8,MN8014,15.415694494272138,4.021359331860281,CPG,SSPG,0.941,0.962,0.12414324371232334,0.391793741328755,0.20145064342864388,-1.0995426354765592,21.955006582033164,18.51531367109575,0.15109265310150694,0.734005164615059,283f7056,-0.27296037601727896,614.4,0.7,45.7
0.258078691168659,0.34522093356072026,U8,MN8014,16.749332888460984,4.080005099613105,CPG,SSPG,0.939,0.964,0.12142214157831974,0.40405068619221296,0.23225320522575976,-1.0348357879913692,22.600636432080538,21.039535250413262,0.20069142625124267,0.8565149698403745,3865fa9e,-0.5642094615672093,645.3,0.3,41.2
0.258078691168659,0.34522093356072026,U8,MN8014,16.749332888460984,4.080005099613105,CPG,SSPG,0.939,0.964,0.12142214157831974,0.40405068619221296,0.23225320522575976,-1.0348357879913692,22.276623016868683,21.039535250413262,0.20069142625124267,0.8565149698403745,3865fa9e,-0.5642094615672093,645.3,0.3,41.2
0.258078691168659,0.34522093356072026,U8,MN8014,16.749332888460984,4.080005099613105,CPG,SSPG,0.939,0.964,0.12142214157831974,0.40405068619221296,0.23225320522575976,-1.0348357879913692,22.27689929036903,21.039535250413262,0.20069142625124267,0.8565149698403745,3865fa9e,-0.5642094615672093,645.3,0.3,41.2
0.258078691168659,0.34522093356072026,U8,MN8014,16.749332888460984,4.080005099613105,CPG,SSPG,0.939,0.964,0.12142214157831974,0.40405068619221296,0.23225320522575976,-1.0348357879913692,22.18212680181633,21.039535250413262,0.20069142625124267,0.8565149698403745,3865fa9e,-0.5642094615672093,645.3,0.3,41.2
0.258078691168659,0.34522093356072026,U8,MN8014,16.749332888460984,4.080005099613105,CPG,SSPG,0.939,0.964,0.12142214157831974,0.40405068619221296,0.23225320522575976,-1.0348357879913692,22.1382478142743,21.039535250413262,0.20069142625124267,0.8565149698403745,3865fa9e,-0.5642094615672093,645.3,0.3,41.2
0.24415428243527154,0.3436101794540747,U8,MN8014,16.54426082482957,4.1919730763686225,CPG,SSPG,0.938,0.954,0.1286235537050918,0.40060389182286227,0.20347645548678603,-1.0890892368954805,23.405311184683452,22.00095838494491,0.2398000679527777,0.9209160590456712,128e5155,-0.8759496565352478,710.0,1.3,44.9
0.24415428243527154,0.3436101794540747,U8,MN8014,16.54426082482957,4.1919730763686225,CPG,SSPG,0.938,0.954,0.1286235537050918,0.40060389182286227,0.20347645548678603,-1.0890892368954805,22.933933667726468,22.00095838494491,0.2398000679527777,0.9209160590456712,128e5155,-0.8759496565352478,710.0,1.3,44.9
0.24415428243527154,0.3436101794540747,U8,MN8014,16.54426082482957,4.1919730763686225,CPG,SSPG,0.938,0.954,0.1286235537050918,0.40060389182286227,0.20347645548678603,-1.0890892368954805,23.828071720569607,22.00095838494491,0.2398000679527777,0.9209160590456712,128e5155,-0.8759496565352478,710.0,1.3,44.9
0.24415428243527154,0.3436101794540747,U8,MN8014,16.54426082482957,4.1919730763686225,CPG,SSPG,0.938,0.954,0.1286235537050918,0.40060389182286227,0.20347645548678603,-1.0890892368954805,23.0917422528546,22.00095838494491,0.2398000679527777,0.9209160590456712,128e5155,-0.8759496565352478,710.0,1.3,44.9
0.24415428243527154,0.3436101794540747,U8,MN8014,16.54426082482957,4.1919730763686225,CPG,SSPG,0.938,0.954,0.1286235537050918,0.40060389182286227,0.20347645548678603,-1.0890892368954805,22.772895575362263,22.00095838494491,0.2398000679527777,0.9209160590456712,128e5155,-0.8759496565352478,710.0,1.3,44.9
0.2497726100885197,0.34958510954669836,U8,MN8014,15.082082252863852,4.178488630099946,CPG,SSPG,0.94,0.954,0.11982545896228432,0.37942676664039815,0.20048777282933344,-0.9605268363906536,19.552491172486157,20.272181908162583,0.2496111692588476,0.8561729511549837,794e8b37,-0.893376902522542,726.0,0.6,44.2
0.2497726100885197,0.34958510954669836,U8,MN8014,15.082082252863852,4.178488630099946,CPG,SSPG,0.94,0.954,0.11982545896228432,0.37942676664039815,0.20048777282933344,-0.9605268363906536,21.16253636783264,20.272181908162583,0.2496111692588476,0.8561729511549837,794e8b37,-0.893376902522542,726.0,0.6,44.2
0.2497726100885197,0.34958510954669836,U8,MN8014,15.082082252863852,4.178488630099946,CPG,SSPG,0.94,0.954,0.11982545896228432,0.37942676664039815,0.20048777282933344,-0.9605268363906536,20.40600996545717,20.272181908162583,0.2496111692588476,0.8561729511549837,794e8b37,-0.893376902522542,726.0,0.6,44.2
0.2497726100885197,0.34958510954669836,U8,MN8014,15.082082252863852,4.178488630099946,CPG,SSPG,0.94,0.954,0.11982545896228432,0.37942676664039815,0.20048777282933344,-0.9605268363906536,20.624585094455693,20.272181908162583,0.2496111692588476,0.8561729511549837,794e8b37,-0.893376902522542,726.0,0.6,44.2
0.2497726100885197,0.34958510954669836,U8,MN8014,15.082082252863852,4.178488630099946,CPG,SSPG,0.94,0.954,0.11982545896228432,0.37942676664039815,0.20048777282933344,-0.9605268363906536,21.228339729853175,20.272181908162583,0.2496111692588476,0.8561729511549837,794e8b37,-0.893376902522542,726.0,0.6,44.2
0.2575435927557875,0.3493374339525833,U8,MN8014,15.846624704399163,4.000001149230509,CPG,SSPG,0.939,0.962,0.13354219360475877,0.41115870831238777,0.2002809190480224,-1.0478708379818578,18.2215876537275,20.58555124052114,0.2868302059240616,0.84242451312771,4b2f6e76,-0.6017419098044723,695.9,0.7,43.0
0.2575435927557875,0.3493374339525833,U8,MN8014,15.846624704399163,4.000001149230509,CPG,SSPG,0.939,0.962,0.13354219360475877,0.41115870831238777,0.2002809190480224,-1.0478708379818578,18.01938163023544,20.58555124052114,0.2868302059240616,0.84242451312771,4b2f6e76,-0.6017419098044723,695.9,0.7,43.0
0.2575435927557875,0.3493374339525833,U8,MN8014,15.846624704399163,4.000001149230509,CPG,SSPG,0.939,0.962,0.13354219360475877,0.41115870831238777,0.2002809190480224,-1.0478708379818578,18.955518685809352,20.58555124052114,0.2868302059240616,0.84242451312771,4b2f6e76,-0.6017419098044723,695.9,0.7,43.0
0.2575435927557875,0.3493374339525833,U8,MN8014,15.846624704399163,4.000001149230509,CPG,SSPG,0.939,0.962,0.13354219360475877,0.41115870831238777,0.2002809190480224,-1.0478708379818578,18.519660283292225,20.58555124052114,0.2868302059240616,0.84242451312771,4b2f6e76,-0.6017419098044723,695.9,0.7,43.0
0.2575435927557875,0.3493374339525833,U8,MN8014,15.846624704399163,4.000001149230509,CPG,SSPG,0.939,0.962,0.13354219360475877,0.41115870831238777,0.2002809190480224,-1.0478708379818578,19.38756930101293,20.58555124052114,0.2868302059240616,0.84242451312771,4b2f6e76,-0.6017419098044723,695.9,0.7,43.0
0.25602274863162144,0.34787541885556716,U8,MN8014,15.714522782917584,4.176733458518164,CPG,SSPG,0.939,0.954,0.12910361862474218,0.4168876448937542,0.2197151615864784,-0.7982224310602456,17.76315465225117,21.173037519318445,0.31111059549556447,0.8280104769529302,b18cc684,-0.18360298325238134,673.8,1.2,44.0
0.25602274863162144,0.34787541885556716,U8,MN8014,15.714522782917584,4.176733458518164,CPG,SSPG,0.939,0.954,0.12910361862474218,0.4168876448937542,0.2197151615864784,-0.7982224310602456,18.1246974658587,21.173037519318445,0.31111059549556447,0.8280104769529302,b18cc684,-0.18360298325238134,673.8,1.2,44.0
0.25602274863162144,0.34787541885556716,U8,MN8014,15.714522782917584,4.176733458518164,CPG,SSPG,0.939,0.954,0.12910361862474218,0.4168876448937542,0.2197151615864784,-0.7982224310602456,18.20383507456538,21.173037519318445,0.31111059549556447,0.8280104769529302,b18cc684,-0.18360298325238134,673.8,1.2,44.0
0.25602274863162144,0.34787541885556716,U8,MN8014,15.714522782917584,4.176733458518164,CPG,SSPG,0.939,0.954,0.12910361862474218,0.4168876448937542,0.2197151615864784,-0.7982224310602456,18.212808782635236,21.173037519318445,0.31111059549556447,0.8280104769529302,b18cc684,-0.18360298325238134,673.8,1.2,44.0
0.25602274863162144,0.34787541885556716,U8,MN8014,15.714522782917584,4.176733458518164,CPG,SSPG,0.939,0.954,0.12910361862474218,0.4168876448937542,0.2197151615864784,-0.7982224310602456,17.802581789653388,21.173037519318445,0.31111059549556447,0.8280104769529302,b18cc684,-0.18360298325238134,673.8,1.2,44.0
0.24884860931039093,0.34797033087240564,U8,MN8014,15.969508585679332,4.066066091181321,CPG,SSPG,0.94,0.964,0.1216444846536023,0.3971511995065219,0.2118374932522396,-0.8896759286532225,17.30545997606799,21.16090008768112,0.24257446647885353,0.8814458708732807,98e068f5,-0.7937487220568809,643.8,0.6,43.9
0.24884860931039093,0.34797033087240564,U8,MN8014,15.969508585679332,4.066066091181321,CPG,SSPG,0.94,0.964,0.1216444846536023,0.3971511995065219,0.2118374932522396,-0.8896759286532225,19.467799553396336,21.16090008768112,0.24257446647885353,0.8814458708732807,98e068f5,-0.7937487220568809,643.8,0.6,43.9
0.24884860931039093,0.34797033087240564,U8,MN8014,15.969508585679332,4.066066091181321,CPG,SSPG,0.94,0.964,0.1216444846536023,0.3971511995065219,0.2118374932522396,-0.8896759286532225,19.716874260626458,21.16090008768112,0.24257446647885353,0.8814458708732807,98e068f5,-0.7937487220568809,643.8,0.6,43.9
0.24884860931039093,0.34797033087240564,U8,MN8014,15.969508585679332,4.066066091181321,CPG,SSPG,0.94,0.964,0.1216444846536023,0.3971511995065219,0.2118374932522396,-0.8896759286532225,21.033942525785903,21.16090008768112,0.24257446647885353,0.8814458708732807,98e068f5,-0.7937487220568809,643.8,0.6,43.9
0.24884860931039093,0.34797033087240564,U8,MN8014,15.969508585679332,4.066066091181321,CPG,SSPG,0.94,0.964,0.1216444846536023,0.3971511995065219,0.2118374932522396,-0.8896759286532225,18.889977477389493,21.16090008768112,0.24257446647885353,0.8814458708732807,98e068f5,-0.7937487220568809,643.8,0.6,43.9
0.24730294060671804,0.3259424072679541,U8,MN8014,16.89491507812447,4.133244869263708,WPG,SSPG,0.887,0.964,0.12568755835374606,0.36655619223974834,0.2673746954439886,-0.8773279579526846,15.851543738816048,12.159968740965558,0.059081021937326214,0.38115777784217686,cab6829a,0.9629182196485884,758.6,1.1,47.7
0.24730294060671804,0.3259424072679541,U8,MN8014,16.89491507812447,4.133244869263708,WPG,SSPG,0.887,0.964,0.12568755835374606,0.36655619223974834,0.2673746954439886,-0.8773279579526846,16.369638060192848,12.159968740965558,0.059081021937326214,0.38115777784217686,cab6829a,0.9629182196485884,758.6,1.1,47.7
0.24730294060671804,0.3259424072679541,U8,MN8014,16.89491507812447,4.133244869263708,WPG,SSPG,0.887,0.964,0.12568755835374606,0.36655619223974834,0.2673746954439886,-0.8773279579526846,16.333179324014647,12.159968740965558,0.059081021937326214,0.38115777784217686,cab6829a,0.9629182196485884,758.6,1.1,47.7
0.24730294060671804,0.3259424072679541,U8,MN8014,16.89491507812447,4.133244869263708,WPG,SSPG,0.887,0.964,0.12568755835374606,0.36655619223974834,0.2673746954439886,-0.8773279579526846,16.389944661573633,12.159968740965558,0.059081021937326214,0.38115777784217686,cab6829a,0.9629182196485884,758.6,1.1,47.7
0.24730294060671804,0.3259424072679541,U8,MN8014,16.89491507812447,4.133244869263708,WPG,SSPG,0.887,0.964,0.12568755835374606,0.36655619223974834,0.2673746954439886,-0.8773279579526846,15.928934600400082,12.159968740965558,0.059081021937326214,0.38115777784217686,cab6829a,0.9629182196485884,758.6,1.1,47.7
0.24627783711081774,0.3497313720009818,U8,MN8014,14.816237017926944,4.003727585405295,CPG,SSPG,0.939,0.962,0.12699223474202814,0.38447286777501005,0.22206219998075805,-1.214974685487157,20.245601318165846,17.766336121268527,0.12728945723622764,0.6674144384053882,7c69aa7d,0.15576958013043996,759.3,0.3,45.7
0.24627783711081774,0.3497313720009818,U8,MN8014,14.816237017926944,4.003727585405295,CPG,SSPG,0.939,0.962,0.12699223474202814,0.38447286777501005,0.22206219998075805,-1.214974685487157,19.834196905570284,17.766336121268527,0.12728945723622764,0.6674144384053882,7c69aa7d,0.15576958013043996,759.3,0.3,45.7
0.24627783711081774,0.3497313720009818,U8,MN8014,14.816237017926944,4.003727585405295,CPG,SSPG,0.939,0.962,0.12699223474202814,0.38447286777501005,0.22206219998075805,-1.214974685487157,20.726326047751947,17.766336121268527,0.12728945723622764,0.6674144384053882,7c69aa7d,0.15576958013043996,759.3,0.3,45.7
0.24627783711081774,0.3497313720009818,U8,MN8014,14.816237017926944,4.003727585405295,CPG,SSPG,0.939,0.962,0.12699223474202814,0.38447286777501005,0.22206219998075805,-1.214974685487157,18.244462141372395,17.766336121268527,0.12728945723622764,0.6674144384053882,7c69aa7d,0.15576958013043996,759.3,0.3,45.7
0.24627783711081774,0.3497313720009818,U8,MN8014,14.816237017926944,4.003727585405295,CPG,SSPG,0.939,0.962,0.12699223474202814,0.38447286777501005,0.22206219998075805,-1.214974685487157,18.948252617246123,17.766336121268527,0.12728945723622764,0.6674144384053882,7c69aa7d,0.15576958013043996,759.3,0.3,45.7
0.25150266364340357,0.3498737051540478,U8,MN8014,15.033078990630443,4.002658632233919,CPG,SSPG,0.943,0.962,0.1169809670866843,0.3819839487312716,0.240894635111526,-0.8694600664347139,21.537590515438527,18.576761961409787,0.17889586090113835,0.7761802749518456,04d72e36,-0.7237050175284399,718.2,0.3,45.2
0.25150266364340357,0.3498737051540478,U8,MN8014,15.033078990630443,4.002658632233919,CPG,SSPG,0.943,0.962,0.1169809670866843,0.3819839487312716,0.240894635111526,-0.8694600664347139,21.157154762673525,18.576761961409787,0.17889586090113835,0.7761802749518456,04d72e36,-0.7237050175284399,718.2,0.3,45.2
0.25150266364340357,0.3498737051540478,U8,MN8014,15.033078990630443,4.002658632233919,CPG,SSPG,0.943,0.962,0.1169809670866843,0.3819839487312716,0.240894635111526,-0.8694600664347139,21.016474926093746,18.576761961409787,0.17889586090113835,0.7761802749518456,04d72e36,-0.7237050175284399,718.2,0.3,45.2
0.25150266364340357,0.3498737051540478,U8,MN8014,15.033078990630443,4.002658632233919,CPG,SSPG,0.943,0.962,0.1169809670866843,0.3819839487312716,0.240894635111526,-0.8694600664347139,21.919996983225214,18.576761961409787,0.17889586090113835,0.7761802749518456,04d72e36,-0.7237050175284399,718.2,0.3,45.2
0.25150266364340357,0.3498737051540478,U8,MN8014,15.033078990630443,4.002658632233919,CPG,SSPG,0.943,0.962,0.1169809670866843,0.3819839487312716,0.240894635111526,-0.8694600664347139,21.86346837841834,18.576761961409787,0.17889586090113835,0.7761802749518456,04d72e36,-0.7237050175284399,718.2,0.3,45.2
0.23684031235061193,0.34302304959659863,U8,MN8014,17.004788158302865,4.100109940318713,WPG,SSPG,0.919,0.964,0.1294899022903791,0.3740642620093143,0.20743796314596233,-1.0271008844223717,24.211063823224215,21.8106860843735,0.19383507442332842,0.8946303669553769,1a7b89b4,-0.660980960382533,665.9,1.7,42.0
0.23684031235061193,0.34302304959659863,U8,MN8014,17.004788158302865,4.100109940318713,WPG,SSPG,0.919,0.964,0.1294899022903791,0.3740642620093143,0.20743796314596233,-1.0271008844223717,23.92501642868696,21.8106860843735,0.19383507442332842,0.8946303669553769,1a7b89b4,-0.660980960382533,665.9,1.7,42.0
0.23684031235061193,0.34302304959659863,U8,MN8014,17.004788158302865,4.100109940318713,WPG,SSPG,0.919,0.964,0.1294899022903791,0.3740642620093143,0.20743796314596233,-1.0271008844223717,23.085144494059488,21.8106860843735,0.19383507442332842,0.8946303669553769,1a7b89b4,-0.660980960382533,665.9,1.7,42.0
0.23684031235061193,0.34302304959659863,U8,MN8014,17.004788158302865,4.100109940318713,WPG,SSPG,0.919,0.964,0.1294899022903791,0.3740642620093143,0.20743796314596233,-1.0271008844223717,15.226969851812315,21.8106860843735,0.19383507442332842,0.8946303669553769,1a7b89b4,-0.660980960382533,665.9,1.7,42.0
0.23684031235061193,0.34302304959659863,U8,MN8014,17.004788158302865,4.100109940318713,WPG,SSPG,0.919,0.964,0.1294899022903791,0.3740642620093143,0.20743796314596233,-1.0271008844223717,24.151380764651698,21.8106860843735,0.19383507442332842,0.8946303669553769,1a7b89b4,-0.660980960382533,665.9,1.7,42.0
0.266613155950091,0.3498810554180309,U8,U12,16.68791625812655,4.04517316898021,CPG,CPG,0.939,0.949,0.11927077266990146,0.3997031031645358,0.2206724880199444,-0.9221083636308274,18.53463690901869,21.65142447372524,0.23502685122922776,0.8263577548559676,32846160,0.042730222422909137,688.0,1.0,42.8
0.266613155950091,0.3498810554180309,U8,U12,16.68791625812655,4.04517316898021,CPG,CPG,0.939,0.949,0.11927077266990146,0.3997031031645358,0.2206724880199444,-0.9221083636308274,18.740987102028768,21.65142447372524,0.23502685122922776,0.8263577548559676,32846160,0.042730222422909137,688.0,1.0,42.8
0.266613155950091,0.3498810554180309,U8,U12,16.68791625812655,4.04517316898021,CPG,CPG,0.939,0.949,0.11927077266990146,0.3997031031645358,0.2206724880199444,-0.9221083636308274,18.98478715552868,21.65142447372524,0.23502685122922776,0.8263577548559676,32846160,0.042730222422909137,688.0,1.0,42.8
0.266613155950091,0.3498810554180309,U8,U12,16.68791625812655,4.04517316898021,CPG,CPG,0.939,0.949,0.11927077266990146,0.3997031031645358,0.2206724880199444,-0.9221083636308274,19.267198673771365,21.65142447372524,0.23502685122922776,0.8263577548559676,32846160,0.042730222422909137,688.0,1.0,42.8
0.266613155950091,0.3498810554180309,U8,U12,16.68791625812655,4.04517316898021,CPG,CPG,0.939,0.949,0.11927077266990146,0.3997031031645358,0.2206724880199444,-0.9221083636308274,20.088768802806428,21.65142447372524,0.23502685122922776,0.8263577548559676,32846160,0.042730222422909137,688.0,1.0,42.8
0.26376113529637957,0.3487408551868216,U8,U12,15.79367942024107,4.003903625972484,CPG,CPG,0.939,0.949,0.12815652719910758,0.40469846956315786,0.20612495818710425,-1.130782308506716,18.68432082486838,19.509552274256585,0.180060746513967,0.7337897728049264,87527fcb,0.16098731235289598,662.0,1.5,43.0
0.26376113529637957,0.3487408551868216,U8,U12,15.79367942024107,4.003903625972484,CPG,CPG,0.939,0.949,0.12815652719910758,0.40469846956315786,0.20612495818710425,-1.130782308506716,18.890284478538206,19.509552274256585,0.180060746513967,0.7337897728049264,87527fcb,0.16098731235289598,662.0,1.5,43.0
0.26376113529637957,0.3487408551868216,U8,U12,15.79367942024107,4.003903625972484,CPG,CPG,0.939,0.949,0.12815652719910758,0.40469846956315786,0.20612495818710425,-1.130782308506716,19.07408652388675,19.509552274256585,0.180060746513967,0.7337897728049264,87527fcb,0.16098731235289598,662.0,1.5,43.0
0.26376113529637957,0.3487408551868216,U8,U12,15.79367942024107,4.003903625972484,CPG,CPG,0.939,0.949,0.12815652719910758,0.40469846956315786,0.20612495818710425,-1.130782308506716,11.351770331047026,19.509552274256585,0.180060746513967,0.7337897728049264,87527fcb,0.16098731235289598,662.0,1.5,43.0
0.26376113529637957,0.3487408551868216,U8,U12,15.79367942024107,4.003903625972484,CPG,CPG,0.939,0.949,0.12815652719910758,0.40469846956315786,0.20612495818710425,-1.130782308506716,18.525743706757805,19.509552274256585,0.180060746513967,0.7337897728049264,87527fcb,0.16098731235289598,662.0,1.5,43.0
0.23974472805245212,0.349964971987846,U8,MN8014,15.36597402241541,5.669244254313984,CPG,SSPG,0.941,0.947,0.12882711931654325,0.3912875410692029,0.22214199408550314,-0.8077632575023788,18.461834574002527,21.475929493695716,0.27752378979871944,0.8930496255682404,e5968a43,-0.7883749919484906,728.5,0.4,45.0
0.23974472805245212,0.349964971987846,U8,MN8014,15.36597402241541,5.669244254313984,CPG,SSPG,0.941,0.947,0.12882711931654325,0.3912875410692029,0.22214199408550314,-0.8077632575023788,20.325258787661625,21.475929493695716,0.27752378979871944,0.8930496255682404,e5968a43,-0.7883749919484906,728.5,0.4,45.0
0.23974472805245212,0.349964971987846,U8,MN8014,15.36597402241541,5.669244254313984,CPG,SSPG,0.941,0.947,0.12882711931654325,0.3912875410692029,0.22214199408550314,-0.8077632575023788,20.534853826144538,21.475929493695716,0.27752378979871944,0.8930496255682404,e5968a43,-0.7883749919484906,728.5,0.4,45.0
0.23974472805245212,0.349964971987846,U8,MN8014,15.36597402241541,5.669244254313984,CPG,SSPG,0.941,0.947,0.12882711931654325,0.3912875410692029,0.22214199408550314,-0.8077632575023788,20.82912076738367,21.475929493695716,0.27752378979871944,0.8930496255682404,e5968a43,-0.7883749919484906,728.5,0.4,45.0
0.23974472805245212,0.349964971987846,U8,MN8014,15.36597402241541,5.669244254313984,CPG,SSPG,0.941,0.947,0.12882711931654325,0.3912875410692029,0.22214199408550314,-0.8077632575023788,20.93365458981503,21.475929493695716,0.27752378979871944,0.8930496255682404,e5968a43,-0.7883749919484906,728.5,0.4,45.0
0.23335848671955198,0.3394745749719487,U8,MN8014,15.806898437565431,5.2415853489889415,CPG,SSPG,0.939,0.96,0.12610587341465526,0.3770915601389811,0.25894938582447613,-0.7850272563568715,20.53908602402759,18.66591961681805,0.15072637141853373,0.7334625348484222,e2440486,-0.20145342908196717,727.4,0.4,43.8
0.23335848671955198,0.3394745749719487,U8,MN8014,15.806898437565431,5.2415853489889415,CPG,SSPG,0.939,0.96,0.12610587341465526,0.3770915601389811,0.25894938582447613,-0.7850272563568715,20.43566679574646,18.66591961681805,0.15072637141853373,0.7334625348484222,e2440486,-0.20145342908196717,727.4,0.4,43.8
0.23335848671955198,0.3394745749719487,U8,MN8014,15.806898437565431,5.2415853489889415,CPG,SSPG,0.939,0.96,0.12610587341465526,0.3770915601389811,0.25894938582447613,-0.7850272563568715,20.361276093990142,18.66591961681805,0.15072637141853373,0.7334625348484222,e2440486,-0.20145342908196717,727.4,0.4,43.8
0.23335848671955198,0.3394745749719487,U8,MN8014,15.806898437565431,5.2415853489889415,CPG,SSPG,0.939,0.96,0.12610587341465526,0.3770915601389811,0.25894938582447613,-0.7850272563568715,20.33866097942493,18.66591961681805,0.15072637141853373,0.7334625348484222,e2440486,-0.20145342908196717,727.4,0.4,43.8
0.23335848671955198,0.3394745749719487,U8,MN8014,15.806898437565431,5.2415853489889415,CPG,SSPG,0.939,0.96,0.12610587341465526,0.3770915601389811,0.25894938582447613,-0.7850272563568715,20.5028114295941,18.66591961681805,0.15072637141853373,0.7334625348484222,e2440486,-0.20145342908196717,727.4,0.4,43.8
0.22848007068648984,0.3452051176697896,U8,MN8014,14.64746448533682,4.072927346783507,CPG,SSPG,0.944,0.964,0.12746134215665655,0.4046770395719409,0.20083613732077862,-0.8901129306146239,19.41107836370832,20.616587695981256,0.2939514860647266,0.8246287315270909,18028f38,-0.3868270892075376,735.7,0.9,45.9
0.22848007068648984,0.3452051176697896,U8,MN8014,14.64746448533682,4.072927346783507,CPG,SSPG,0.944,0.964,0.12746134215665655,0.4046770395719409,0.20083613732077862,-0.8901129306146239,19.911824131759403,20.616587695981256,0.2939514860647266,0.8246287315270909,18028f38,-0.3868270892075376,735.7,0.9,45.9
0.22848007068648984,0.3452051176697896,U8,MN8014,14.64746448533682,4.072927346783507,CPG,SSPG,0.944,0.964,0.12746134215665655,0.4046770395719409,0.20083613732077862,-0.8901129306146239,19.814748371042793,20.616587695981256,0.2939514860647266,0.8246287315270909,18028f38,-0.3868270892075376,735.7,0.9,45.9
0.22848007068648984,0.3452051176697896,U8,MN8014,14.64746448533682,4.072927346783507,CPG,SSPG,0.944,0.964,0.12746134215665655,0.4046770395719409,0.20083613732077862,-0.8901129306146239,19.832359056869613,20.616587695981256,0.2939514860647266,0.8246287315270909,18028f38,-0.3868270892075376,735.7,0.9,45.9
0.22848007068648984,0.3452051176697896,U8,MN8014,14.64746448533682,4.072927346783507,CPG,SSPG,0.944,0.964,0.12746134215665655,0.4046770395719409,0.20083613732077862,-0.8901129306146239,19.86527819860435,20.616587695981256,0.2939514860647266,0.8246287315270909,18028f38,-0.3868270892075376,735.7,0.9,45.9
0.23962234604284638,0.3433837608453535,U8,MN8014,15.686813629615505,5.586073810844308,CPG,SSPG,0.939,0.962,0.12336981353368166,0.3722327028536734,0.24895002633912397,-0.5750810352731202,17.665359054647293,19.62133513973572,0.22968497443109037,0.8053792212361728,f778df13,-0.6008760445525283,737.5,0.1,44.8
0.23962234604284638,0.3433837608453535,U8,MN8014,15.686813629615505,5.586073810844308,CPG,SSPG,0.939,0.962,0.12336981353368166,0.3722327028536734,0.24895002633912397,-0.5750810352731202,18.829880761821695,19.62133513973572,0.22968497443109037,0.8053792212361728,f778df13,-0.6008760445525283,737.5,0.1,44.8
0.23962234604284638,0.3433837608453535,U8,MN8014,15.686813629615505,5.586073810844308,CPG,SSPG,0.939,0.962,0.12336981353368166,0.3722327028536734,0.24895002633912397,-0.5750810352731202,19.323093801791384,19.62133513973572,0.22968497443109037,0.8053792212361728,f778df13,-0.6008760445525283,737.5,0.1,44.8
0.23962234604284638,0.3433837608453535,U8,MN8014,15.686813629615505,5.586073810844308,CPG,SSPG,0.939,0.962,0.12336981353368166,0.3722327028536734,0.24895002633912397,-0.5750810352731202,19.49415285485457,19.62133513973572,0.22968497443109037,0.8053792212361728,f778df13,-0.6008760445525283,737.5,0.1,44.8
0.23962234604284638,0.3433837608453535,U8,MN8014,15.686813629615505,5.586073810844308,CPG,SSPG,0.939,0.962,0.12336981353368166,0.3722327028536734,0.24895002633912397,-0.5750810352731202,19.321435945065918,19.62133513973572,0.22968497443109037,0.8053792212361728,f778df13,-0.6008760445525283,737.5,0.1,44.8
0.24419877826649344,0.34805186448490943,U8,MN8014,15.829824484017397,4.116017565756767,CPG,SSPG,0.939,0.964,0.12266086052178912,0.39728854869169533,0.21603618929697177,-0.7808174020842218,19.742874069567243,21.473063991681034,0.28689325439311486,0.8846134072580292,565d308a,-0.6941223444499514,698.6,1.2,46.1
0.24419877826649344,0.34805186448490943,U8,MN8014,15.829824484017397,4.116017565756767,CPG,SSPG,0.939,0.964,0.12266086052178912,0.39728854869169533,0.21603618929697177,-0.7808174020842218,20.363644884393214,21.473063991681034,0.28689325439311486,0.8846134072580292,565d308a,-0.6941223444499514,698.6,1.2,46.1
0.24419877826649344,0.34805186448490943,U8,MN8014,15.829824484017397,4.116017565756767,CPG,SSPG,0.939,0.964,0.12266086052178912,0.39728854869169533,0.21603618929697177,-0.7808174020842218,19.87719876202558,21.473063991681034,0.28689325439311486,0.8846134072580292,565d308a,-0.6941223444499514,698.6,1.2,46.1
0.24419877826649344,0.34805186448490943,U8,MN8014,15.829824484017397,4.116017565756767,CPG,SSPG,0.939,0.964,0.12266086052178912,0.39728854869169533,0.21603618929697177,-0.7808174020842218,20.165206783349625,21.473063991681034,0.28689325439311486,0.8846134072580292,565d308a,-0.6941223444499514,698.6,1.2,46.1
0.24419877826649344,0.34805186448490943,U8,MN8014,15.829824484017397,4.116017565756767,CPG,SSPG,0.939,0.964,0.12266086052178912,0.39728854869169533,0.21603618929697177,-0.7808174020842218,20.611726797340054,21.473063991681034,0.28689325439311486,0.8846134072580292,565d308a,-0.6941223444499514,698.6,1.2,46.1
0.23324187720756429,0.3377795207226916,U10,MN8014,15.76564499433562,5.779084139415169,CPG,SSPG,0.939,0.962,0.11966759745408324,0.366281164135671,0.20164568750710993,-0.7472961316452199,21.348711571291318,27.235694965988042,0.313852317628694,1.0312298921982679,34e90225,0.14724783848251732,764.7,0.1,44.4
0.23324187720756429,0.3377795207226916,U10,MN8014,15.76564499433562,5.779084139415169,CPG,SSPG,0.939,0.962,0.11966759745408324,0.366281164135671,0.20164568750710993,-0.7472961316452199,21.171379506344934,27.235694965988042,0.313852317628694,1.0312298921982679,34e90225,0.14724783848251732,764.7,0.1,44.4
0.23324187720756429,0.3377795207226916,U10,MN8014,15.76564499433562,5.779084139415169,CPG,SSPG,0.939,0.962,0.11966759745408324,0.366281164135671,0.20164568750710993,-0.7472961316452199,21.140956248585063,27.235694965988042,0.313852317628694,1.0312298921982679,34e90225,0.14724783848251732,764.7,0.1,44.4
0.23324187720756429,0.3377795207226916,U10,MN8014,15.76564499433562,5.779084139415169,CPG,SSPG,0.939,0.962,0.11966759745408324,0.366281164135671,0.20164568750710993,-0.7472961316452199,21.618027278195324,27.235694965988042,0.313852317628694,1.0312298921982679,34e90225,0.14724783848251732,764.7,0.1,44.4
0.23324187720756429,0.3377795207226916,U10,MN8014,15.76564499433562,5.779084139415169,CPG,SSPG,0.939,0.962,0.11966759745408324,0.366281164135671,0.20164568750710993,-0.7472961316452199,22.34461420952805,27.235694965988042,0.313852317628694,1.0312298921982679,34e90225,0.14724783848251732,764.7,0.1,44.4
0.2545574106837079,0.34614342736446047,U8,MN8014,16.424161185800763,5.029751800394557,CPG,SSPG,0.938,0.959,0.1221346745061678,0.37544291458760104,0.2058235788176414,-0.5955913161279639,18.353010082250858,23.307437908606868,0.35013275769102875,0.8976395593388332,3cd04c80,-0.045439157089257165,674.8,0.3,43.3
0.2545574106837079,0.34614342736446047,U8,MN8014,16.424161185800763,5.029751800394557,CPG,SSPG,0.938,0.959,0.1221346745061678,0.37544291458760104,0.2058235788176414,-0.5955913161279639,18.631286900568618,23.307437908606868,0.35013275769102875,0.8976395593388332,3cd04c80,-0.045439157089257165,674.8,0.3,43.3
0.2545574106837079,0.34614342736446047,U8,MN8014,16.424161185800763,5.029751800394557,CPG,SSPG,0.938,0.959,0.1221346745061678,0.37544291458760104,0.2058235788176414,-0.5955913161279639,18.61056531189901,23.307437908606868,0.35013275769102875,0.8976395593388332,3cd04c80,-0.045439157089257165,674.8,0.3,43.3
0.2545574106837079,0.34614342736446047,U8,MN8014,16.424161185800763,5.029751800394557,CPG,SSPG,0.938,0.959,0.1221346745061678,0.37544291458760104,0.2058235788176414,-0.5955913161279639,17.99407932885241,23.307437908606868,0.35013275769102875,0.8976395593388332,3cd04c80,-0.045439157089257165,674.8,0.3,43.3
0.2545574106837079,0.34614342736446047,U8,MN8014,16.424161185800763,5.029751800394557,CPG,SSPG,0.938,0.959,0.1221346745061678,0.37544291458760104,0.2058235788176414,-0.5955913161279639,18.499005981108304,23.307437908606868,0.35013275769102875,0.8976395593388332,3cd04c80,-0.045439157089257165,674.8,0.3,43.3
0.24227601618876438,0.34996918237246,U8,MN8014,15.989810352977939,4.372535320530157,CPG,SSPG,0.94,0.956,0.11674884890849838,0.3860971237144048,0.24072594124103816,-0.5693384388450087,16.866934933131017,20.319865774880277,0.26068157343032866,0.8362964445504648,05343bcc,-0.6476835480665617,669.3,1.2,46.2
0.24227601618876438,0.34996918237246,U8,MN8014,15.989810352977939,4.372535320530157,CPG,SSPG,0.94,0.956,0.11674884890849838,0.3860971237144048,0.24072594124103816,-0.5693384388450087,16.402608955682716,20.319865774880277,0.26068157343032866,0.8362964445504648,05343bcc,-0.6476835480665617,669.3,1.2,46.2
0.24227601618876438,0.34996918237246,U8,MN8014,15.989810352977939,4.372535320530157,CPG,SSPG,0.94,0.956,0.11674884890849838,0.3860971237144048,0.24072594124103816,-0.5693384388450087,16.32892419750944,20.319865774880277,0.26068157343032866,0.8362964445504648,05343bcc,-0.6476835480665617,669.3,1.2,46.2
0.24227601618876438,0.34996918237246,U8,MN8014,15.989810352977939,4.372535320530157,CPG,SSPG,0.94,0.956,0.11674884890849838,0.3860971237144048,0.24072594124103816,-0.5693384388450087,16.75438611458687,20.319865774880277,0.26068157343032866,0.8362964445504648,05343bcc,-0.6476835480665617,669.3,1.2,46.2
0.24227601618876438,0.34996918237246,U8,MN8014,15.989810352977939,4.372535320530157,CPG,SSPG,0.94,0.956,0.11674884890849838,0.3860971237144048,0.24072594124103816,-0.5693384388450087,18.337079092701583,20.319865774880277,0.26068157343032866,0.8362964445504648,05343bcc,-0.6476835480665617,669.3,1.2,46.2
0.2299300000380386,0.3497495697651287,U10,MN8014,14.339015742578733,4.424978570678328,CPG,SSPG,0.934,0.956,0.12240923943101494,0.4072973281795918,0.2000953025940781,-0.7389469678255857,15.286305997694871,25.860020771358172,0.38342125152220885,0.8838007937529102,4fe00788,1.2190593898529674,712.4,0.0,42.2
0.2299300000380386,0.3497495697651287,U10,MN8014,14.339015742578733,4.424978570678328,CPG,SSPG,0.934,0.956,0.12240923943101494,0.4072973281795918,0.2000953025940781,-0.7389469678255857,18.158759696487735,25.860020771358172,0.38342125152220885,0.8838007937529102,4fe00788,1.2190593898529674,712.4,0.0,42.2
0.2299300000380386,0.3497495697651287,U10,MN8014,14.339015742578733,4.424978570678328,CPG,SSPG,0.934,0.956,0.12240923943101494,0.4072973281795918,0.2000953025940781,-0.7389469678255857,17.82811771707726,25.860020771358172,0.38342125152220885,0.8838007937529102,4fe00788,1.2190593898529674,712.4,0.0,42.2
0.2299300000380386,0.3497495697651287,U10,MN8014,14.339015742578733,4.424978570678328,CPG,SSPG,0.934,0.956,0.12240923943101494,0.4072973281795918,0.2000953025940781,-0.7389469678255857,18.02306142369349,25.860020771358172,0.38342125152220885,0.8838007937529102,4fe00788,1.2190593898529674,712.4,0.0,42.2
0.2299300000380386,0.3497495697651287,U10,MN8014,14.339015742578733,4.424978570678328,CPG,SSPG,0.934,0.956,0.12240923943101494,0.4072973281795918,0.2000953025940781,-0.7389469678255857,18.476168947486237,25.860020771358172,0.38342125152220885,0.8838007937529102,4fe00788,1.2190593898529674,712.4,0.0,42.2
0.24986785543987033,0.3481851566038206,U8,U12,16.00377936280988,4.195962423439149,CPG,CPG,0.94,0.948,0.12184020195338394,0.3747610516970383,0.2231942305181442,-0.8180751646706225,17.879701554085116,22.537150487416934,0.24780596753902726,0.8585897563484648,e28970e7,0.062284359130471145,817.8,1.8,45.8
0.24986785543987033,0.3481851566038206,U8,U12,16.00377936280988,4.195962423439149,CPG,CPG,0.94,0.948,0.12184020195338394,0.3747610516970383,0.2231942305181442,-0.8180751646706225,19.584757470544936,22.537150487416934,0.24780596753902726,0.8585897563484648,e28970e7,0.062284359130471145,817.8,1.8,45.8
0.24986785543987033,0.3481851566038206,U8,U12,16.00377936280988,4.195962423439149,CPG,CPG,0.94,0.948,0.12184020195338394,0.3747610516970383,0.2231942305181442,-0.8180751646706225,19.190565878752338,22.537150487416934,0.24780596753902726,0.8585897563484648,e28970e7,0.062284359130471145,817.8,1.8,45.8
0.24986785543987033,0.3481851566038206,U8,U12,16.00377936280988,4.195962423439149,CPG,CPG,0.94,0.948,0.12184020195338394,0.3747610516970383,0.2231942305181442,-0.8180751646706225,19.812538577220838,22.537150487416934,0.24780596753902726,0.8585897563484648,e28970e7,0.062284359130471145,817.8,1.8,45.8
0.24986785543987033,0.3481851566038206,U8,U12,16.00377936280988,4.195962423439149,CPG,CPG,0.94,0.948,0.12184020195338394,0.3747610516970383,0.2231942305181442,-0.8180751646706225,18.982686374454513,22.537150487416934,0.24780596753902726,0.8585897563484648,e28970e7,0.062284359130471145,817.8,1.8,45.8
0.23369615281741568,0.3499493008171758,U8,MN8014,17.152183214650503,4.29352727444675,WPG,CPG,0.908,0.955,0.12143190977155756,0.3804671752117213,0.21187301715387913,-0.6658099592615809,20.735357926851623,23.74265274233329,0.3481076357561432,0.942900978725566,985df3ba,-0.3689017822775895,747.1,1.7,46.0
0.23369615281741568,0.3499493008171758,U8,MN8014,17.152183214650503,4.29352727444675,WPG,CPG,0.908,0.955,0.12143190977155756,0.3804671752117213,0.21187301715387913,-0.6658099592615809,20.29754029763889,23.74265274233329,0.3481076357561432,0.942900978725566,985df3ba,-0.3689017822775895,747.1,1.7,46.0
0.23369615281741568,0.3499493008171758,U8,MN8014,17.152183214650503,4.29352727444675,WPG,CPG,0.908,0.955,0.12143190977155756,0.3804671752117213,0.21187301715387913,-0.6658099592615809,20.372194359765498,23.74265274233329,0.3481076357561432,0.942900978725566,985df3ba,-0.3689017822775895,747.1,1.7,46.0
0.23369615281741568,0.3499493008171758,U8,MN8014,17.152183214650503,4.29352727444675,WPG,CPG,0.908,0.955,0.12143190977155756,0.3804671752117213,0.21187301715387913,-0.6658099592615809,20.521351757616383,23.74265274233329,0.3481076357561432,0.942900978725566,985df3ba,-0.3689017822775895,747.1,1.7,46.0
0.23369615281741568,0.3499493008171758,U8,MN8014,17.152183214650503,4.29352727444675,WPG,CPG,0.908,0.955,0.12143190977155756,0.3804671752117213,0.21187301715387913,-0.6658099592615809,21.13652728195778,23.74265274233329,0.3481076357561432,0.942900978725566,985df3ba,-0.3689017822775895,747.1,1.7,46.0
0.23722993002588227,0.34967083730184634,U8,MN8014,16.002956728392988,4.277905431426871,CPG,CPG,0.94,0.955,0.12394621759718873,0.3915413649559046,0.20579933746227125,-0.6637980184422094,18.362460158849586,24.177349942829046,0.4006975134347815,0.8683754676409084,74877266,0.66337503008568,745.3,0.8,42.7
0.23722993002588227,0.34967083730184634,U8,MN8014,16.002956728392988,4.277905431426871,CPG,CPG,0.94,0.955,0.12394621759718873,0.3915413649559046,0.20579933746227125,-0.6637980184422094,18.877725991915188,24.177349942829046,0.4006975134347815,0.8683754676409084,74877266,0.66337503008568,745.3,0.8,42.7
0.23722993002588227,0.34967083730184634,U8,MN8014,16.002956728392988,4.277905431426871,CPG,CPG,0.94,0.955,0.12394621759718873,0.3915413649559046,0.20579933746227125,-0.6637980184422094,18.77525605532284,24.177349942829046,0.4006975134347815,0.8683754676409084,74877266,0.66337503008568,745.3,0.8,42.7
0.23722993002588227,0.34967083730184634,U8,MN8014,16.002956728392988,4.277905431426871,CPG,CPG,0.94,0.955,0.12394621759718873,0.3915413649559046,0.20579933746227125,-0.6637980184422094,18.817160129098273,24.177349942829046,0.4006975134347815,0.8683754676409084,74877266,0.66337503008568,745.3,0.8,42.7
0.23722993002588227,0.34967083730184634,U8,MN8014,16.002956728392988,4.277905431426871,CPG,CPG,0.94,0.955,0.12394621759718873,0.3915413649559046,0.20579933746227125,-0.6637980184422094,18.794632864416474,24.177349942829046,0.4006975134347815,0.8683754676409084,74877266,0.66337503008568,745.3,0.8,42.7
0.2366887463484605,0.3492463485425533,U8,MN8014,16.323045663172493,4.001162406160416,WPG,SSPG,0.891,0.962,0.1121792833941136,0.39858147708930375,0.20183179232357495,-0.6930825998463477,18.33430280808228,21.765530698751437,0.33267533504404223,0.8388056837197603,543521fa,-0.048654600005828996,648.2,1.2,43.0
0.2366887463484605,0.3492463485425533,U8,MN8014,16.323045663172493,4.001162406160416,WPG,SSPG,0.891,0.962,0.1121792833941136,0.39858147708930375,0.20183179232357495,-0.6930825998463477,18.19595468577109,21.765530698751437,0.33267533504404223,0.8388056837197603,543521fa,-0.048654600005828996,648.2,1.2,43.0
0.2366887463484605,0.3492463485425533,U8,MN8014,16.323045663172493,4.001162406160416,WPG,SSPG,0.891,0.962,0.1121792833941136,0.39858147708930375,0.20183179232357495,-0.6930825998463477,18.212438576471847,21.765530698751437,0.33267533504404223,0.8388056837197603,543521fa,-0.048654600005828996,648.2,1.2,43.0
0.2366887463484605,0.3492463485425533,U8,MN8014,16.323045663172493,4.001162406160416,WPG,SSPG,0.891,0.962,0.1121792833941136,0.39858147708930375,0.20183179232357495,-0.6930825998463477,18.294451845710185,21.765530698751437,0.33267533504404223,0.8388056837197603,543521fa,-0.048654600005828996,648.2,1.2,43.0
0.2366887463484605,0.3492463485425533,U8,MN8014,16.323045663172493,4.001162406160416,WPG,SSPG,0.891,0.962,0.1121792833941136,0.39858147708930375,0.20183179232357495,-0.6930825998463477,17.21412686454345,21.765530698751437,0.33267533504404223,0.8388056837197603,543521fa,-0.048654600005828996,648.2,1.2,43.0
0.23903775792162602,0.3477624018079781,U8,MN8014,14.856403937237603,4.071815542086383,CPG,SSPG,0.942,0.964,0.12077446798826416,0.389513491865833,0.22063466755658528,-0.4646181898635957,14.007423706246446,21.39127000589939,0.3604986221884306,0.7665352680739469,1ad53921,0.606999167716932,709.1,0.7,49.4
0.23903775792162602,0.3477624018079781,U8,MN8014,14.856403937237603,4.071815542086383,CPG,SSPG,0.942,0.964,0.12077446798826416,0.389513491865833,0.22063466755658528,-0.4646181898635957,16.778163065099847,21.39127000589939,0.3604986221884306,0.7665352680739469,1ad53921,0.606999167716932,709.1,0.7,49.4
0.23903775792162602,0.3477624018079781,U8,MN8014,14.856403937237603,4.071815542086383,CPG,SSPG,0.942,0.964,0.12077446798826416,0.389513491865833,0.22063466755658528,-0.4646181898635957,16.706150413998657,21.39127000589939,0.3604986221884306,0.7665352680739469,1ad53921,0.606999167716932,709.1,0.7,49.4
0.23903775792162602,0.3477624018079781,U8,MN8014,14.856403937237603,4.071815542086383,CPG,SSPG,0.942,0.964,0.12077446798826416,0.389513491865833,0.22063466755658528,-0.4646181898635957,16.699382117955547,21.39127000589939,0.3604986221884306,0.7665352680739469,1ad53921,0.606999167716932,709.1,0.7,49.4
0.23903775792162602,0.3477624018079781,U8,MN8014,14.856403937237603,4.071815542086383,CPG,SSPG,0.942,0.964,0.12077446798826416,0.389513491865833,0.22063466755658528,-0.4646181898635957,16.37949503035671,21.39127000589939,0.3604986221884306,0.7665352680739469,1ad53921,0.606999167716932,709.1,0.7,49.4
0.24147337005836145,0.3475464342841499,U8,MN8014,16.988664488683757,4.009777141218563,WPG,SSPG,0.919,0.962,0.11888610233298869,0.3868628940402817,0.2000022134138892,-0.7692341888854793,19.711195935039214,23.69746180283678,0.35118319073477866,0.9584896485640818,9e88da6d,-0.5649757267665034,714.3,0.5,44.0
0.24147337005836145,0.3475464342841499,U8,MN8014,16.988664488683757,4.009777141218563,WPG,SSPG,0.919,0.962,0.11888610233298869,0.3868628940402817,0.2000022134138892,-0.7692341888854793,19.59103031554108,23.69746180283678,0.35118319073477866,0.9584896485640818,9e88da6d,-0.5649757267665034,714.3,0.5,44.0
0.24147337005836145,0.3475464342841499,U8,MN8014,16.988664488683757,4.009777141218563,WPG,SSPG,0.919,0.962,0.11888610233298869,0.3868628940402817,0.2000022134138892,-0.7692341888854793,19.18737783885742,23.69746180283678,0.35118319073477866,0.9584896485640818,9e88da6d,-0.5649757267665034,714.3,0.5,44.0
0.24147337005836145,0.3475464342841499,U8,MN8014,16.988664488683757,4.009777141218563,WPG,SSPG,0.919,0.962,0.11888610233298869,0.3868628940402817,0.2000022134138892,-0.7692341888854793,19.79183635085427,23.69746180283678,0.35118319073477866,0.9584896485640818,9e88da6d,-0.5649757267665034,714.3,0.5,44.0
0.24147337005836145,0.3475464342841499,U8,MN8014,16.988664488683757,4.009777141218563,WPG,SSPG,0.919,0.962,0.11888610233298869,0.3868628940402817,0.2000022134138892,-0.7692341888854793,21.111264392140498,23.69746180283678,0.35118319073477866,0.9584896485640818,9e88da6d,-0.5649757267665034,714.3,0.5,44.0
0.23304536113923133,0.3315768351705962,U8,MN8014,14.882093453657953,5.875672787401676,CPG,SSPG,0.942,0.952,0.11609231940761312,0.39458487918478113,0.20339684266231478,-0.3091813703356716,11.377181338523773,18.622587509206095,0.355114797395082,0.525349520620964,6139932d,2.13553770134535,627.5,0.5,48.8
0.23304536113923133,0.3315768351705962,U8,MN8014,14.882093453657953,5.875672787401676,CPG,SSPG,0.942,0.952,0.11609231940761312,0.39458487918478113,0.20339684266231478,-0.3091813703356716,10.926361388328184,18.622587509206095,0.355114797395082,0.525349520620964,6139932d,2.13553770134535,627.5,0.5,48.8
0.23304536113923133,0.3315768351705962,U8,MN8014,14.882093453657953,5.875672787401676,CPG,SSPG,0.942,0.952,0.11609231940761312,0.39458487918478113,0.20339684266231478,-0.3091813703356716,10.90413850036665,18.622587509206095,0.355114797395082,0.525349520620964,6139932d,2.13553770134535,627.5,0.5,48.8
0.23304536113923133,0.3315768351705962,U8,MN8014,14.882093453657953,5.875672787401676,CPG,SSPG,0.942,0.952,0.11609231940761312,0.39458487918478113,0.20339684266231478,-0.3091813703356716,9.67884246060376,18.622587509206095,0.355114797395082,0.525349520620964,6139932d,2.13553770134535,627.5,0.5,48.8
0.23304536113923133,0.3315768351705962,U8,MN8014,14.882093453657953,5.875672787401676,CPG,SSPG,0.942,0.952,0.11609231940761312,0.39458487918478113,0.20339684266231478,-0.3091813703356716,11.166506675342152,18.622587509206095,0.355114797395082,0.525349520620964,6139932d,2.13553770134535,627.5,0.5,48.8
0.23269834062506511,0.3411843026005603,U8,MN8014,16.439845625628443,5.502232786404119,CPG,SSPG,0.938,0.953,0.12100308671001347,0.3815799014884006,0.20529788726398848,-0.5751495966131596,18.035280805979852,24.470474467951313,0.39021341161168016,0.8944661719079773,3a0b7449,0.49525245107162696,740.5,1.4,45.5
0.23269834062506511,0.3411843026005603,U8,MN8014,16.439845625628443,5.502232786404119,CPG,SSPG,0.938,0.953,0.12100308671001347,0.3815799014884006,0.20529788726398848,-0.5751495966131596,18.12642793565466,24.470474467951313,0.39021341161168016,0.8944661719079773,3a0b7449,0.49525245107162696,740.5,1.4,45.5
0.23269834062506511,0.3411843026005603,U8,MN8014,16.439845625628443,5.502232786404119,CPG,SSPG,0.938,0.953,0.12100308671001347,0.3815799014884006,0.20529788726398848,-0.5751495966131596,18.104909046020698,24.470474467951313,0.39021341161168016,0.8944661719079773,3a0b7449,0.49525245107162696,740.5,1.4,45.5
0.23269834062506511,0.3411843026005603,U8,MN8014,16.439845625628443,5.502232786404119,CPG,SSPG,0.938,0.953,0.12100308671001347,0.3815799014884006,0.20529788726398848,-0.5751495966131596,18.22690966228759,24.470474467951313,0.39021341161168016,0.8944661719079773,3a0b7449,0.49525245107162696,740.5,1.4,45.5
0.23269834062506511,0.3411843026005603,U8,MN8014,16.439845625628443,5.502232786404119,CPG,SSPG,0.938,0.953,0.12100308671001347,0.3815799014884006,0.20529788726398848,-0.5751495966131596,18.22567000752176,24.470474467951313,0.39021341161168016,0.8944661719079773,3a0b7449,0.49525245107162696,740.5,1.4,45.5
0.23717249146555036,0.34043495353474756,U8,MN8014,16.226331545388227,4.920585072470137,WPG,CPG,0.893,0.955,0.10455456692068504,0.3609585876805164,0.2773176204610879,-0.7967320583186738,11.081797830880696,8.059398509857674,0.034574501530826966,0.2315542130228005,4c454c8d,0.8767121666878324,691.5,0.8,44.8
0.23717249146555036,0.34043495353474756,U8,MN8014,16.226331545388227,4.920585072470137,WPG,CPG,0.893,0.955,0.10455456692068504,0.3609585876805164,0.2773176204610879,-0.7967320583186738,11.197555305859112,8.059398509857674,0.034574501530826966,0.2315542130228005,4c454c8d,0.8767121666878324,691.5,0.8,44.8
0.23717249146555036,0.34043495353474756,U8,MN8014,16.226331545388227,4.920585072470137,WPG,CPG,0.893,0.955,0.10455456692068504,0.3609585876805164,0.2773176204610879,-0.7967320583186738,11.070807868710707,8.059398509857674,0.034574501530826966,0.2315542130228005,4c454c8d,0.8767121666878324,691.5,0.8,44.8
0.23717249146555036,0.34043495353474756,U8,MN8014,16.226331545388227,4.920585072470137,WPG,CPG,0.893,0.955,0.10455456692068504,0.3609585876805164,0.2773176204610879,-0.7967320583186738,11.160625158276556,8.059398509857674,0.034574501530826966,0.2315542130228005,4c454c8d,0.8767121666878324,691.5,0.8,44.8
0.23717249146555036,0.34043495353474756,U8,MN8014,16.226331545388227,4.920585072470137,WPG,CPG,0.893,0.955,0.10455456692068504,0.3609585876805164,0.2773176204610879,-0.7967320583186738,11.097753066919397,8.059398509857674,0.034574501530826966,0.2315542130228005,4c454c8d,0.8767121666878324,691.5,0.8,44.8
0.23132837272344864,0.3499270541370306,U8,U12,15.498276179265751,4.001896577373843,CPG,CPG,0.938,0.949,0.11370474050191948,0.3753499481299559,0.21008295639578803,-0.9634190589724388,21.483853783993187,21.85504777494907,0.22991391407126824,0.8522847649636732,245e46c2,-0.16238379763014166,768.9,0.0,42.1
0.23132837272344864,0.3499270541370306,U8,U12,15.498276179265751,4.001896577373843,CPG,CPG,0.938,0.949,0.11370474050191948,0.3753499481299559,0.21008295639578803,-0.9634190589724388,20.49290520887762,21.85504777494907,0.22991391407126824,0.8522847649636732,245e46c2,-0.16238379763014166,768.9,0.0,42.1
0.23132837272344864,0.3499270541370306,U8,U12,15.498276179265751,4.001896577373843,CPG,CPG,0.938,0.949,0.11370474050191948,0.3753499481299559,0.21008295639578803,-0.9634190589724388,20.06804766619058,21.85504777494907,0.22991391407126824,0.8522847649636732,245e46c2,-0.16238379763014166,768.9,0.0,42.1
0.23132837272344864,0.3499270541370306,U8,U12,15.498276179265751,4.001896577373843,CPG,CPG,0.938,0.949,0.11370474050191948,0.3753499481299559,0.21008295639578803,-0.9634190589724388,20.590998052072752,21.85504777494907,0.22991391407126824,0.8522847649636732,245e46c2,-0.16238379763014166,768.9,0.0,42.1
0.23132837272344864,0.3499270541370306,U8,U12,15.498276179265751,4.001896577373843,CPG,CPG,0.938,0.949,0.11370474050191948,0.3753499481299559,0.21008295639578803,-0.9634190589724388,20.52691315382916,21.85504777494907,0.22991391407126824,0.8522847649636732,245e46c2,-0.16238379763014166,768.9,0.0,42.1
0.25345527851378347,0.3364566567874166,U8,MN8014,15.424040141541177,4.130207938121869,CPG,SSPG,0.941,0.964,0.11708118497434221,0.38718594851316995,0.20442037883937497,-0.8042639629048665,19.70456201034427,20.710952229265253,0.29562931836735185,0.8405965747711396,a9f8251a,-0.5266247300709317,692.1,0.1,42.3
0.25345527851378347,0.3364566567874166,U8,MN8014,15.424040141541177,4.130207938121869,CPG,SSPG,0.941,0.964,0.11708118497434221,0.38718594851316995,0.20442037883937497,-0.8042639629048665,18.77738850870715,20.710952229265253,0.29562931836735185,0.8405965747711396,a9f8251a,-0.5266247300709317,692.1,0.1,42.3
0.25345527851378347,0.3364566567874166,U8,MN8014,15.424040141541177,4.130207938121869,CPG,SSPG,0.941,0.964,0.11708118497434221,0.38718594851316995,0.20442037883937497,-0.8042639629048665,19.686078359486142,20.710952229265253,0.29562931836735185,0.8405965747711396,a9f8251a,-0.5266247300709317,692.1,0.1,42.3
0.25345527851378347,0.3364566567874166,U8,MN8014,15.424040141541177,4.130207938121869,CPG,SSPG,0.941,0.964,0.11708118497434221,0.38718594851316995,0.20442037883937497,-0.8042639629048665,19.834925857503894,20.710952229265253,0.29562931836735185,0.8405965747711396,a9f8251a,-0.5266247300709317,692.1,0.1,42.3
0.25345527851378347,0.3364566567874166,U8,MN8014,15.424040141541177,4.130207938121869,CPG,SSPG,0.941,0.964,0.11708118497434221,0.38718594851316995,0.20442037883937497,-0.8042639629048665,19.855479143031104,20.710952229265253,0.29562931836735185,0.8405965747711396,a9f8251a,-0.5266247300709317,692.1,0.1,42.3
0.2430376825234437,0.34740035077006737,U8,MN8014,16.50270618565859,4.016913780405935,CPG,SSPG,0.938,0.962,0.12570652637943763,0.379804517479682,0.2097931327652836,-0.8759685311630345,22.037783825836623,22.777040179718036,0.2729897004839467,0.9616057979272165,c5ef053b,-0.9997221029770795,759.9,1.1,47.0
0.2430376825234437,0.34740035077006737,U8,MN8014,16.50270618565859,4.016913780405935,CPG,SSPG,0.938,0.962,0.12570652637943763,0.379804517479682,0.2097931327652836,-0.8759685311630345,22.606225098194738,22.777040179718036,0.2729897004839467,0.9616057979272165,c5ef053b,-0.9997221029770795,759.9,1.1,47.0
0.2430376825234437,0.34740035077006737,U8,MN8014,16.50270618565859,4.016913780405935,CPG,SSPG,0.938,0.962,0.12570652637943763,0.379804517479682,0.2097931327652836,-0.8759685311630345,22.75403821990531,22.777040179718036,0.2729897004839467,0.9616057979272165,c5ef053b,-0.9997221029770795,759.9,1.1,47.0
0.2430376825234437,0.34740035077006737,U8,MN8014,16.50270618565859,4.016913780405935,CPG,SSPG,0.938,0.962,0.12570652637943763,0.379804517479682,0.2097931327652836,-0.8759685311630345,22.894436246476747,22.777040179718036,0.2729897004839467,0.9616057979272165,c5ef053b,-0.9997221029770795,759.9,1.1,47.0
0.2430376825234437,0.34740035077006737,U8,MN8014,16.50270618565859,4.016913780405935,CPG,SSPG,0.938,0.962,0.12570652637943763,0.379804517479682,0.2097931327652836,-0.8759685311630345,22.974771262471037,22.777040179718036,0.2729897004839467,0.9616057979272165,c5ef053b,-0.9997221029770795,759.9,1.1,47.0
0.23918646395123727,0.34897510748006166,U8,MN8014,16.22354939283084,4.051662308254098,WPG,SSPG,0.893,0.964,0.12558608446854264,0.392249760290136,0.2004092724033268,-0.713479818279862,20.107560338483715,22.03184954814128,0.3350657170740626,0.8773672438208866,46f78626,-0.3695787042148737,686.8,0.5,45.8
0.23918646395123727,0.34897510748006166,U8,MN8014,16.22354939283084,4.051662308254098,WPG,SSPG,0.893,0.964,0.12558608446854264,0.392249760290136,0.2004092724033268,-0.713479818279862,20.058240300370755,22.03184954814128,0.3350657170740626,0.8773672438208866,46f78626,-0.3695787042148737,686.8,0.5,45.8
0.23918646395123727,0.34897510748006166,U8,MN8014,16.22354939283084,4.051662308254098,WPG,SSPG,0.893,0.964,0.12558608446854264,0.392249760290136,0.2004092724033268,-0.713479818279862,20.044910751024975,22.03184954814128,0.3350657170740626,0.8773672438208866,46f78626,-0.3695787042148737,686.8,0.5,45.8
0.23918646395123727,0.34897510748006166,U8,MN8014,16.22354939283084,4.051662308254098,WPG,SSPG,0.893,0.964,0.12558608446854264,0.392249760290136,0.2004092724033268,-0.713479818279862,20.23960609302064,22.03184954814128,0.3350657170740626,0.8773672438208866,46f78626,-0.3695787042148737,686.8,0.5,45.8
0.23918646395123727,0.34897510748006166,U8,MN8014,16.22354939283084,4.051662308254098,WPG,SSPG,0.893,0.964,0.12558608446854264,0.392249760290136,0.2004092724033268,-0.713479818279862,20.11734348815311,22.03184954814128,0.3350657170740626,0.8773672438208866,46f78626,-0.3695787042148737,686.8,0.5,45.8
0.2401012128871008,0.3499555341490296,U8,MN8014,16.757695691960677,4.658960957181934,CPG,CPG,0.939,0.967,0.1109267942169812,0.3877126394627568,0.21666989353763447,-0.7497856910100759,21.41390692243898,23.033477830244262,0.28908347857654915,0.9434097711458121,eb06321c,-0.6824502143120519,697.4,1.6,45.6
0.2401012128871008,0.3499555341490296,U8,MN8014,16.757695691960677,4.658960957181934,CPG,CPG,0.939,0.967,0.1109267942169812,0.3877126394627568,0.21666989353763447,-0.7497856910100759,21.6565089525486,23.033477830244262,0.28908347857654915,0.9434097711458121,eb06321c,-0.6824502143120519,697.4,1.6,45.6
0.2401012128871008,0.3499555341490296,U8,MN8014,16.757695691960677,4.658960957181934,CPG,CPG,0.939,0.967,0.1109267942169812,0.3877126394627568,0.21666989353763447,-0.7497856910100759,21.75653131704347,23.033477830244262,0.28908347857654915,0.9434097711458121,eb06321c,-0.6824502143120519,697.4,1.6,45.6
0.2401012128871008,0.3499555341490296,U8,MN8014,16.757695691960677,4.658960957181934,CPG,CPG,0.939,0.967,0.1109267942169812,0.3877126394627568,0.21666989353763447,-0.7497856910100759,21.79703957758221,23.033477830244262,0.28908347857654915,0.9434097711458121,eb06321c,-0.6824502143120519,697.4,1.6,45.6
0.2401012128871008,0.3499555341490296,U8,MN8014,16.757695691960677,4.658960957181934,CPG,CPG,0.939,0.967,0.1109267942169812,0.3877126394627568,0.21666989353763447,-0.7497856910100759,22.122906915700174,23.033477830244262,0.28908347857654915,0.9434097711458121,eb06321c,-0.6824502143120519,697.4,1.6,45.6
0.2529841158371783,0.349653905197357,U8,MN8014,18.31692206839283,4.747223410294678,WPG,CPG,0.911,0.967,0.11375330434375672,0.40404946470613784,0.22012159757176167,-0.7280454424741113,19.364038160227917,22.31320317744828,0.2763523822588451,0.9063042648215347,19aaf333,-0.5750297058824803,624.7,1.7,46.1
0.2529841158371783,0.349653905197357,U8,MN8014,18.31692206839283,4.747223410294678,WPG,CPG,0.911,0.967,0.11375330434375672,0.40404946470613784,0.22012159757176167,-0.7280454424741113,17.468719311226305,22.31320317744828,0.2763523822588451,0.9063042648215347,19aaf333,-0.5750297058824803,624.7,1.7,46.1
0.2529841158371783,0.349653905197357,U8,MN8014,18.31692206839283,4.747223410294678,WPG,CPG,0.911,0.967,0.11375330434375672,0.40404946470613784,0.22012159757176167,-0.7280454424741113,19.58552616935628,22.31320317744828,0.2763523822588451,0.9063042648215347,19aaf333,-0.5750297058824803,624.7,1.7,46.1
0.2529841158371783,0.349653905197357,U8,MN8014,18.31692206839283,4.747223410294678,WPG,CPG,0.911,0.967,0.11375330434375672,0.40404946470613784,0.22012159757176167,-0.7280454424741113,20.006292449491188,22.31320317744828,0.2763523822588451,0.9063042648215347,19aaf333,-0.5750297058824803,624.7,1.7,46.1
0.2529841158371783,0.349653905197357,U8,MN8014,18.31692206839283,4.747223410294678,WPG,CPG,0.911,0.967,0.11375330434375672,0.40404946470613784,0.22012159757176167,-0.7280454424741113,20.484316616504763,22.31320317744828,0.2763523822588451,0.9063042648215347,19aaf333,-0.5750297058824803,624.7,1.7,46.1
0.2514498603208273,0.34926100943454863,U8,MN8014,17.22213440208674,4.358822130287452,WPG,SSPG,0.908,0.956,0.10827802174737561,0.37960487009148997,0.22294924854945075,-0.7989550249240126,19.37039694403901,21.449901853849536,0.2518620193467551,0.9023530764822707,6debe50c,-0.9049844515747711,669.6,0.9,41.3
0.2514498603208273,0.34926100943454863,U8,MN8014,17.22213440208674,4.358822130287452,WPG,SSPG,0.908,0.956,0.10827802174737561,0.37960487009148997,0.22294924854945075,-0.7989550249240126,19.155691008623904,21.449901853849536,0.2518620193467551,0.9023530764822707,6debe50c,-0.9049844515747711,669.6,0.9,41.3
0.2514498603208273,0.34926100943454863,U8,MN8014,17.22213440208674,4.358822130287452,WPG,SSPG,0.908,0.956,0.10827802174737561,0.37960487009148997,0.22294924854945075,-0.7989550249240126,18.20393211469445,21.449901853849536,0.2518620193467551,0.9023530764822707,6debe50c,-0.9049844515747711,669.6,0.9,41.3
0.2514498603208273,0.34926100943454863,U8,MN8014,17.22213440208674,4.358822130287452,WPG,SSPG,0.908,0.956,0.10827802174737561,0.37960487009148997,0.22294924854945075,-0.7989550249240126,18.20428235196001,21.449901853849536,0.2518620193467551,0.9023530764822707,6debe50c,-0.9049844515747711,669.6,0.9,41.3
0.2514498603208273,0.34926100943454863,U8,MN8014,17.22213440208674,4.358822130287452,WPG,SSPG,0.908,0.956,0.10827802174737561,0.37960487009148997,0.22294924854945075,-0.7989550249240126,20.559646676563638,21.449901853849536,0.2518620193467551,0.9023530764822707,6debe50c,-0.9049844515747711,669.6,0.9,41.3
0.2541453920905953,0.34776918573411425,U8,U12,17.511992203791138,4.479949016585275,WPG,CPG,0.893,0.958,0.11788781555404562,0.3725410939493261,0.25362937059504076,-0.9765643088767266,16.310449436435185,16.535535355237222,0.08210292275223953,0.48183113036668335,16e4c6c3,1.7223556700017246,719.6,1.0,43.1
0.2541453920905953,0.34776918573411425,U8,U12,17.511992203791138,4.479949016585275,WPG,CPG,0.893,0.958,0.11788781555404562,0.3725410939493261,0.25362937059504076,-0.9765643088767266,16.975751475623493,16.535535355237222,0.08210292275223953,0.48183113036668335,16e4c6c3,1.7223556700017246,719.6,1.0,43.1
0.2541453920905953,0.34776918573411425,U8,U12,17.511992203791138,4.479949016585275,WPG,CPG,0.893,0.958,0.11788781555404562,0.3725410939493261,0.25362937059504076,-0.9765643088767266,16.990879979666744,16.535535355237222,0.08210292275223953,0.48183113036668335,16e4c6c3,1.7223556700017246,719.6,1.0,43.1
0.2541453920905953,0.34776918573411425,U8,U12,17.511992203791138,4.479949016585275,WPG,CPG,0.893,0.958,0.11788781555404562,0.3725410939493261,0.25362937059504076,-0.9765643088767266,17.099130530683656,16.535535355237222,0.08210292275223953,0.48183113036668335,16e4c6c3,1.7223556700017246,719.6,1.0,43.1
0.2541453920905953,0.34776918573411425,U8,U12,17.511992203791138,4.479949016585275,WPG,CPG,0.893,0.958,0.11788781555404562,0.3725410939493261,0.25362937059504076,-0.9765643088767266,17.083664314576883,16.535535355237222,0.08210292275223953,0.48183113036668335,16e4c6c3,1.7223556700017246,719.6,1.0,43.1
0.2438225771271233,0.3497789493596881,U8,U12,18.066454694276203,4.240970099762856,WPG,CPG,0.855,0.948,0.11276299997668228,0.3678493629057383,0.2191194463671824,-0.9564562972822053,19.68297869022647,20.52010528456755,0.15789932678272284,0.7519394694497724,7dc8e839,0.3941264882776281,747.0,1.7,45.0
0.2438225771271233,0.3497789493596881,U8,U12,18.066454694276203,4.240970099762856,WPG,CPG,0.855,0.948,0.11276299997668228,0.3678493629057383,0.2191194463671824,-0.9564562972822053,21.171126565557213,20.52010528456755,0.15789932678272284,0.7519394694497724,7dc8e839,0.3941264882776281,747.0,1.7,45.0
0.2438225771271233,0.3497789493596881,U8,U12,18.066454694276203,4.240970099762856,WPG,CPG,0.855,0.948,0.11276299997668228,0.3678493629057383,0.2191194463671824,-0.9564562972822053,21.21898572648962,20.52010528456755,0.15789932678272284,0.7519394694497724,7dc8e839,0.3941264882776281,747.0,1.7,45.0
0.2438225771271233,0.3497789493596881,U8,U12,18.066454694276203,4.240970099762856,WPG,CPG,0.855,0.948,0.11276299997668228,0.3678493629057383,0.2191194463671824,-0.9564562972822053,21.130842218440097,20.52010528456755,0.15789932678272284,0.7519394694497724,7dc8e839,0.3941264882776281,747.0,1.7,45.0
0.2438225771271233,0.3497789493596881,U8,U12,18.066454694276203,4.240970099762856,WPG,CPG,0.855,0.948,0.11276299997668228,0.3678493629057383,0.2191194463671824,-0.9564562972822053,17.289113110317775,20.52010528456755,0.15789932678272284,0.7519394694497724,7dc8e839,0.3941264882776281,747.0,1.7,45.0
0.24460271322869784,0.34249582716022453,U8,MN8014,17.393791317807384,4.154330770148938,WPG,SSPG,0.914,0.954,0.11474840069023938,0.3894341761696667,0.23794940265085684,-1.0155901742399482,22.05051082410575,21.848671809077004,0.17799593442403416,0.8754059694683897,6058d244,-0.426878441330766,740.3,1.0,47.0
0.24460271322869784,0.34249582716022453,U8,MN8014,17.393791317807384,4.154330770148938,WPG,SSPG,0.914,0.954,0.11474840069023938,0.3894341761696667,0.23794940265085684,-1.0155901742399482,23.02191236560208,21.848671809077004,0.17799593442403416,0.8754059694683897,6058d244,-0.426878441330766,740.3,1.0,47.0
0.24460271322869784,0.34249582716022453,U8,MN8014,17.393791317807384,4.154330770148938,WPG,SSPG,0.914,0.954,0.11474840069023938,0.3894341761696667,0.23794940265085684,-1.0155901742399482,23.879544480782677,21.848671809077004,0.17799593442403416,0.8754059694683897,6058d244,-0.426878441330766,740.3,1.0,47.0
0.24460271322869784,0.34249582716022453,U8,MN8014,17.393791317807384,4.154330770148938,WPG,SSPG,0.914,0.954,0.11474840069023938,0.3894341761696667,0.23794940265085684,-1.0155901742399482,22.088050720774973,21.848671809077004,0.17799593442403416,0.8754059694683897,6058d244,-0.426878441330766,740.3,1.0,47.0
0.24460271322869784,0.34249582716022453,U8,MN8014,17.393791317807384,4.154330770148938,WPG,SSPG,0.914,0.954,0.11474840069023938,0.3894341761696667,0.23794940265085684,-1.0155901742399482,23.098236418776583,21.848671809077004,0.17799593442403416,0.8754059694683897,6058d244,-0.426878441330766,740.3,1.0,47.0
0.22338416441152498,0.3495869699020775,U8,MN8014,17.044576250556815,4.084312484569099,WPG,SSPG,0.919,0.964,0.11493974306472447,0.3657099084350199,0.2015723438098007,-0.9390430738183888,24.491848711218644,24.121574224455014,0.25326835109386503,1.0118184254488547,60881379,-0.9845777832402245,747.3,1.8,44.9
0.22338416441152498,0.3495869699020775,U8,MN8014,17.044576250556815,4.084312484569099,WPG,SSPG,0.919,0.964,0.11493974306472447,0.3657099084350199,0.2015723438098007,-0.9390430738183888,25.616739920406072,24.121574224455014,0.25326835109386503,1.0118184254488547,60881379,-0.9845777832402245,747.3,1.8,44.9
0.22338416441152498,0.3495869699020775,U8,MN8014,17.044576250556815,4.084312484569099,WPG,SSPG,0.919,0.964,0.11493974306472447,0.3657099084350199,0.2015723438098007,-0.9390430738183888,25.67967269628731,24.121574224455014,0.25326835109386503,1.0118184254488547,60881379,-0.9845777832402245,747.3,1.8,44.9
0.22338416441152498,0.3495869699020775,U8,MN8014,17.044576250556815,4.084312484569099,WPG,SSPG,0.919,0.964,0.11493974306472447,0.3657099084350199,0.2015723438098007,-0.9390430738183888,25.120450743951043,24.121574224455014,0.25326835109386503,1.0118184254488547,60881379,-0.9845777832402245,747.3,1.8,44.9
0.22338416441152498,0.3495869699020775,U8,MN8014,17.044576250556815,4.084312484569099,WPG,SSPG,0.919,0.964,0.11493974306472447,0.3657099084350199,0.2015723438098007,-0.9390430738183888,25.803646114343415,24.121574224455014,0.25326835109386503,1.0118184254488547,60881379,-0.9845777832402245,747.3,1.8,44.9
0.2373442627757419,0.34955743168536263,U8,MN8014,18.04858694410016,4.002742113532469,WPG,SSPG,0.879,0.962,0.1221505418113805,0.3846076170330791,0.2466781361043519,-0.7236658436985748,21.10915680130274,20.090371250229534,0.22405734811198477,0.8490510177255096,ff3d83af,-0.891665684137104,732.0,1.1,45.6
0.2373442627757419,0.34955743168536263,U8,MN8014,18.04858694410016,4.002742113532469,WPG,SSPG,0.879,0.962,0.1221505418113805,0.3846076170330791,0.2466781361043519,-0.7236658436985748,20.971545137802106,20.090371250229534,0.22405734811198477,0.8490510177255096,ff3d83af,-0.891665684137104,732.0,1.1,45.6
0.2373442627757419,0.34955743168536263,U8,MN8014,18.04858694410016,4.002742113532469,WPG,SSPG,0.879,0.962,0.1221505418113805,0.3846076170330791,0.2466781361043519,-0.7236658436985748,21.327612396168146,20.090371250229534,0.22405734811198477,0.8490510177255096,ff3d83af,-0.891665684137104,732.0,1.1,45.6
0.2373442627757419,0.34955743168536263,U8,MN8014,18.04858694410016,4.002742113532469,WPG,SSPG,0.879,0.962,0.1221505418113805,0.3846076170330791,0.2466781361043519,-0.7236658436985748,21.26038387282721,20.090371250229534,0.22405734811198477,0.8490510177255096,ff3d83af,-0.891665684137104,732.0,1.1,45.6
0.2373442627757419,0.34955743168536263,U8,MN8014,18.04858694410016,4.002742113532469,WPG,SSPG,0.879,0.962,0.1221505418113805,0.3846076170330791,0.2466781361043519,-0.7236658436985748,21.126563678188557,20.090371250229534,0.22405734811198477,0.8490510177255096,ff3d83af,-0.891665684137104,732.0,1.1,45.6
0.25028481879167863,0.3464611421539534,U8,U12,18.411731262356646,4.009547613401838,WPG,CPG,0.882,0.949,0.1174278761575907,0.38977592465512173,0.20020217115030278,-1.0342123115673743,22.3575511793572,23.186785512804455,0.23209668993593244,0.8894664710863683,b0ddc913,-0.005285778991209966,747.6,0.8,46.7
0.25028481879167863,0.3464611421539534,U8,U12,18.411731262356646,4.009547613401838,WPG,CPG,0.882,0.949,0.1174278761575907,0.38977592465512173,0.20020217115030278,-1.0342123115673743,20.781719813853982,23.186785512804455,0.23209668993593244,0.8894664710863683,b0ddc913,-0.005285778991209966,747.6,0.8,46.7
0.25028481879167863,0.3464611421539534,U8,U12,18.411731262356646,4.009547613401838,WPG,CPG,0.882,0.949,0.1174278761575907,0.38977592465512173,0.20020217115030278,-1.0342123115673743,21.41233636691197,23.186785512804455,0.23209668993593244,0.8894664710863683,b0ddc913,-0.005285778991209966,747.6,0.8,46.7
0.25028481879167863,0.3464611421539534,U8,U12,18.411731262356646,4.009547613401838,WPG,CPG,0.882,0.949,0.1174278761575907,0.38977592465512173,0.20020217115030278,-1.0342123115673743,21.395758218594445,23.186785512804455,0.23209668993593244,0.8894664710863683,b0ddc913,-0.005285778991209966,747.6,0.8,46.7
0.25028481879167863,0.3464611421539534,U8,U12,18.411731262356646,4.009547613401838,WPG,CPG,0.882,0.949,0.1174278761575907,0.38977592465512173,0.20020217115030278,-1.0342123115673743,22.313556572265984,23.186785512804455,0.23209668993593244,0.8894664710863683,b0ddc913,-0.005285778991209966,747.6,0.8,46.7
0.2526043574390641,0.3361845823925073,U8,U12,14.699822150234597,4.279168942600904,CPG,CPG,0.942,0.947,0.11873785065237698,0.40912732207869495,0.202963137580486,-0.6890572133127486,14.257999871765623,20.78960387863718,0.3113347642954153,0.6820840058969908,bf85d345,1.3018414494145665,700.0,0.8,46.3
0.2526043574390641,0.3361845823925073,U8,U12,14.699822150234597,4.279168942600904,CPG,CPG,0.942,0.947,0.11873785065237698,0.40912732207869495,0.202963137580486,-0.6890572133127486,14.426240100195512,20.78960387863718,0.3113347642954153,0.6820840058969908,bf85d345,1.3018414494145665,700.0,0.8,46.3
0.2526043574390641,0.3361845823925073,U8,U12,14.699822150234597,4.279168942600904,CPG,CPG,0.942,0.947,0.11873785065237698,0.40912732207869495,0.202963137580486,-0.6890572133127486,14.33228632969176,20.78960387863718,0.3113347642954153,0.6820840058969908,bf85d345,1.3018414494145665,700.0,0.8,46.3
0.2526043574390641,0.3361845823925073,U8,U12,14.699822150234597,4.279168942600904,CPG,CPG,0.942,0.947,0.11873785065237698,0.40912732207869495,0.202963137580486,-0.6890572133127486,13.923936428132286,20.78960387863718,0.3113347642954153,0.6820840058969908,bf85d345,1.3018414494145665,700.0,0.8,46.3
0.2526043574390641,0.3361845823925073,U8,U12,14.699822150234597,4.279168942600904,CPG,CPG,0.942,0.947,0.11873785065237698,0.40912732207869495,0.202963137580486,-0.6890572133127486,14.60602583497017,20.78960387863718,0.3113347642954153,0.6820840058969908,bf85d345,1.3018414494145665,700.0,0.8,46.3
0.21011927649254317,0.3491299898369573,U8,MN8014,16.54380030653539,4.053547412122078,CPG,SSPG,0.938,0.964,0.11455402002455091,0.37413002369626647,0.21025477360920575,-1.0721566120783506,26.208012515924064,24.519633124937638,0.2168383839430681,0.988690283866441,54abdfdf,-0.5500103027571548,773.7,1.3,46.2
0.21011927649254317,0.3491299898369573,U8,MN8014,16.54380030653539,4.053547412122078,CPG,SSPG,0.938,0.964,0.11455402002455091,0.37413002369626647,0.21025477360920575,-1.0721566120783506,27.60088664027947,24.519633124937638,0.2168383839430681,0.988690283866441,54abdfdf,-0.5500103027571548,773.7,1.3,46.2
0.21011927649254317,0.3491299898369573,U8,MN8014,16.54380030653539,4.053547412122078,CPG,SSPG,0.938,0.964,0.11455402002455091,0.37413002369626647,0.21025477360920575,-1.0721566120783506,27.602540103052878,24.519633124937638,0.2168383839430681,0.988690283866441,54abdfdf,-0.5500103027571548,773.7,1.3,46.2
0.21011927649254317,0.3491299898369573,U8,MN8014,16.54380030653539,4.053547412122078,CPG,SSPG,0.938,0.964,0.11455402002455091,0.37413002369626647,0.21025477360920575,-1.0721566120783506,27.52485820549817,24.519633124937638,0.2168383839430681,0.988690283866441,54abdfdf,-0.5500103027571548,773.7,1.3,46.2
0.21011927649254317,0.3491299898369573,U8,MN8014,16.54380030653539,4.053547412122078,CPG,SSPG,0.938,0.964,0.11455402002455091,0.37413002369626647,0.21025477360920575,-1.0721566120783506,27.53527584216776,24.519633124937638,0.2168383839430681,0.988690283866441,54abdfdf,-0.5500103027571548,773.7,1.3,46.2
0.2523850803957455,0.339869228041367,U8,MN8014,17.40403006393694,4.004486172132952,WPG,SSPG,0.914,0.962,0.12047006130168417,0.3739788405318967,0.20000387207295314,-1.1346346937286262,24.614657318421774,21.547425234750026,0.19584967910495787,0.8846960557483198,138aabf7,-0.6627843857259723,736.1,0.9,44.7
0.2523850803957455,0.339869228041367,U8,MN8014,17.40403006393694,4.004486172132952,WPG,SSPG,0.914,0.962,0.12047006130168417,0.3739788405318967,0.20000387207295314,-1.1346346937286262,24.48698473250362,21.547425234750026,0.19584967910495787,0.8846960557483198,138aabf7,-0.6627843857259723,736.1,0.9,44.7
0.2523850803957455,0.339869228041367,U8,MN8014,17.40403006393694,4.004486172132952,WPG,SSPG,0.914,0.962,0.12047006130168417,0.3739788405318967,0.20000387207295314,-1.1346346937286262,24.528584118253573,21.547425234750026,0.19584967910495787,0.8846960557483198,138aabf7,-0.6627843857259723,736.1,0.9,44.7
0.2523850803957455,0.339869228041367,U8,MN8014,17.40403006393694,4.004486172132952,WPG,SSPG,0.914,0.962,0.12047006130168417,0.3739788405318967,0.20000387207295314,-1.1346346937286262,24.00013068545835,21.547425234750026,0.19584967910495787,0.8846960557483198,138aabf7,-0.6627843857259723,736.1,0.9,44.7
0.2523850803957455,0.339869228041367,U8,MN8014,17.40403006393694,4.004486172132952,WPG,SSPG,0.914,0.962,0.12047006130168417,0.3739788405318967,0.20000387207295314,-1.1346346937286262,23.89611425136782,21.547425234750026,0.19584967910495787,0.8846960557483198,138aabf7,-0.6627843857259723,736.1,0.9,44.7
0.2302818176109794,0.3498782555353125,U8,MN8014,17.48897354056985,4.030204829525796,WPG,SSPG,0.893,0.962,0.11791923254186883,0.36563852827713306,0.22188149300403473,-1.0414763519917787,24.7087390567672,22.554895353758994,0.18844987930515453,0.9151703387424432,682aa599,-0.570495068011768,763.4,1.4,43.7
0.2302818176109794,0.3498782555353125,U8,MN8014,17.48897354056985,4.030204829525796,WPG,SSPG,0.893,0.962,0.11791923254186883,0.36563852827713306,0.22188149300403473,-1.0414763519917787,24.873656120196895,22.554895353758994,0.18844987930515453,0.9151703387424432,682aa599,-0.570495068011768,763.4,1.4,43.7
0.2302818176109794,0.3498782555353125,U8,MN8014,17.48897354056985,4.030204829525796,WPG,SSPG,0.893,0.962,0.11791923254186883,0.36563852827713306,0.22188149300403473,-1.0414763519917787,24.77012623798138,22.554895353758994,0.18844987930515453,0.9151703387424432,682aa599,-0.570495068011768,763.4,1.4,43.7
0.2302818176109794,0.3498782555353125,U8,MN8014,17.48897354056985,4.030204829525796,WPG,SSPG,0.893,0.962,0.11791923254186883,0.36563852827713306,0.22188149300403473,-1.0414763519917787,24.77540219237333,22.554895353758994,0.18844987930515453,0.9151703387424432,682aa599,-0.570495068011768,763.4,1.4,43.7
0.2302818176109794,0.3498782555353125,U8,MN8014,17.48897354056985,4.030204829525796,WPG,SSPG,0.893,0.962,0.11791923254186883,0.36563852827713306,0.22188149300403473,-1.0414763519917787,24.464487877507374,22.554895353758994,0.18844987930515453,0.9151703387424432,682aa599,-0.570495068011768,763.4,1.4,43.7
0.23587486067649255,0.34903319780619696,U8,MN8014,16.650730768097077,4.057491023333881,CPG,SSPG,0.939,0.964,0.12066937942168054,0.3691624330508839,0.20232075341211656,-0.8915328854995198,23.157358680198467,24.039821605331852,0.2971303206983387,1.006399750133814,6acd0a1f,-0.95872091663467,797.5,1.1,45.5
0.23587486067649255,0.34903319780619696,U8,MN8014,16.650730768097077,4.057491023333881,CPG,SSPG,0.939,0.964,0.12066937942168054,0.3691624330508839,0.20232075341211656,-0.8915328854995198,23.17719422147018,24.039821605331852,0.2971303206983387,1.006399750133814,6acd0a1f,-0.95872091663467,797.5,1.1,45.5
0.23587486067649255,0.34903319780619696,U8,MN8014,16.650730768097077,4.057491023333881,CPG,SSPG,0.939,0.964,0.12066937942168054,0.3691624330508839,0.20232075341211656,-0.8915328854995198,22.025058426654855,24.039821605331852,0.2971303206983387,1.006399750133814,6acd0a1f,-0.95872091663467,797.5,1.1,45.5
0.23587486067649255,0.34903319780619696,U8,MN8014,16.650730768097077,4.057491023333881,CPG,SSPG,0.939,0.964,0.12066937942168054,0.3691624330508839,0.20232075341211656,-0.8915328854995198,22.041619658631788,24.039821605331852,0.2971303206983387,1.006399750133814,6acd0a1f,-0.95872091663467,797.5,1.1,45.5
0.23587486067649255,0.34903319780619696,U8,MN8014,16.650730768097077,4.057491023333881,CPG,SSPG,0.939,0.964,0.12066937942168054,0.3691624330508839,0.20232075341211656,-0.8915328854995198,22.309438227490535,24.039821605331852,0.2971303206983387,1.006399750133814,6acd0a1f,-0.95872091663467,797.5,1.1,45.5
0.23268602687906734,0.348403688319571,U8,MN8014,17.834357044279052,4.403130966126628,WPG,SSPG,0.908,0.956,0.11952342070702587,0.39768986200325473,0.2025880582332572,-0.8862397281114879,25.048062803322416,24.268599147605983,0.29731076055518424,1.0114467746759195,4718594d,-0.916560483924,680.1,1.6,45.7
0.23268602687906734,0.348403688319571,U8,MN8014,17.834357044279052,4.403130966126628,WPG,SSPG,0.908,0.956,0.11952342070702587,0.39768986200325473,0.2025880582332572,-0.8862397281114879,24.648143699330724,24.268599147605983,0.29731076055518424,1.0114467746759195,4718594d,-0.916560483924,680.1,1.6,45.7
0.23268602687906734,0.348403688319571,U8,MN8014,17.834357044279052,4.403130966126628,WPG,SSPG,0.908,0.956,0.11952342070702587,0.39768986200325473,0.2025880582332572,-0.8862397281114879,24.769750994396613,24.268599147605983,0.29731076055518424,1.0114467746759195,4718594d,-0.916560483924,680.1,1.6,45.7
0.23268602687906734,0.348403688319571,U8,MN8014,17.834357044279052,4.403130966126628,WPG,SSPG,0.908,0.956,0.11952342070702587,0.39768986200325473,0.2025880582332572,-0.8862397281114879,18.05348085762687,24.268599147605983,0.29731076055518424,1.0114467746759195,4718594d,-0.916560483924,680.1,1.6,45.7
0.23268602687906734,0.348403688319571,U8,MN8014,17.834357044279052,4.403130966126628,WPG,SSPG,0.908,0.956,0.11952342070702587,0.39768986200325473,0.2025880582332572,-0.8862397281114879,16.170934325461833,24.268599147605983,0.29731076055518424,1.0114467746759195,4718594d,-0.916560483924,680.1,1.6,45.7
0.23316200940178028,0.3498474969155969,U8,MN8014,17.192167835051844,4.081936905242752,WPG,SSPG,0.908,0.964,0.11602164657067947,0.36129533335385894,0.20012386034190663,-0.6769105870561403,20.007202534459026,23.36711879295681,0.32592573233324507,0.9452646470644648,efea007f,-0.5586435245091437,714.0,0.8,42.6
0.23316200940178028,0.3498474969155969,U8,MN8014,17.192167835051844,4.081936905242752,WPG,SSPG,0.908,0.964,0.11602164657067947,0.36129533335385894,0.20012386034190663,-0.6769105870561403,20.053854703198077,23.36711879295681,0.32592573233324507,0.9452646470644648,efea007f,-0.5586435245091437,714.0,0.8,42.6
0.23316200940178028,0.3498474969155969,U8,MN8014,17.192167835051844,4.081936905242752,WPG,SSPG,0.908,0.964,0.11602164657067947,0.36129533335385894,0.20012386034190663,-0.6769105870561403,19.98592213897383,23.36711879295681,0.32592573233324507,0.9452646470644648,efea007f,-0.5586435245091437,714.0,0.8,42.6
0.23316200940178028,0.3498474969155969,U8,MN8014,17.192167835051844,4.081936905242752,WPG,SSPG,0.908,0.964,0.11602164657067947,0.36129533335385894,0.20012386034190663,-0.6769105870561403,19.126015052177202,23.36711879295681,0.32592573233324507,0.9452646470644648,efea007f,-0.5586435245091437,714.0,0.8,42.6
0.23316200940178028,0.3498474969155969,U8,MN8014,17.192167835051844,4.081936905242752,WPG,SSPG,0.908,0.964,0.11602164657067947,0.36129533335385894,0.20012386034190663,-0.6769105870561403,19.522405730779436,23.36711879295681,0.32592573233324507,0.9452646470644648,efea007f,-0.5586435245091437,714.0,0.8,42.6
0.24660217732011624,0.34452833079673895,U8,MN8014,16.410449382944428,4.2474633130865795,CPG,SSPG,0.938,0.954,0.10558380258514388,0.38393578761380015,0.21849103335305325,-1.067420286952284,13.663018110044783,20.69862029162635,0.17472921383226622,0.8347453395689001,b6550e7f,-0.4657421020832828,699.9,2.0,44.7
0.24660217732011624,0.34452833079673895,U8,MN8014,16.410449382944428,4.2474633130865795,CPG,SSPG,0.938,0.954,0.10558380258514388,0.38393578761380015,0.21849103335305325,-1.067420286952284,13.767191282927714,20.69862029162635,0.17472921383226622,0.8347453395689001,b6550e7f,-0.4657421020832828,699.9,2.0,44.7
0.24660217732011624,0.34452833079673895,U8,MN8014,16.410449382944428,4.2474633130865795,CPG,SSPG,0.938,0.954,0.10558380258514388,0.38393578761380015,0.21849103335305325,-1.067420286952284,13.767840931554323,20.69862029162635,0.17472921383226622,0.8347453395689001,b6550e7f,-0.4657421020832828,699.9,2.0,44.7
0.24660217732011624,0.34452833079673895,U8,MN8014,16.410449382944428,4.2474633130865795,CPG,SSPG,0.938,0.954,0.10558380258514388,0.38393578761380015,0.21849103335305325,-1.067420286952284,13.810091063671525,20.69862029162635,0.17472921383226622,0.8347453395689001,b6550e7f,-0.4657421020832828,699.9,2.0,44.7
0.24660217732011624,0.34452833079673895,U8,MN8014,16.410449382944428,4.2474633130865795,CPG,SSPG,0.938,0.954,0.10558380258514388,0.38393578761380015,0.21849103335305325,-1.067420286952284,22.81728654580952,20.69862029162635,0.17472921383226622,0.8347453395689001,b6550e7f,-0.4657421020832828,699.9,2.0,44.7
0.23450100340057928,0.34999517740962977,U8,MN8014,17.28242755961815,4.132499700210843,WPG,SSPG,0.914,0.964,0.12098841911734588,0.3711118920738272,0.2514678028116172,-0.6527289998999045,11.268160267943385,17.876185757385567,0.1731093780837949,0.7322161390848088,20dcdd41,-0.5300968706493085,710.1,1.9,44.7
0.23450100340057928,0.34999517740962977,U8,MN8014,17.28242755961815,4.132499700210843,WPG,SSPG,0.914,0.964,0.12098841911734588,0.3711118920738272,0.2514678028116172,-0.6527289998999045,11.360780537080768,17.876185757385567,0.1731093780837949,0.7322161390848088,20dcdd41,-0.5300968706493085,710.1,1.9,44.7
0.23450100340057928,0.34999517740962977,U8,MN8014,17.28242755961815,4.132499700210843,WPG,SSPG,0.914,0.964,0.12098841911734588,0.3711118920738272,0.2514678028116172,-0.6527289998999045,11.358343557092342,17.876185757385567,0.1731093780837949,0.7322161390848088,20dcdd41,-0.5300968706493085,710.1,1.9,44.7
0.23450100340057928,0.34999517740962977,U8,MN8014,17.28242755961815,4.132499700210843,WPG,SSPG,0.914,0.964,0.12098841911734588,0.3711118920738272,0.2514678028116172,-0.6527289998999045,11.301457167983344,17.876185757385567,0.1731093780837949,0.7322161390848088,20dcdd41,-0.5300968706493085,710.1,1.9,44.7
0.23450100340057928,0.34999517740962977,U8,MN8014,17.28242755961815,4.132499700210843,WPG,SSPG,0.914,0.964,0.12098841911734588,0.3711118920738272,0.2514678028116172,-0.6527289998999045,15.900845907063522,17.876185757385567,0.1731093780837949,0.7322161390848088,20dcdd41,-0.5300968706493085,710.1,1.9,44.7
0.23739051167472408,0.34999669150005625,U8,MN8014,19.32950792382828,4.096995938706746,WPG,SSPG,0.877,0.964,0.11494514555735344,0.3737540965330645,0.2547180897970543,-1.0737039919709352,19.52069071598777,16.36202233030296,0.08570607044883127,0.5406662560644863,220ad8d8,0.9810474261760156,728.8,1.5,45.1
0.23739051167472408,0.34999669150005625,U8,MN8014,19.32950792382828,4.096995938706746,WPG,SSPG,0.877,0.964,0.11494514555735344,0.3737540965330645,0.2547180897970543,-1.0737039919709352,19.536835471133063,16.36202233030296,0.08570607044883127,0.5406662560644863,220ad8d8,0.9810474261760156,728.8,1.5,45.1
0.23739051167472408,0.34999669150005625,U8,MN8014,19.32950792382828,4.096995938706746,WPG,SSPG,0.877,0.964,0.11494514555735344,0.3737540965330645,0.2547180897970543,-1.0737039919709352,19.705926766856383,16.36202233030296,0.08570607044883127,0.5406662560644863,220ad8d8,0.9810474261760156,728.8,1.5,45.1
0.23739051167472408,0.34999669150005625,U8,MN8014,19.32950792382828,4.096995938706746,WPG,SSPG,0.877,0.964,0.11494514555735344,0.3737540965330645,0.2547180897970543,-1.0737039919709352,19.469239768162804,16.36202233030296,0.08570607044883127,0.5406662560644863,220ad8d8,0.9810474261760156,728.8,1.5,45.1
0.23739051167472408,0.34999669150005625,U8,MN8014,19.32950792382828,4.096995938706746,WPG,SSPG,0.877,0.964,0.11494514555735344,0.3737540965330645,0.2547180897970543,-1.0737039919709352,15.941783061344807,16.36202233030296,0.08570607044883127,0.5406662560644863,220ad8d8,0.9810474261760156,728.8,1.5,45.1
