thigh_length,calf_length,motor_left_name,motor_right_name,gear_left_ratio,gear_right_ratio,gearbox_left,gearbox_right,torso_distance,ik_height,ori_l,ori_theta,best_index,best_cost,ac1,ac2,ac3
0.25882454973770086,0.24338257151051917,U12,MN8014,10.393978896498862,9.30724910923985,CPG,CPG,0.12430789885319597,0.342437148848744,0.4612513725002639,0.497160665870624,0,0.0958189246916907,436.7,4.8,28.6
0.24002470096201345,0.23846837883717287,U12,MN8014,9.367692020075456,7.318875163788851,CPG,SSPG,0.13208617070409506,0.37752625615480917,0.2909948349439541,-0.23287308216293123,0,1000000.0,488.7,3.9,33.9
0.2621371365845255,0.2471781145478894,U10,MN8014,6.541243359919168,8.018115720991077,CPG,CPG,0.11946854520058281,0.373315883459672,0.20666700062094895,-0.6023079714546299,0,-0.2955852951165401,569.4,4.9,26.4
0.23165109519324484,0.2570549607845392,U10,MN8014,6.899257807910121,8.110999209989691,CPG,CPG,0.12068703420714164,0.37992104714398567,0.2009443260456059,-0.62603869463685,2,-0.9584212386204394,551.6,3.4,35.3
0.23255891237486673,0.2711934731273339,U10,MN8014,9.66237985644751,8.843473438737234,CPG,CPG,0.12311720689934463,0.432634849335194,0.2056715915927535,-0.3247262671727893,2,0.6680955650441529,505.7,2.9,34.2
0.23742744464803414,0.2711531738920803,U10,MN8014,8.947132887387145,6.351564975159333,CPG,CPG,0.1130216355404753,0.4299136665163005,0.2459861783040675,-0.5985624265389299,1,-0.6733217226938759,458.8,1.1,32.6
0.23857976522708485,0.2594623210334307,U10,MN8014,7.4487362987610855,7.6281179507667645,CPG,CPG,0.11273477434532155,0.41469107474781086,0.2078738744873559,-0.9292354670005227,1,-0.8781375193903056,497.8,1.0,34.4
0.23171865712309306,0.3047885449788613,U8,MN8014,12.079742714519293,11.156196769379168,CPG,CPG,0.10978848272351399,0.4128050208293287,0.20276613011122394,-0.40538131794346355,7,1.1653066069320053,621.7,3.2,34.5
0.24642017244325554,0.29404522080078954,U12,MN8014,11.846460648310263,9.780314016749386,CPG,CPG,0.10732312791819659,0.36377893330354627,0.20039953344652,-0.787131189854332,0,0.3561042388410067,585.3,1.9,40.6
0.24010213779850811,0.2897100618533748,U10,MN8014,10.908887877282602,8.715778398166233,CPG,CPG,0.10441365331531616,0.39696530995322366,0.24908824599216758,-0.5801102980455906,4,-0.12827242517731374,440.0,2.0,38.6
0.23462964773743242,0.29918916403917073,U10,MN8014,10.508431900630493,12.539235558954266,CPG,CPG,0.10044806954612226,0.4055201209279165,0.7224607031015706,0.09347423044624814,6,0.33244661059150676,495.9,2.0,33.9
0.2503109630042989,0.2910601027857659,U10,MN8014,12.31468786775816,9.98567595695421,CPG,CPG,0.11440179659281513,0.4531218350320937,0.3064490106799162,-0.4234723162180605,3,-0.4766755908850948,465.5,1.2,38.8
0.23235565262115127,0.28159528562279545,U10,MN8014,12.557472311941584,13.258066616965369,CPG,CPG,0.11625569072818043,0.4354351771464585,0.23666488591877025,-0.7208789997437081,1,-0.4859490863882563,428.7,2.6,31.2
0.2593417275175616,0.29491595161011097,U10,MN8014,17.520513389806833,11.90157996402889,WPG,CPG,0.1128524411796578,0.41040291545411645,0.2089697053287776,-0.4207117273212242,4,-0.5515952964909978,372.4,2.8,38.3
0.21182299528652382,0.2772956457593355,U10,MN8014,14.428568788661687,11.954146305179083,CPG,CPG,0.11595348553597018,0.44152607153985857,0.20385740038823016,-0.5920652451454013,2,-0.12085958891294712,327.2,3.4,36.8
0.2051727599322458,0.2666862079350623,U10,MN8014,14.54437219478436,9.02732658950896,CPG,CPG,0.11217223972255719,0.43101075051339427,0.2550403456274079,-0.25319746067457394,4,-0.1541299882612055,357.9,3.4,38.3
0.20324464695939162,0.2729577558298886,U10,MN8014,16.7567679841267,11.536769806638763,CPG,CPG,0.1157529105937505,0.4434426265728103,0.20003838613999275,-0.6077891118011025,1,-0.1681874579325957,392.3,3.3,37.6
0.1830990608519843,0.2393605771595647,U10,MN8014,14.848498662260496,11.318397262747503,CPG,CPG,0.11373249520144726,0.4291024479412416,0.2843027334217747,-0.20515002802026627,3,-0.7844132746977799,343.8,2.6,37.1
0.20269177016750284,0.22691481568612032,U10,MN8014,13.033884016993639,11.811605317792427,CPG,CPG,0.12559127286363347,0.4465342840385373,0.30344762014903365,-0.34681572125985594,0,-0.15520251195221058,308.2,3.4,37.8
0.18926337912785857,0.2555336615386754,U10,MN8014,16.497822302818893,10.72086149827819,CPG,CPG,0.12595458881203087,0.4926476751119754,0.3107569203237743,-0.3911186117007923,7,-0.2552842520010896,251.7,2.3,34.1
0.15898479781333547,0.20982098110670344,U10,VT8020,16.037895508581038,11.534171424284693,CPG,CPG,0.12898651809145828,0.49104914271207734,0.2297016582753267,-0.29252327143563095,3,-0.22168075650178815,213.7,3.1,36.4
0.2093173298546795,0.22547093170415222,U10,MN8014,14.880536501385121,13.055570548136235,CPG,CPG,0.13174939480629938,0.4558705730473346,0.20023264258425635,-0.4353091739413639,0,0.0009433362835039594,266.0,3.0,35.5
0.2282186011278393,0.24150920419235566,U10,VT8020,14.56189096571994,11.111993064579394,CPG,CPG,0.11688395475673417,0.49680584772810626,0.39709008710290683,-0.42591806113390285,2,-0.37155028149786695,290.1,3.2,35.0
0.2518052628480775,0.22539463860699516,U10,MN8014,16.14903823388758,11.761221234579828,WPG,CPG,0.11153617611093256,0.48371041804767445,0.32993968322966316,-0.38136695818620936,3,-0.6581303114452237,260.5,3.2,32.6
0.27237961510379083,0.22063278781152468,U10,MN8014,15.80534874960321,10.87125127828933,CPG,CPG,0.1294173008495919,0.4959395651969539,0.25005224240316976,-0.43542615195722845,6,-0.06878893789328133,289.3,3.5,35.2
0.25853903122652633,0.22467134074233802,U10,MN8014,13.732045469634073,10.458578126543623,CPG,CPG,0.12394961141860802,0.4815134952479808,0.2745171939468698,-0.47138900500760594,3,0.022620166414527465,379.3,4.1,37.0
0.26295742471648764,0.2412414248070889,U8,MN8014,12.480608854862506,9.365383125509798,CPG,CPG,0.1327881572950652,0.5084725235819821,0.2026914801353757,-0.3650768418250623,3,-0.08475488784384877,252.6,3.2,37.2
0.2703096409579073,0.2073485022378677,U10,MN8014,15.516040376926595,11.133260733633659,CPG,CPG,0.1293674731295404,0.5049293388569338,0.3089521690068365,-0.31482740359453554,0,-0.10921629605249905,397.1,4.8,42.5
0.2562451176928555,0.23656689297786992,U8,MN8014,11.853408630334668,9.550542105905576,CPG,CPG,0.12490066304824562,0.446819382866827,0.2061505969923469,-0.4930757694773191,5,-0.3934760428849038,365.8,3.9,39.5
0.256164378966418,0.2265322464730039,U10,MN8014,14.081903650964852,9.001839061993696,CPG,CPG,0.11811536522553524,0.4295071670990761,0.2001252308715893,-0.5615152151158749,6,-0.28430946228407183,336.6,4.1,39.5
0.27532478023915496,0.26328778303745604,U10,MN8014,14.12700189785511,8.467445243124551,CPG,CPG,0.11271971830481495,0.4376170587841874,0.2510445868065148,-0.4124101503772373,4,-0.4111304186634883,371.1,5.1,35.0
0.26252402513638007,0.2663454138452823,U10,MN8014,14.032930190734778,10.268564586138325,CPG,CPG,0.11261169346587242,0.449917780563032,0.22026420410955036,-0.3932163832919824,2,-0.34729958175667264,310.4,5.2,35.1
0.2564187492227655,0.27504674925391415,U8,MN8014,13.52349457695951,11.146071840062119,CPG,CPG,0.1253559816257233,0.4725222853429863,0.2789273529840226,-0.3514257521547881,3,-0.36313551784531173,324.4,5.6,40.5
0.2686719690761993,0.25713664663323665,U8,MN8014,10.29418479110947,8.122107089976627,CPG,CPG,0.12176342908061205,0.457553575526905,0.20001242336084732,-0.3780166317208875,2,-0.22606226009953945,376.9,5.0,38.4
0.25687299103879047,0.25568696586784756,U10,MN8014,11.32743502784404,6.789969929340206,CPG,CPG,0.11891422308014457,0.46634164838114545,0.2181493930530182,-0.3571697208337161,7,-0.23835243345266965,293.7,4.9,39.9
0.26079867463838,0.28505683832668527,U10,MN8014,12.367666257316657,9.696184412480374,CPG,CPG,0.10967829338583224,0.45563656656355334,0.26064136342031674,-0.3641390745361681,4,-0.4282761466165308,338.4,4.6,38.4
0.2884157355072019,0.28210645674816925,U10,MN8014,11.225720634153792,7.619541195943235,CPG,CPG,0.11825621778032071,0.46145195493837843,0.26439206495003964,-0.5549344435973644,5,-0.4570771006124348,351.1,5.7,38.7
0.27523474317962837,0.3028564144937601,U10,MN8014,11.032218437629336,8.13223276528491,CPG,CPG,0.10793132969180688,0.46212289167838905,0.20035971704859598,-0.6285562540517841,3,-0.7890892072778275,308.1,4.3,37.1
0.29876761126318274,0.27505500664493787,U10,MN8014,10.763237103759955,8.638660506791139,CPG,CPG,0.11047659568815552,0.462825714053404,0.21715544534968337,-0.5793959942861536,1,-0.6745475797238143,337.7,4.5,36.0
0.28837482817844906,0.29293868379649257,U10,MN8014,9.402865302175124,7.8937188039468555,CPG,CPG,0.11533469227420722,0.46825593333698523,0.21920360102339098,-0.5349734339077432,5,-0.7304953751941916,403.3,4.7,40.4
0.2711632887259387,0.29398678704220843,U10,MN8014,7.541275236194435,7.913848004109822,CPG,CPG,0.11698910361846383,0.43854358579844943,0.21599212783723065,-0.7131023692831072,2,-1.1213998469818192,428.0,3.7,38.2
0.2838828751993466,0.30006470518232886,U10,MN8014,8.424998726665244,5.7936172976871685,CPG,SSPG,0.10933565346542173,0.42346776547336507,0.205245192427414,-0.5546052358894455,7,-1.2578259841974804,430.7,4.9,38.3
0.27995726473533733,0.3148536107677108,U10,MN8014,10.594577257980596,6.144968845416976,CPG,SSPG,0.11356190435248538,0.4523066512668039,0.20651009401578435,-0.7529735792822052,7,-1.2583662875622554,360.3,4.4,40.9
0.28318429043138266,0.306848048523953,U10,MN8014,11.323459250276393,5.6779004987283725,CPG,SSPG,0.11370411194375249,0.46265250138791314,0.20333499604076727,-0.8247188869418549,2,-1.5164364995167334,452.6,3.6,40.9
0.28591501684085296,0.3342121510817748,U10,MN8014,9.827050085017468,5.419059698375142,CPG,SSPG,0.11253274900885314,0.44434136452112905,0.20205340312712644,-0.8557728307846895,3,-1.6748391309296702,425.3,3.6,39.4
0.266309669983792,0.3145120175594093,U8,MN8014,12.33639838492023,5.9106138792380625,CPG,SSPG,0.10675747402216954,0.41487221431816756,0.22449163872199238,-0.8937303674261238,5,-1.76284685445321,562.9,3.9,41.6
0.27610156105686257,0.32431953050805845,U10,MN8014,12.724773716545005,5.133424927583994,CPG,SSPG,0.10711484470304848,0.415901648390677,0.20202209614304267,-0.9179403077835295,0,-2.1097920812377744,553.4,3.6,43.7
0.27134430575678076,0.30259237340251344,U8,MN8014,15.231783332781776,6.986108871057758,WPG,SSPG,0.10341086543633193,0.42995067946251053,0.20017600999747906,-0.8520062419548446,7,-1.905478787149688,555.3,3.7,41.1
0.2733614055861783,0.3169853510470524,U10,MN8014,14.718507126058157,6.51193790302376,CPG,CPG,0.10636297538241671,0.4355028909715172,0.20127797249950466,-0.9273086148114469,4,-1.5887709676721755,556.0,3.1,38.7
0.276489392376932,0.30384487736054533,U8,MN8014,14.737523912326768,5.491861767186423,CPG,SSPG,0.10348677425772285,0.4197391242431996,0.20038595755473773,-1.0016979184165415,1,-2.0406087418885974,569.4,3.6,43.3
0.28939820127401583,0.31274081088073735,U8,MN8014,14.775614264925828,4.04733633204315,CPG,SSPG,0.1020613488431719,0.4172686767089906,0.21035014060263546,-0.9483040955477858,5,-2.043277108316188,569.7,3.9,42.7
0.28399383383526977,0.3202740602496274,U8,MN8014,14.826384570584974,4.150702564510379,CPG,SSPG,0.11152047687456385,0.42903610311827556,0.2032340261299466,-1.240665456991598,3,-2.1040885878746494,659.8,3.3,42.5
0.26912819179985703,0.322053365316011,U8,MN8014,14.705049039909616,4.041748285342605,CPG,SSPG,0.09782208814561935,0.4064459530204826,0.20876990673935575,-0.9603673374541147,0,-2.2896323364913354,650.3,3.4,47.0
0.28538295947440406,0.314223668473926,U8,MN8014,14.6807623780537,4.038565809218292,CPG,SSPG,0.09791715166023457,0.3963102249334358,0.20432257939597198,-1.1303384186493348,2,-2.200911361962863,690.5,3.1,40.0
0.2865401606899386,0.302420572624406,U8,MN8014,16.024516482904172,4.263282757282275,CPG,CPG,0.08997218674947609,0.392851219246907,0.2030702271216807,-0.9028560813441003,2,-2.21857801515066,677.0,3.0,42.8
0.28998337074142827,0.31934843176878486,U8,MN8014,16.102243994390406,4.264796003606516,WPG,CPG,0.09496273112177833,0.4236181226171661,0.20096334830445284,-1.051194887170225,2,-2.078682377316908,690.9,4.1,47.2
0.29174585830743494,0.32309368662825166,U8,MN8014,17.185576439600368,4.000223898647983,WPG,SSPG,0.09682274431850052,0.40043330226829943,0.2214533770886854,-1.0173252812018823,5,-2.2921154679456732,676.1,3.2,43.8
0.2796657787421962,0.3477100490492911,U8,MN8014,18.25983920981139,4.093733333818782,WPG,SSPG,0.1012945152974917,0.4076433095924545,0.2159377503613965,-0.9023697945514226,0,-2.7027950058661077,679.3,2.9,46.8
0.27834178829978595,0.32632666648261993,U8,MN8014,19.055036137551483,4.0100802295312725,WPG,SSPG,0.10734833339655697,0.40206715117097125,0.20000123433751943,-1.1532520219533111,7,-2.5812304455120643,707.4,2.4,49.6
0.25139229461739665,0.30787891485958296,U8,MN8014,18.0080167947601,4.174270617934083,WPG,SSPG,0.10522673670430807,0.39446825783827066,0.22387721513218434,-0.9545852913494335,4,-2.5163374720584315,716.9,2.7,49.0
0.2706422909235738,0.33210920040561226,U8,MN8014,17.374909625099992,4.16730257223684,WPG,SSPG,0.10576047744420551,0.4461289398912638,0.20228997516040872,-1.2355266006686718,7,-2.5240074044286347,637.5,2.1,46.4
0.25661053744972806,0.3161556899350604,U8,MN8014,18.528359650058242,4.024582062985579,WPG,SSPG,0.10072377476428084,0.43595417882313636,0.2640450044961829,-0.8737094035418339,0,-1.9543311879220306,605.0,2.8,48.1
0.2573662850303374,0.32417133592312253,U8,MN8014,19.511625715920275,4.150165325781182,WPG,SSPG,0.09400381029635571,0.4395714093469265,0.20803731547984897,-1.2453770479845945,1,-2.680159024266745,712.0,3.6,50.0
0.2688415747811652,0.32039382501309266,U8,MN8014,18.640318296171856,4.922610104642493,WPG,CPG,0.1100457177591411,0.4280553734486908,0.20560653429659675,-1.2722916553859702,5,-2.5887194305588768,765.1,3.9,49.9
0.2420537112199608,0.3131290426934639,U8,MN8014,19.468630096365413,4.389022570459655,WPG,SSPG,0.10571950842784993,0.4261569806696501,0.2032674432258359,-1.2236132560395017,5,-2.826352853994363,769.3,2.5,48.9
0.2430013799276111,0.3406018797303664,U8,MN8014,20.1062989561663,4.689018005684137,WPG,CPG,0.09886420604762591,0.4195219011932281,0.2007825678554001,-1.2026668559678657,5,-2.814256631378578,759.3,2.7,49.0
0.254910378339218,0.33776804338641414,U8,MN8014,21.048465825845796,4.037275790609263,WPG,SSPG,0.10519090881081732,0.42407442413671287,0.2009544439218617,-1.4219433598912004,2,-3.2330745240459393,875.1,2.9,46.6
0.24530512746741262,0.3365015936596154,U8,MN8014,22.432993523757037,5.6962269390711855,WPG,SSPG,0.09798011293607115,0.40922428840270014,0.20012538658346965,-1.2073349152011914,5,-3.623776092779204,775.1,3.1,47.1
0.24856133952484516,0.3472726608764447,U8,MN8014,20.38166275463152,5.456846639336619,WPG,SSPG,0.09944940545292083,0.38029036322740717,0.21835903110182114,-1.1744336433129976,1,-3.5616332249420832,895.1,3.7,45.3
0.25293765319291883,0.33152469081191444,U8,MN8014,20.466020096402286,4.015946183622618,WPG,SSPG,0.10291384177260651,0.3920893964711697,0.24139964086993623,-1.0492726406174255,4,-3.0963264416017253,878.5,3.3,45.2
0.2456015697139337,0.34261391202643965,U8,MN8014,19.32572976263312,4.488878897875822,WPG,SSPG,0.10455307109755946,0.39220247345620596,0.20219460039685705,-1.1126850059234923,2,-3.3524762917345168,780.0,3.4,45.9
0.23677150959564264,0.34563047547360076,U8,MN8014,20.593144186966434,4.372312724469897,WPG,SSPG,0.10120259347154315,0.3954612277481282,0.20169182407369612,-1.2086658445217238,2,-3.6973976354745286,826.1,3.4,44.8
0.25244786373567984,0.34956371003125497,U8,MN8014,20.629189071325634,4.047548926859918,WPG,SSPG,0.10302272417434197,0.39493911514869384,0.20000027066496878,-1.310752563771282,4,-3.48283007103724,906.5,3.3,44.6
0.2526487526234335,0.34702498172661117,U8,MN8014,21.661631419205445,4.06055510230571,WPG,SSPG,0.1032577829865812,0.406509750170921,0.20468878333409546,-1.096370306574544,4,-3.298393024994626,818.8,3.7,45.9
0.237965993071234,0.34915105776334876,U8,MN8014,22.802572115580713,4.0045152713407575,WPG,SSPG,0.09838977677321004,0.39629934811810363,0.21811462535930035,-1.3489020772655609,4,-3.8731291581614613,897.0,3.2,41.9
0.24848458703673473,0.34968625832031214,U8,MN8014,21.40912838152025,4.061845701169364,WPG,SSPG,0.09984224591229894,0.39966906778935807,0.22005227048768455,-1.3313322147269417,1,-3.6261367590355427,869.5,3.4,40.6
0.2356543623431348,0.34855926565358264,U8,MN8014,22.675147084355505,4.1932174041962265,WPG,SSPG,0.09788730677890954,0.39995329834961446,0.22186007229791946,-1.4561803467266834,0,-3.897040756985154,962.5,2.7,42.1
0.24465897607363996,0.34997488074083904,U8,MN8014,23.641669340768324,4.231130322997676,WPG,SSPG,0.09807281144874726,0.38896278517642185,0.2265770844667302,-1.5335446602515759,7,-3.8949846231775247,950.2,3.1,40.7
0.23762434072281166,0.3499631940550528,U8,MN8014,24.9538646586571,4.153794856630456,WPG,SSPG,0.10163855144901843,0.3983027342580755,0.22931564412280372,-1.55782241687652,0,-4.1560692622145385,1000.0,3.3,38.7
0.24393239524321642,0.34630085060875265,U8,MN8014,24.79782293347514,4.0005244895730625,WPG,SSPG,0.10475179398871035,0.3919220430098457,0.21533568742164566,-1.5203241358175146,4,-4.139376057221067,989.9,3.1,41.0
0.2507450993185063,0.3434137359507663,U8,MN8014,24.80126264268027,4.044908966260116,WPG,SSPG,0.10726940190415685,0.379447089092756,0.20514206117958,-1.5407232997248568,5,-4.125392300955534,991.0,2.7,40.1
0.23682495921935173,0.3461834143643825,U8,MN8014,24.990728995791386,4.004454701671253,WPG,SSPG,0.09950906789999031,0.37097465844106464,0.20740653763417696,-1.5403483956658282,3,-4.274138304140926,998.2,3.6,40.0
0.22856481062525963,0.3492634961741096,U8,MN8014,24.998601395243416,4.122618539918161,WPG,SSPG,0.10181635645985274,0.3847816518943524,0.20180251466710736,-1.5372212444519722,6,-4.173049785971754,998.7,3.6,39.9
0.23347711332291143,0.34921554376387354,U8,MN8014,24.988464553463448,4.000062830412843,WPG,SSPG,0.10084476999147901,0.3746309239242481,0.20041074252887825,-1.487805458701733,6,-4.3980063941390455,977.7,3.0,39.1
0.24613522516053582,0.3487749188211142,U8,MN8014,24.972451276578866,4.034049211887108,WPG,SSPG,0.10197539990940832,0.37617640639529054,0.20486926276586456,-1.4233661230636399,0,-4.2617751257028775,996.8,3.2,39.8
0.23272761063050787,0.34987251108547995,U8,MN8014,24.99840685152822,4.000003356818466,WPG,SSPG,0.10246914310665178,0.37358716094696526,0.20663767468431493,-1.5025716386187051,6,-4.292063168477952,982.2,3.5,40.3
0.24954904312369336,0.3489902585800685,U8,MN8014,24.962988930641995,4.036013992192109,WPG,SSPG,0.09793380772775037,0.3688407798907558,0.20066681368572886,-1.525185190846494,0,-4.306794544756974,990.3,3.5,39.2
0.23157908162734264,0.3498013909276749,U8,MN8014,24.667099765579636,4.17021014349642,WPG,SSPG,0.10489354357389041,0.36417485848865017,0.2035056072651863,-1.4956432328132512,3,-4.221285675328424,995.9,3.7,38.7
0.23270512485114714,0.3497687951865892,U8,MN8014,24.202985319378076,4.431814885546228,WPG,SSPG,0.09872215806191596,0.3699535860403338,0.20214586341645865,-1.4264766599958514,7,-4.420742703467443,999.9,4.3,40.9
0.23153305026037924,0.34880215212242355,U8,MN8014,24.999637628776682,4.001356036848964,WPG,SSPG,0.10912097206233706,0.37260670797838535,0.20625146926758783,-1.488702732237754,5,-4.3129359542496015,999.6,3.2,38.5
0.23652365303088352,0.3499653404040101,U8,MN8014,24.984413357088897,4.044698923551364,WPG,SSPG,0.1060678368327107,0.3773319287692324,0.20034044103684148,-1.5658136982494493,5,-4.409020479093773,975.8,3.1,38.1
0.24091137672580248,0.3497573300278405,U8,MN8014,24.804359778746935,4.431971148859888,WPG,SSPG,0.10592797281204477,0.3751831732227051,0.2012240101000299,-1.557107901985165,3,-4.360739322120951,995.9,3.5,39.1
0.23265258619295245,0.34997032696199387,U8,MN8014,24.045807822635958,4.024057128686938,WPG,SSPG,0.10371372996626259,0.36599326539195143,0.2066177758460088,-1.4070015103780764,1,-4.3660512667579425,999.9,3.7,40.3
0.24073229486703934,0.348637299745987,U8,MN8014,24.040856328482107,4.138562748475272,WPG,SSPG,0.10258978228876839,0.3834439648480717,0.20096451368282192,-1.5343716086155743,0,-4.144829263472548,995.4,3.8,40.5
0.2380683651597078,0.3495259177409566,U8,MN8014,23.796981519660395,4.347431811172943,WPG,CPG,0.10639720593299057,0.37498528967751377,0.20024692635856867,-1.4368574921856891,2,-4.228611506424732,999.8,3.8,40.6
0.2331081153720914,0.3499306708966047,U8,MN8014,24.027778175750786,4.184975381587842,WPG,SSPG,0.10517173277848768,0.3745042594089379,0.20067618011925287,-1.5020915104403267,0,-4.378774900691768,998.9,3.2,39.6
0.23264254431491976,0.3499613488169296,U8,MN8014,24.541976748896996,4.028830929623711,WPG,SSPG,0.10697424372910905,0.3744384364628599,0.2000310153628887,-1.5548994934690528,3,-4.432438090781146,993.3,3.2,39.6
0.23746066512815256,0.34960123822033706,U8,MN8014,24.23134469563996,4.184191937713052,WPG,SSPG,0.10577031674199269,0.37045233294939045,0.2008932879009489,-1.5141320206796076,1,-4.4281611730145745,999.2,3.2,39.6
0.23013607280762122,0.3499105973120926,U8,MN8014,23.81524584528064,4.196394225466356,WPG,SSPG,0.10627966305663805,0.377530151085425,0.20070139173139445,-1.5261392499162905,3,-4.345984067962313,999.6,3.4,39.7
0.23173210888057563,0.34926868077717066,U8,MN8014,24.09071553103727,4.191256202991401,WPG,SSPG,0.10565686043549441,0.3766510387713918,0.2012025773599289,-1.5296409984320516,0,-4.388844269026643,999.6,3.5,39.6
0.22660745654777398,0.3499169086132022,U8,MN8014,24.77431251599485,4.429253133914249,WPG,SSPG,0.10629621886838525,0.37731681133367734,0.20014475962377162,-1.5384123111341856,2,-4.380307776365548,997.4,3.5,39.2
0.224315345654377,0.34932654881742087,U8,MN8014,24.477566989858683,4.479096586767136,WPG,SSPG,0.10572455988565063,0.37414541891330894,0.20341560334757489,-1.5415639777667511,5,-4.360240924407218,998.8,3.4,38.7
0.22416185748571968,0.34730967497830184,U8,MN8014,24.780133771700136,4.403031362241324,WPG,SSPG,0.10462177108961976,0.37272293126561074,0.20125472503022487,-1.5435617854427448,4,-4.341491137318856,989.0,3.5,37.8
0.22644705837758494,0.34880431477127555,U8,MN8014,24.606530145733853,4.398562832860649,WPG,SSPG,0.10641706778923657,0.3738836735296139,0.20022559912158366,-1.51467034176777,7,-4.424541350752934,995.6,3.5,39.0
0.22576372746666137,0.3490813543441109,U8,MN8014,24.995352808226748,4.398391771740466,WPG,SSPG,0.10457834485870893,0.37528166998269974,0.20013414357945863,-1.5063825953003975,0,-4.418941967026861,996.9,3.3,38.4
0.22597244528529314,0.3496432615907771,U8,MN8014,24.978498919911786,4.292523346336048,WPG,CPG,0.10581659302279897,0.3762820370715504,0.20004297062203608,-1.5097692986406785,0,-4.3515998433351,995.6,3.3,38.9
0.22464835885709986,0.3491851545129264,U8,MN8014,24.790261420127873,4.363093775120272,WPG,SSPG,0.10452789560511849,0.37450087152136496,0.20004483213046195,-1.5266803228993995,2,-4.402575125232715,995.4,3.2,39.2
0.22544778777410635,0.3483066508084726,U8,MN8014,24.970735127028753,4.468843369387055,WPG,SSPG,0.10561918151071983,0.374476556663126,0.20160442409978638,-1.5373630979683828,6,-4.397558494329287,992.8,3.2,38.4
0.22334770594555606,0.3498710712726653,U8,MN8014,24.765732769457326,4.795726209585646,WPG,SSPG,0.10442443081959904,0.37461189989785365,0.200893306759686,-1.5259500266966592,2,-4.397870072017904,996.9,3.4,39.2
0.22696344566621343,0.3497140365264698,U8,MN8014,24.538940755353675,4.639358024994763,WPG,SSPG,0.1053299070850672,0.37042734035492175,0.20168173684191523,-1.507149105418686,4,-4.322352164923691,998.1,3.3,38.2
0.22567378436365806,0.3488799321906056,U8,MN8014,24.535240563792524,4.451205675765405,WPG,SSPG,0.10581932766885903,0.37322067428734773,0.20000127171811682,-1.541955678203426,3,-4.3884285975563415,994.9,3.3,38.4
0.22787016541395014,0.3492465844774029,U8,MN8014,24.594439805882086,4.461587597645585,WPG,SSPG,0.10423158642972079,0.37157301366338513,0.20040749836463567,-1.5324146677262873,6,-4.423069959958594,995.0,3.3,39.0
0.22697805970664325,0.34994968264060383,U8,MN8014,24.563290933914836,4.802189798814591,WPG,SSPG,0.10389255594085323,0.37109777058723636,0.2000203867857228,-1.51320701155572,7,-4.442461727211564,997.7,3.4,39.0
0.2240636518853642,0.34997655037721886,U8,MN8014,24.570984504057385,4.595340049427651,WPG,SSPG,0.10530240864330345,0.37130595191350424,0.20002139347418912,-1.506660128289601,6,-4.363966137604507,996.9,3.2,39.2
0.2254756148218662,0.3499769570347391,U8,MN8014,24.617208640946494,4.516488260994498,WPG,SSPG,0.104140405997869,0.3714374003265156,0.20114026253557726,-1.5121174501715513,3,-4.399838077448134,998.3,3.3,39.5
0.22381599677944095,0.3498747603545217,U8,MN8014,24.462663040464566,4.541019480276386,WPG,SSPG,0.10579066063424422,0.36830285515590877,0.2002377744121302,-1.4939415799299347,6,-4.396990506285308,996.9,3.3,39.5
0.22412365076296153,0.34985678314796836,U8,MN8014,24.572523530238758,4.377794723149715,WPG,SSPG,0.10552876727492747,0.3690727735852619,0.20048546342124157,-1.5156283869653515,7,-4.426014675228679,995.1,3.5,39.1
0.22367601373781543,0.34999944773767827,U8,MN8014,24.454551953685286,4.424271055396006,WPG,SSPG,0.10610133302658008,0.36866450457552846,0.2001194849221628,-1.5188006851853273,5,-4.431619359581566,999.0,3.3,38.7
0.2206983949946987,0.3498165443903473,U8,MN8014,24.64072062976905,4.41424790539752,WPG,SSPG,0.10495638888806316,0.372670782491676,0.20054763785331145,-1.5276159679115482,2,-4.434715779234262,998.9,3.5,39.6
0.22178938612400495,0.3499250979579899,U8,MN8014,24.036845582532983,4.527661050314766,WPG,SSPG,0.10532022029894175,0.373163536382484,0.2002914193331626,-1.4905912434429547,1,-4.455837436611549,999.8,3.5,39.1
0.2238133919817656,0.3497883923512587,U8,MN8014,24.10824200431937,4.485569244640895,WPG,SSPG,0.10584353168084923,0.37318557777541117,0.2034571607003028,-1.4851802403461616,1,-4.386429229283628,999.9,3.5,38.9
0.2215948103487616,0.34993973629345343,U8,MN8014,24.499594516310825,4.422661115253577,WPG,SSPG,0.10567031067622465,0.3715170509355527,0.20273367604939313,-1.500788314462448,7,-4.385030785480833,998.7,3.3,38.1
0.22254340503958683,0.3498491540466555,U8,MN8014,24.595902778074684,4.365859523857605,WPG,SSPG,0.10654906542573392,0.37335414810319134,0.20138584719763014,-1.5215942608910016,1,-4.3847139215299595,995.8,3.4,38.3
0.2223230371487601,0.3499503367018514,U8,MN8014,24.22563586500528,4.361282275694484,WPG,SSPG,0.10585410469629675,0.3726753748259856,0.20286613687025065,-1.4854239254010098,5,-4.409281696339095,1000.0,3.5,38.9
0.22491744007251524,0.3497141139992291,U8,MN8014,24.51119342154084,4.383153719710431,WPG,SSPG,0.10628661840777187,0.37319086240086496,0.2007103438663392,-1.5105997221217706,0,-4.396725186111873,999.5,3.5,38.5
0.22625069172448772,0.34986310948104876,U8,MN8014,24.550046125486677,4.434336416500029,WPG,SSPG,0.10717634875386,0.37268917317235717,0.20046743862163705,-1.5104662215570395,2,-4.436334703978034,999.5,3.6,39.0
0.22332616789674134,0.34999192348117825,U8,MN8014,24.600447275692876,4.5186701974037975,WPG,SSPG,0.10574967044103412,0.37179807715731755,0.20021597136415237,-1.504604803182229,4,-4.38037891558826,999.7,3.5,39.0
0.2262091762377484,0.3499935929715986,U8,MN8014,24.232383753257103,4.489545238711494,WPG,SSPG,0.10648611214888717,0.3731103888309396,0.2019051389693432,-1.4943856708847427,0,-4.404834950527441,1000.0,3.6,39.7
0.2266117911595781,0.3498339370000053,U8,MN8014,24.60494121406819,4.437142677001264,WPG,SSPG,0.10620841420982705,0.3734004438741194,0.20047852186545648,-1.5053609733835105,7,-4.410352217439282,997.5,3.5,39.2
0.22875007684625698,0.34999972240572114,U8,MN8014,24.15117754740205,4.372359993848557,WPG,SSPG,0.105774573162915,0.3722154712307364,0.20117552534904465,-1.4776978802441767,5,-4.452039450220017,1000.0,3.6,39.8
0.22598168583243483,0.3499575369419343,U8,MN8014,24.579949290000435,4.365380170910935,WPG,SSPG,0.10588827140342424,0.37228102443336575,0.20084016112719344,-1.4872327032224755,4,-4.4346169271471965,999.6,3.7,39.7
0.2286165734355278,0.3499596457862908,U8,MN8014,24.461129390697764,4.279361758047412,WPG,CPG,0.10678243899861983,0.3710559670249794,0.20066430345671213,-1.4700673919397056,3,-4.3083355679540905,999.8,3.8,40.1
0.2246543090601425,0.3499930318974934,U8,MN8014,24.52039845929253,4.241607759523715,WPG,SSPG,0.10869647296251658,0.3746553489059307,0.20071376569255883,-1.4989026098164784,6,-4.328643662515638,999.0,3.7,39.8
0.22944690539996832,0.34996365673910956,U8,MN8014,24.192054463681885,4.156213881372622,WPG,SSPG,0.10905956929524399,0.37061264144627715,0.20005258603676054,-1.4719251272799547,7,-4.443676626782565,997.6,3.9,40.5
0.226990062385948,0.34983053041948065,U8,MN8014,24.238479100280845,4.1804292537120435,WPG,SSPG,0.10886636736047625,0.3713490431917134,0.20024645877153815,-1.462488991568355,6,-4.421765115511633,997.9,3.9,40.4
0.22734210504370125,0.34999567033150764,U8,MN8014,24.236366191903628,4.1815697547133315,WPG,SSPG,0.10858902290929573,0.37261216547623555,0.20081053084483091,-1.4704964129057165,5,-4.436549449994494,998.8,3.8,39.5
0.22558587140810912,0.3499824932668438,U8,MN8014,24.217032915955134,4.217361206834224,WPG,SSPG,0.10847460979417625,0.37212191761116564,0.20048495005410333,-1.4910394017185664,2,-4.425740178920908,997.6,4.0,39.2
0.22352083706683842,0.3499001389906903,U8,MN8014,24.23620194351224,4.193958462037102,WPG,SSPG,0.10857480738289349,0.3711650415917076,0.20197077815852718,-1.48845353188549,5,-4.416908142711803,997.4,3.9,39.1
0.22760029603122442,0.34966907125709623,U8,MN8014,24.144209130089912,4.1511260239441565,WPG,SSPG,0.11002442213928176,0.36941066951618085,0.20162032427085685,-1.4893835807892521,1,-4.351664438259183,993.9,3.9,38.9
0.22782637001584408,0.3499460749320161,U8,MN8014,24.101978942247268,4.315897595821853,WPG,CPG,0.10952216202620355,0.370920566003706,0.20020274987157455,-1.4673272374367872,6,-4.315082645896881,998.1,3.9,39.3
0.22739213182249696,0.3499931601104166,U8,MN8014,24.16480494694699,4.31193372062639,WPG,CPG,0.10962650534578236,0.36910646088467525,0.2008887800334047,-1.4666640378016462,2,-4.3488187084412555,997.7,4.0,39.1
0.2293815746769245,0.349937506251055,U8,MN8014,24.197870596265183,4.230785602025893,WPG,SSPG,0.10904845673236141,0.367970295963103,0.2003703308915866,-1.4558343397160691,5,-4.407754826255603,996.7,4.0,39.8
0.2266065659372712,0.34999130931677735,U8,MN8014,24.141589045027423,4.34373179462633,WPG,CPG,0.1080711577043171,0.3676736705424878,0.20321012460803584,-1.4802457637659414,1,-4.30641318970325,993.5,3.8,39.0
0.22871832731886124,0.34987621209801484,U8,MN8014,23.995718907236984,4.356704065803338,WPG,SSPG,0.10914856071197879,0.3666635968840567,0.20096356591973485,-1.4669585932815041,1,-4.448620756947578,995.3,4.0,39.1
0.2282951130877166,0.3498270850548003,U8,MN8014,23.980642693662045,4.399122760882175,WPG,SSPG,0.10889399027692048,0.36813313220345756,0.20085628130528477,-1.473746096181439,1,-4.398268326143258,995.9,3.9,38.8
0.22875805056584908,0.34954353504407865,U8,MN8014,23.99270799031197,4.443643385339925,WPG,SSPG,0.10779700536730563,0.3693074180674663,0.2003750905407924,-1.467040299604583,6,-4.402069315299542,998.4,4.0,38.7
0.23249738529382333,0.3496971247361908,U8,MN8014,23.599070167955496,4.247275323652482,WPG,SSPG,0.10789838789815692,0.36997985619552815,0.20009564624708479,-1.4623961430045909,0,-4.4507739212229644,998.2,4.1,39.4
0.2302318200284279,0.3493163770355253,U8,MN8014,23.60740014575029,4.16307148413959,WPG,SSPG,0.10754012807660604,0.3714823578181804,0.2000002305651792,-1.4939355281884317,7,-4.484391498922474,997.9,4.1,39.3
0.2286018645192884,0.34874650296080073,U8,MN8014,23.99588316845299,4.152990280619405,WPG,SSPG,0.1096329927674222,0.3705207697501839,0.2001917595503558,-1.5082139223677504,5,-4.481503325116648,991.0,4.0,38.5
0.23146683683236483,0.3486623385167663,U8,MN8014,24.042444956496805,4.215760144092288,WPG,SSPG,0.1087188861304941,0.36596004902737056,0.2001919131513827,-1.4956628791215265,3,-4.440871422067577,991.2,4.0,38.5
0.22972142616352337,0.349729136697549,U8,MN8014,23.93615642721244,4.224801295433452,WPG,SSPG,0.1074130982653996,0.36883578494305486,0.2006406261753624,-1.4655660174629366,1,-4.427461723657508,996.2,4.0,39.2
0.2294604362514956,0.3494016920903154,U8,MN8014,24.085197135439515,4.197338694560105,WPG,SSPG,0.10822655165721781,0.367293585084575,0.2011607005849689,-1.4845029420835925,3,-4.401087757198415,996.6,3.9,38.8
0.22900662340564448,0.348982100896291,U8,MN8014,24.02084636794209,4.195539328224312,WPG,SSPG,0.10828164585320331,0.36911636335241205,0.2014701712494257,-1.485762527673976,0,-4.398281828810399,997.9,4.0,38.8
0.2290552262405272,0.3495533090744445,U8,MN8014,23.990797340474703,4.177357829850211,WPG,SSPG,0.1089556780159176,0.36592272722881264,0.20089436455794482,-1.4687962128976293,6,-4.438765085315106,994.0,4.0,38.9
0.22852189877300044,0.3492259588763892,U8,MN8014,23.91702886400438,4.150548235305899,WPG,SSPG,0.10913347152332026,0.36677079684228414,0.20064692048515845,-1.4683172034417253,5,-4.4182542970792085,995.6,3.9,39.2
0.22885694220911268,0.3491855739052965,U8,MN8014,23.999342388445527,4.1988963198446,WPG,SSPG,0.10882519569364191,0.3663227516477916,0.20137124442476656,-1.4614763373120059,6,-4.446034827533353,994.8,4.0,39.0
0.2291963773971265,0.34881736650608797,U8,MN8014,24.006946265030702,4.180738954370251,WPG,SSPG,0.10833405647485166,0.3665868762401815,0.2011664483162384,-1.4711553695654884,2,-4.430891420006059,994.9,4.0,39.0
0.2314192834035195,0.34836890799100284,U8,MN8014,23.969930660247027,4.1698125623585875,WPG,SSPG,0.10769322935939563,0.3659996681236929,0.20088831000822455,-1.4654406854107962,1,-4.456372637312523,994.5,4.1,38.7
0.23086726174658773,0.34860679788389215,U8,MN8014,24.20829346583855,4.185925187294142,WPG,SSPG,0.10758493457437965,0.36712746335379376,0.2008242529367132,-1.4774314367871788,7,-4.408530750731041,993.6,4.0,38.7
0.2334239296609249,0.3482074972172386,U8,MN8014,23.98473187533587,4.17969216825302,WPG,SSPG,0.10750939368334216,0.3658157424964664,0.2011787216459896,-1.4731470900943013,2,-4.431307648681127,991.2,4.1,38.9
0.2326179313248913,0.3484325071215149,U8,MN8014,23.87758383553478,4.17960251800002,WPG,SSPG,0.10750731158334642,0.36638997232431314,0.20037097751622776,-1.4755230608453442,4,-4.404114085798156,993.9,4.1,39.0
0.23201428360941742,0.34858022592395627,U8,MN8014,23.986954628557907,4.180656222306839,WPG,SSPG,0.10700157612521516,0.3648688950487852,0.20153484012452758,-1.4858665223252467,0,-4.436680748369136,989.7,3.9,38.6
0.2337324902636233,0.3484157367981162,U8,MN8014,23.988709608616258,4.1718433301463875,WPG,SSPG,0.10563803765522231,0.3646322299422651,0.2028891941568851,-1.467929988245703,7,-4.365833245735436,989.4,4.0,38.5
0.23448418082545236,0.3475940157328832,U8,MN8014,23.94299071542372,4.166974568639301,WPG,SSPG,0.10588322176266807,0.36653001299464716,0.20176121701330058,-1.4862350980294583,4,-4.342384528404141,989.5,4.0,38.4
0.23241111044018073,0.34776255370065,U8,MN8014,24.030956496376614,4.222010644978667,WPG,SSPG,0.106609275854059,0.36652189090845827,0.2007901562488623,-1.4989154015496564,7,-4.451993047014296,989.9,4.0,38.3
0.23077868596117523,0.348421147891571,U8,MN8014,24.063835926908204,4.165287194028135,WPG,SSPG,0.1073211500166974,0.36621212799779856,0.20079397339793945,-1.4821108661033826,4,-4.396317158991003,991.2,4.0,38.5
0.23256782423322392,0.3479919489294679,U8,MN8014,23.99560924318903,4.177433857201659,WPG,SSPG,0.10712591543008163,0.3680346441680272,0.20032063459565536,-1.4921180876513962,3,-4.453746399711537,993.1,4.0,38.4
0.23341363315902608,0.34861171638674704,U8,MN8014,24.046090535138127,4.157257305088441,WPG,SSPG,0.10682443741117312,0.36933856335708026,0.20036130774244737,-1.489378998314767,1,-4.450876779974639,993.8,4.0,38.8
0.2324563282388512,0.34893031089420523,U8,MN8014,24.02215275771019,4.207313423262398,WPG,SSPG,0.10654594960499458,0.3679622156348434,0.2002876789607718,-1.473392113427219,5,-4.4467411484030315,995.5,3.9,39.0
0.23258101255727665,0.3486346265992262,U8,MN8014,24.03056639186366,4.2265207625302414,WPG,SSPG,0.10646133595958968,0.3689290694169126,0.20030284813556673,-1.472042443602678,3,-4.4481958908351675,994.8,4.0,38.8
0.23243877739386676,0.34877762289382314,U8,MN8014,23.960084228611976,4.235575534690441,WPG,SSPG,0.10660348392084062,0.3689844945130618,0.2001246904854328,-1.470303056906003,0,-4.453406800033216,995.6,4.0,38.7
0.23173210415342427,0.3487593078154331,U8,MN8014,23.960352409890973,4.2049148223214905,WPG,SSPG,0.1070414965208353,0.36889122141383657,0.2000181180060401,-1.4685145942297866,7,-4.452049716983554,995.3,4.0,38.8
0.23185265073704953,0.3488143517655059,U8,MN8014,23.970271058280925,4.190418506098234,WPG,SSPG,0.10689809048979315,0.3697571953765508,0.20002476698738306,-1.4672759161085094,7,-4.423022536115765,996.8,4.0,39.2
0.23204472605563828,0.34943004254606735,U8,MN8014,23.930619995283475,4.2155508746159525,WPG,SSPG,0.10704324383820321,0.36895000683998147,0.2000000019279824,-1.4557237187593168,4,-4.431588914186937,997.6,4.0,39.3
0.23272508408818385,0.34944917311647694,U8,MN8014,24.029304946497742,4.242803733850628,WPG,SSPG,0.10684338016043587,0.36789396535164026,0.2000642667921845,-1.4535638231447006,6,-4.4550731135578,996.5,4.0,39.4
0.2350179971142433,0.34896903055572254,U8,MN8014,23.97832942538348,4.23808334892223,WPG,SSPG,0.10596186937834784,0.36792442653067386,0.20005161550518907,-1.472869824656436,6,-4.468059562167674,993.5,3.9,39.1
0.2347292454450216,0.3490576505128062,U8,MN8014,24.015869436610785,4.200229739448197,WPG,SSPG,0.10597624807842464,0.368630395962014,0.2003566102268751,-1.4504348988348201,2,-4.473058737785715,996.9,4.0,39.5
0.23408604957135903,0.3491233224094845,U8,MN8014,24.025187085825856,4.19164394661384,WPG,SSPG,0.10671317325456964,0.36960589161475704,0.20000870937756407,-1.4821518037901078,6,-4.4497953183518515,995.6,4.0,39.3
0.23389596598132825,0.3485942504645903,U8,MN8014,23.951044668829777,4.206627096006094,WPG,SSPG,0.10624906510750942,0.3691915352212183,0.20003795900843518,-1.471432517394365,5,-4.460418624508636,996.0,4.0,39.2
0.23378935358850594,0.3488361096603606,U8,MN8014,24.04766356126975,4.23530652326644,WPG,SSPG,0.10615385704892907,0.37043901958650277,0.20000166599595048,-1.4647777015435781,0,-4.451720800187994,997.5,4.0,39.2
0.23333970311769692,0.34845935446419296,U8,MN8014,24.00284667810121,4.221240606661188,WPG,SSPG,0.10696015010948157,0.3692567892020343,0.20002479869069104,-1.4702698526776834,7,-4.451002419817229,994.1,4.0,39.2
0.23554282355571646,0.34866792917067885,U8,MN8014,23.9910224495556,4.249011695040817,WPG,SSPG,0.10620161185593907,0.36892030732280556,0.20003061851411857,-1.4667345638028706,4,-4.456563789210367,993.9,4.0,39.3
0.2347863195668068,0.34854268277034356,U8,MN8014,23.964036953468334,4.217543140640349,WPG,SSPG,0.10683861934499206,0.36931626645066484,0.20005863625538026,-1.4810109355099301,1,-4.440985073359517,993.6,4.0,39.2
0.23447202309005266,0.3487414623963432,U8,MN8014,23.997647229191514,4.2230065165070885,WPG,SSPG,0.10660862106268376,0.37029620694870796,0.20005699755873493,-1.4692380991143787,0,-4.456192200883686,995.6,4.0,39.4
0.2346881662056993,0.3485166881592075,U8,MN8014,24.03256226900177,4.2071788234550915,WPG,SSPG,0.10657969723661623,0.3688633502786351,0.20034009023580648,-1.462786422877068,2,-4.459117440192999,994.4,4.0,39.3
0.2344273028765016,0.3484415732703241,U8,MN8014,24.037304421110534,4.228108424147036,WPG,SSPG,0.10660055828708709,0.3687986807515583,0.2005468482937131,-1.4721431009928516,3,-4.45844136130947,993.0,4.0,39.3
0.2350809558930732,0.34907847613441795,U8,MN8014,23.961919118459974,4.24210679567397,WPG,SSPG,0.10678171125228661,0.36927011618024574,0.2002968133624332,-1.463583362549056,2,-4.459752801025974,995.3,4.0,39.6
0.23547789475155834,0.34855238366749325,U8,MN8014,23.9904503748099,4.227399848250669,WPG,SSPG,0.106651187636438,0.37032123276978723,0.20013030510835947,-1.4638929733516857,4,-4.454911617535492,995.4,4.1,39.6
0.23530450604611974,0.34915004493295204,U8,MN8014,24.03058587895044,4.2410878695586165,WPG,SSPG,0.1067185789976665,0.3696065326272741,0.20006137010786595,-1.4575873242261477,0,-4.468479853390527,995.3,4.1,39.8
0.23660058214923252,0.3489567156603529,U8,MN8014,24.046659103799023,4.2375091345957,WPG,SSPG,0.10610676611254947,0.36972310374628276,0.20002999740432106,-1.4592404809489887,6,-4.467636205864967,995.4,4.1,39.8
0.23635352819389627,0.34869173757083444,U8,MN8014,24.023965954036427,4.227723846353168,WPG,SSPG,0.1068956922366036,0.3689969285044911,0.2000097991786542,-1.4573001548624818,3,-4.469100187204726,994.7,4.1,39.9
0.2357905980787946,0.3487171489723161,U8,MN8014,24.004670025079825,4.228001267374161,WPG,SSPG,0.10646932727619593,0.36862196754020593,0.20001914661081147,-1.4508321851986774,2,-4.464309986877089,994.3,4.1,39.9
0.23548646608825602,0.3488041213450365,U8,MN8014,24.007670916425162,4.216836644084285,WPG,SSPG,0.10647791682910868,0.369589713304517,0.2001285602455261,-1.4539800714221387,6,-4.44386755682034,995.2,4.1,39.8
0.23552704040399142,0.34898018716609036,U8,MN8014,23.97934617322104,4.231909914755426,WPG,SSPG,0.10656230618285893,0.36977550114904534,0.20004893890777933,-1.4430978960338765,0,-4.446420098909359,996.5,4.1,40.0
0.23604362278653745,0.34899898971501475,U8,MN8014,23.96080963831085,4.232925701459125,WPG,SSPG,0.10688589086490397,0.3695608290364614,0.20000973828595223,-1.4430392039880682,7,-4.455270197116278,995.8,4.1,40.1
0.23604928855899976,0.3487887736978935,U8,MN8014,24.024209735375504,4.23445331827826,WPG,SSPG,0.10686868047031256,0.3698713376312155,0.20007584111387464,-1.4516719288269735,5,-4.4610720963988175,995.4,4.1,39.9
0.23586675833195686,0.3487660929966845,U8,MN8014,23.995432426281194,4.235482223135849,WPG,SSPG,0.10643185920039488,0.36976558691242817,0.20000048194148895,-1.4544642110320343,7,-4.461689738841216,995.9,4.1,39.7
0.2355397819034602,0.34863514190923345,U8,MN8014,23.998778822920865,4.232398781542137,WPG,SSPG,0.10679033692459122,0.36964681449988757,0.20000944776782476,-1.4519428656880693,2,-4.463608961624349,995.0,4.0,39.7
0.23507469089423255,0.3488841721325029,U8,MN8014,23.967547421454693,4.227713191663551,WPG,SSPG,0.10698272039544686,0.3694917751545301,0.2000888083599856,-1.4449664890044807,2,-4.464042635079727,996.2,4.1,39.9
0.23502105536479462,0.3484944891561085,U8,MN8014,24.008048189220577,4.199237187866791,WPG,SSPG,0.10669152646282448,0.3699650769293564,0.2001919349326397,-1.4557511196996447,4,-4.460237969888556,995.5,4.1,39.6
0.2352389882173516,0.3488357873051893,U8,MN8014,24.023654182822575,4.219794072403292,WPG,SSPG,0.10691751783198904,0.36959509409126245,0.20016834923996754,-1.4515698310664522,7,-4.472376172062894,996.4,4.1,39.7
0.23511430320966234,0.3487279641592116,U8,MN8014,24.001757305460938,4.219313116877994,WPG,SSPG,0.10643584360155112,0.3697373820825868,0.20031935152668098,-1.4456451085018398,5,-4.468372095362687,996.7,4.1,39.7
0.2346353107892521,0.34881745011213044,U8,MN8014,24.031277803121544,4.218453832952516,WPG,SSPG,0.10659699532760941,0.36949165179176907,0.20017465692551725,-1.4489892292011335,7,-4.474138395643813,996.8,4.1,39.7
0.23461166501028952,0.3488009415678091,U8,MN8014,24.029456292524483,4.225820402787619,WPG,SSPG,0.10660913207433667,0.3696815179259214,0.20003949592170045,-1.4489584507540922,7,-4.465451621352155,996.8,4.1,39.8
0.23451772016217448,0.3486569161437452,U8,MN8014,24.044841482664523,4.2386724251156895,WPG,SSPG,0.10632439012908106,0.36960596988245975,0.20010898522155615,-1.4546864530372687,3,-4.470368472423315,996.2,4.0,39.6
0.2347645469022929,0.34868956008347995,U8,MN8014,24.049634993313923,4.241504108547415,WPG,SSPG,0.10633863790282586,0.3697045314565603,0.20012893254962014,-1.4542608918348783,7,-4.461135702056687,996.1,4.1,39.7
0.23447025146344036,0.3487025856278031,U8,MN8014,24.045157334587355,4.24394343285288,WPG,SSPG,0.10649160424971613,0.3693168129656302,0.20007505241227241,-1.4556021899040499,3,-4.4669591587904875,995.9,4.1,39.7
0.23442261365255118,0.3485040993856869,U8,MN8014,24.03850034702213,4.22305840859548,WPG,SSPG,0.10670001577605778,0.3694776410989257,0.2000552575654106,-1.4518806280988978,4,-4.46376460340268,995.9,4.1,39.7
0.234895673714663,0.34848390498549253,U8,MN8014,24.023875718262886,4.230023536531791,WPG,SSPG,0.10656201191203132,0.3694219973380458,0.20007536716092547,-1.4519611754960589,3,-4.463193803874557,995.6,4.1,39.7
0.23479586920527615,0.34834767211645495,U8,MN8014,24.022561197679188,4.236363675268609,WPG,SSPG,0.10672809231864125,0.3697842406750239,0.20005395763595005,-1.457260810526385,6,-4.4617997672778476,995.3,4.1,39.7
0.235381270369678,0.348550702282395,U8,MN8014,24.000684542868086,4.230592547272204,WPG,SSPG,0.10666048776701731,0.36975591403067076,0.2000099316663942,-1.453030805957704,6,-4.4641273461819235,996.1,4.1,39.8
0.23475367607853187,0.34869209639933374,U8,MN8014,24.020247159031797,4.2102015024830415,WPG,SSPG,0.10674481976731448,0.3698340042326304,0.20008036542336824,-1.4535545952383178,2,-4.465365189700334,996.2,4.0,39.8
0.23523291200092253,0.34875815707393365,U8,MN8014,24.014125346453945,4.208672139073073,WPG,SSPG,0.10678195685210821,0.36971011418818556,0.20002846701758065,-1.4510066979807246,1,-4.465209387354937,996.6,4.0,39.8
0.2350413061075254,0.34866002415883285,U8,MN8014,24.001543915608895,4.211655093123271,WPG,SSPG,0.10680311137617102,0.3692387084714066,0.20011347668380977,-1.4501993010699228,7,-4.469148015243347,996.1,4.0,39.7
0.23528625482842058,0.3488675083734301,U8,MN8014,24.001217811860993,4.210875575949101,WPG,SSPG,0.10684130898718862,0.36939763281100124,0.2000614799609008,-1.449477686405157,3,-4.468104082753358,996.4,4.1,39.8
0.2349438204622582,0.34902838996484586,U8,MN8014,24.00742957636293,4.205927049825263,WPG,SSPG,0.10695415089951246,0.3694480442357707,0.2001153309577311,-1.451916543816996,4,-4.465598469509944,996.3,4.0,39.8
0.23569915938949165,0.34903344387597746,U8,MN8014,24.034173803209338,4.200851310935492,WPG,SSPG,0.10728098741934343,0.36937702557760344,0.20009609343660295,-1.4521497708410889,3,-4.462641576146924,996.0,4.1,39.8
0.23489524847030352,0.3490333093494802,U8,MN8014,24.03926658491353,4.207492528451396,WPG,SSPG,0.10711812752482244,0.3693079905135082,0.200113882534555,-1.4498723139331466,3,-4.460026633922965,996.1,4.0,39.8
0.23559258904208882,0.3490138568045504,U8,MN8014,24.034085268048255,4.217321711059274,WPG,SSPG,0.1069520587461969,0.36912169647362647,0.20005333255714444,-1.4476502233053885,4,-4.456504793281534,995.9,4.1,39.8
0.2349263518429437,0.34885193065214404,U8,MN8014,24.03797888763672,4.211444033935181,WPG,SSPG,0.10684962736948433,0.3689878326086384,0.20010973984491046,-1.4561208930044205,3,-4.467995450059664,995.4,4.0,39.6
0.23559750256520928,0.34888568400122044,U8,MN8014,24.04408674882574,4.221245655411979,WPG,SSPG,0.10648998672075319,0.3692250646311107,0.20012994297418119,-1.4464851682144095,2,-4.47163828317812,995.8,4.1,39.9
0.23539796445255107,0.348712923413096,U8,MN8014,24.040352231599098,4.2079201155834385,WPG,SSPG,0.10672968896961021,0.36939017090205156,0.20006876528160353,-1.4487189101375215,4,-4.470856612761363,995.8,4.1,39.8
0.23532076244812966,0.34869222494903496,U8,MN8014,24.017333420620297,4.207210664240647,WPG,SSPG,0.10662624544417058,0.36927125622678236,0.20011837189345155,-1.4451598132809518,4,-4.465671726750642,996.1,4.1,39.8
0.23524593970245866,0.3486466586757746,U8,MN8014,24.00356451795222,4.2169690317677215,WPG,SSPG,0.106690786071027,0.36945087055953263,0.20014131105294483,-1.4478491655571144,6,-4.472210193546143,995.9,4.1,39.8
0.2348776117420508,0.34850913771265635,U8,MN8014,23.997847352982657,4.211167981778144,WPG,SSPG,0.10682643320834867,0.36965380467921394,0.20007608848022979,-1.4511838826317511,2,-4.464964307898812,996.1,4.1,39.7
0.234936804906188,0.348605789377271,U8,MN8014,23.985885793159067,4.204726554714258,WPG,SSPG,0.10681637489718923,0.36918516041386856,0.20010050437094595,-1.4485095483041608,7,-4.465875149552128,996.1,4.0,39.7
0.2355171774690566,0.34872906874709725,U8,MN8014,24.007465381927613,4.19833854696364,WPG,SSPG,0.10667504413249711,0.36919659861794674,0.20012355387268163,-1.4445038101206686,2,-4.473792926655419,996.3,4.1,39.8
0.2354387961840505,0.34870882241543405,U8,MN8014,24.018460223548615,4.200290699562817,WPG,SSPG,0.10673924977559245,0.36947584869953,0.20002539637300357,-1.4457865357332995,6,-4.471437243538832,996.3,4.1,39.8
0.2355131803409237,0.3485317075186484,U8,MN8014,24.00611802789446,4.187457719088599,WPG,SSPG,0.10676867274207917,0.3694987747154767,0.200045691973148,-1.4435949000604225,7,-4.463723294941191,996.5,4.1,39.8
0.23456837366824265,0.34874340198038484,U8,MN8014,24.027038376371642,4.194956378111461,WPG,SSPG,0.10697087108361442,0.36910985485445696,0.20009327919363393,-1.449606322081102,3,-4.470207897229033,995.9,4.1,39.6
0.23467839183130204,0.3486660574995876,U8,MN8014,24.004069035561876,4.1862196511973915,WPG,SSPG,0.10686039238424436,0.3691185757260354,0.20010312510838066,-1.4483940976348244,6,-4.46879555824537,995.7,4.1,39.7
0.23494253016679822,0.34855475575234063,U8,MN8014,23.992062605284985,4.187415606302221,WPG,SSPG,0.10668774352619959,0.36937274600976133,0.20007528034111716,-1.443440690745393,4,-4.470943628055055,996.2,4.1,39.8
0.23469806417658234,0.3485617569749817,U8,MN8014,23.989274772434243,4.19115474750729,WPG,SSPG,0.10695239455499259,0.3694632069390112,0.2000783780772314,-1.4411705377400201,7,-4.470462123147756,996.4,4.1,39.8
0.2346448961074551,0.348465506152534,U8,MN8014,24.01916892885595,4.193789414317408,WPG,SSPG,0.10678060031967007,0.36948615381437877,0.20004287497043463,-1.4449790825173716,0,-4.4654402440551415,995.9,4.1,39.7
0.2344504700595192,0.34865159868845286,U8,MN8014,24.027243427727353,4.191737256055167,WPG,SSPG,0.1068374642758157,0.3691193550832524,0.2001131401618774,-1.442279470042008,1,-4.47622968308737,996.2,4.1,39.7
0.23433724809060574,0.34853437977344853,U8,MN8014,24.00609079078143,4.189290842686916,WPG,SSPG,0.10713897160611777,0.36898551598851503,0.20011626669428637,-1.4461186452724561,3,-4.459044316328688,995.9,4.1,39.7
0.23456074090949852,0.3485150816807532,U8,MN8014,24.020786074882313,4.1927149216645745,WPG,SSPG,0.10684893175514773,0.3688329389562535,0.20018809578195482,-1.4448065460378912,0,-4.474596806337251,996.0,4.1,39.7
0.23474348504873765,0.348471808758417,U8,MN8014,24.012637464332077,4.183144557762455,WPG,SSPG,0.10687245244924812,0.3696113880717159,0.20006931697748834,-1.438294117664381,3,-4.467323993453503,996.8,4.1,39.7
0.23447738178092192,0.348634555600284,U8,MN8014,24.015976014624083,4.184779163542336,WPG,SSPG,0.10698925547633989,0.3692657439968996,0.2001143671718206,-1.443662643387487,6,-4.473921122365727,996.2,4.1,39.7
0.23486004757507523,0.34848560737119416,U8,MN8014,24.023760738171795,4.1913654744731526,WPG,SSPG,0.10680452334075168,0.3695411715284057,0.20008488778288494,-1.441421374815755,2,-4.469952950144469,996.4,4.1,39.7
0.23458359935241846,0.3485225764841906,U8,MN8014,24.01559828893991,4.186128514078874,WPG,SSPG,0.10680054994259391,0.36905205775161465,0.20011980702077584,-1.4353470818168965,2,-4.471563248044911,996.4,4.1,39.8
0.23432927546163404,0.34837729972691905,U8,MN8014,24.040326817953783,4.182144950420913,WPG,SSPG,0.10698807704272859,0.3690000575786547,0.20007329672972057,-1.4410828197833407,6,-4.476669431756719,996.2,4.1,39.7
0.23463572583461495,0.34838863110471363,U8,MN8014,24.01467845746658,4.196084524580493,WPG,SSPG,0.10663868273617716,0.36954420643207087,0.2000604654220849,-1.4347404995515514,1,-4.473633918689071,996.8,4.1,39.8
0.23475194487134943,0.34820282205765024,U8,MN8014,24.038049160295987,4.192746242510035,WPG,SSPG,0.10656392645152588,0.36937550242619344,0.20004194262541822,-1.4383069215203133,5,-4.466911585571161,996.2,4.1,39.7
0.23497226471472077,0.34819353848179285,U8,MN8014,24.02375664284053,4.198789131738294,WPG,SSPG,0.10663142731168498,0.36965207945379824,0.20003150054572355,-1.4386762969595064,1,-4.475049036651168,996.6,4.1,39.7
0.23475046282617323,0.34811665194778896,U8,MN8014,24.021115694501976,4.194163720770338,WPG,SSPG,0.10679955068992542,0.36887922321487465,0.20003872662119204,-1.4388826397203707,7,-4.470148582290948,995.8,4.1,39.7
0.23497620134178188,0.34812991763721157,U8,MN8014,24.016276969945284,4.1914458508492345,WPG,SSPG,0.10667897208433072,0.3692931649153808,0.20000817314801095,-1.4372082787874074,6,-4.474084796736779,996.5,4.1,39.7
0.23466396815403767,0.34825560313178905,U8,MN8014,24.04858652686591,4.192164594107056,WPG,SSPG,0.10667059635702594,0.3697592070580926,0.20003940165023174,-1.434281248572009,5,-4.474250463788906,997.2,4.1,39.7
0.2345011414489499,0.34839457297232884,U8,MN8014,24.012876150876167,4.188081238314302,WPG,SSPG,0.10689683079796983,0.36942082008590127,0.20002948738090598,-1.4360711802678128,2,-4.468027589411879,996.6,4.1,39.7
0.23425579684903908,0.34825345731301155,U8,MN8014,24.038174363162337,4.191882046425372,WPG,SSPG,0.10677379579213885,0.369261880464644,0.20005400232241266,-1.4335905668981195,3,-4.457775800436147,996.3,4.1,39.8
0.23420920778202653,0.3486371523626242,U8,MN8014,24.030156631636252,4.194385245522335,WPG,SSPG,0.10680418846617705,0.3690306164788365,0.20019288746250757,-1.4301518956989916,3,-4.477330285801846,997.0,4.1,39.9
0.23394301993322955,0.3484901166374088,U8,MN8014,24.02281858091702,4.194971853311734,WPG,SSPG,0.10681634756889274,0.36891244116017896,0.2001027382162763,-1.4287610808633395,0,-4.47216862275571,996.9,4.1,39.9
0.23379754800358388,0.3486639333231279,U8,MN8014,24.00616704099655,4.188131655745887,WPG,SSPG,0.1068203995961609,0.3687407635740088,0.2001738256666975,-1.424646110331597,3,-4.4723564777636255,997.2,4.1,39.8
0.2338642481303777,0.3486299419742649,U8,MN8014,24.023297491968442,4.189345461368242,WPG,SSPG,0.10687799876006918,0.3690186257775706,0.2004225643104205,-1.423660114767876,5,-4.47536844997326,997.6,4.1,39.9
0.23395754476482927,0.34849416962207913,U8,MN8014,24.018074130524518,4.192852339309082,WPG,SSPG,0.1069062516027081,0.36886435581041144,0.20023279753210513,-1.426697090191627,2,-4.471578843242025,997.3,4.1,39.9
0.23385601193623928,0.3486437960012988,U8,MN8014,24.028046544777048,4.202315783289102,WPG,SSPG,0.10690032304939555,0.36878594407704834,0.2004162325792119,-1.4262373299638873,7,-4.476551657728917,997.5,4.2,40.0
0.23403631135037994,0.3487093604458469,U8,MN8014,24.04199071322525,4.199477832892824,WPG,SSPG,0.10708634747098181,0.36928060026494436,0.2001857053002155,-1.4279344946383272,7,-4.473947357497506,997.5,4.1,40.0
0.23453975830831178,0.34856198170500785,U8,MN8014,24.04280573760075,4.201537159063101,WPG,SSPG,0.1069690460393147,0.3698434363818211,0.20041945558027052,-1.4325572217235685,2,-4.474081864081681,997.2,4.1,39.8
0.233849269647175,0.34906978663564375,U8,MN8014,24.026164082506114,4.194184602266031,WPG,SSPG,0.1074590029154741,0.3683668250523219,0.2005821743709631,-1.4271691244712559,4,-4.470877550596386,997.1,4.1,40.0
0.23401801597643668,0.3487597817447316,U8,MN8014,24.02086612645317,4.194163192977043,WPG,SSPG,0.10704545857890162,0.36818260518446333,0.2003813511039808,-1.4324921893110656,1,-4.473351935628505,996.9,4.1,39.8
0.23433387140165585,0.3488280966574306,U8,MN8014,24.034824834084088,4.198437910678287,WPG,SSPG,0.10708543212196824,0.36859999356806405,0.20015739848442127,-1.4330166155586952,1,-4.481667081108112,996.8,4.1,39.8
0.23464462458413823,0.34886703120611595,U8,MN8014,24.029009593637507,4.194578178986864,WPG,SSPG,0.10696656841395172,0.36893224859787843,0.20008315331666077,-1.4338875098129023,1,-4.481674943503794,997.1,4.1,39.8
0.23424726779125765,0.34877595671890804,U8,MN8014,24.028680119907573,4.190490199958407,WPG,SSPG,0.10698229520301433,0.36875924647023545,0.20005763747751726,-1.4335695879105441,7,-4.4811162234023385,997.4,4.1,39.8
0.23448851781086616,0.34879488559860894,U8,MN8014,24.025342623026848,4.194993485956345,WPG,SSPG,0.10694202738167574,0.3686084238312842,0.20003852663915894,-1.439080942690729,0,-4.479307409081494,996.9,4.1,39.8
0.23419763202055033,0.34893424471592993,U8,MN8014,24.02139706466746,4.198443216366823,WPG,SSPG,0.10689214907089079,0.368556781942185,0.20007180947492167,-1.432034577215925,2,-4.474479429060825,997.3,4.1,40.0
0.2337523395503869,0.3490339820391746,U8,MN8014,24.02686703253763,4.1835090600744325,WPG,SSPG,0.1072360210435481,0.36871063821767835,0.20011026710623306,-1.4349315788488075,5,-4.478442821883389,997.5,4.1,39.8
0.23481995295507205,0.3488827185775753,U8,MN8014,24.003367286210782,4.181168327330546,WPG,SSPG,0.10711605195957485,0.36882940659917307,0.2000422800679901,-1.4365944898888159,1,-4.478799668365653,997.4,4.1,39.8
0.23512155215990316,0.34891702963904336,U8,MN8014,24.015780909402622,4.187729781571602,WPG,SSPG,0.10686433580639287,0.36876321565070413,0.20006913645023272,-1.4496247968048903,3,-4.478845888342832,996.3,4.1,39.6
0.23504780509215573,0.34878324647085884,U8,MN8014,23.99768086585905,4.176609421878496,WPG,SSPG,0.10720808696093435,0.3686102350612083,0.20003402506072082,-1.45517343085809,4,-4.477771281623635,996.1,4.1,39.5
0.23497255912845755,0.34897406820942856,U8,MN8014,23.992229865782974,4.170829935623319,WPG,SSPG,0.1072338399943965,0.3687683377369218,0.20004010467050065,-1.443997753981249,2,-4.475690571319822,997.6,4.1,39.7
0.23432965117116217,0.3489719887862808,U8,MN8014,24.026237051958965,4.1737871126543515,WPG,SSPG,0.10726275738838392,0.3692852779347608,0.20003816213755313,-1.441112421686314,2,-4.479206005775458,997.8,4.1,39.6
0.2345991832171673,0.34860451029915246,U8,MN8014,24.017592042135526,4.174625797221187,WPG,SSPG,0.10730585885444038,0.36901762616148504,0.20001636399119055,-1.4454241228907327,3,-4.478936535651721,996.8,4.1,39.5
0.23454448180134227,0.3486753650168312,U8,MN8014,23.996627209505952,4.170760422222545,WPG,SSPG,0.1068904920337429,0.36950074386592197,0.20003739953016067,-1.4442423684310688,5,-4.470184463660422,997.5,4.1,39.6
0.2343418144592098,0.34884557380150194,U8,MN8014,24.007865633039636,4.176699472560407,WPG,SSPG,0.10684049126333414,0.36930700525534077,0.20004906898838043,-1.4382762298926923,3,-4.472629919705929,997.6,4.1,39.6
0.23462654550083856,0.34870893087985383,U8,MN8014,24.020658638411213,4.171001958460758,WPG,SSPG,0.10680869398836348,0.36984268203965337,0.2000495676552614,-1.4481135650814245,4,-4.466354658892104,997.3,4.1,39.5
0.23419512985785856,0.3489313473688598,U8,MN8014,24.022203123100283,4.1745945070330235,WPG,SSPG,0.10687705980941656,0.3693347984541202,0.20005477903617835,-1.44162182452894,2,-4.470249584753532,997.7,4.1,39.7
0.2348440658026748,0.3487670022545805,U8,MN8014,24.040615791695714,4.182695449872022,WPG,SSPG,0.10677082721539782,0.3698438879293566,0.20008300607343105,-1.4469066199415201,1,-4.476215794748452,997.8,4.1,39.6
0.2345280747986499,0.34878841654289344,U8,MN8014,24.03163908737356,4.178641154517982,WPG,SSPG,0.10699507817261866,0.36937006833150393,0.20011356203614872,-1.4421738718231958,7,-4.4637312959466815,997.6,4.1,39.6
0.2341118856202734,0.3488642227545268,U8,MN8014,24.030781469452805,4.172404814234892,WPG,SSPG,0.10694196155285834,0.3695393125255098,0.20032119040804527,-1.4407249645432638,5,-4.472872715036953,997.8,4.1,39.6
0.2340761982618002,0.34877278492003044,U8,MN8014,24.032494899354806,4.180952477408914,WPG,SSPG,0.10715515233905724,0.3694132841987451,0.20015624192446374,-1.436317743389604,3,-4.476028661691037,997.8,4.1,39.6
0.23427961941635295,0.34902118156614165,U8,MN8014,24.039941436814694,4.1837930084503006,WPG,SSPG,0.10692372038301595,0.3691455736440817,0.20026214153663924,-1.4416774576660107,5,-4.478607511606686,997.4,4.1,39.7
0.23428774229748017,0.3487162234411854,U8,MN8014,24.02418778952093,4.185361725647904,WPG,SSPG,0.10683349041731997,0.3694551067804294,0.20017989497259864,-1.4427387157756646,7,-4.4720970518065375,997.5,4.1,39.5
0.23452463714076527,0.3487923345893448,U8,MN8014,24.01526259885214,4.18027209519998,WPG,SSPG,0.10692171083048654,0.3689704355057797,0.20029342457482766,-1.441462825419361,4,-4.472123383183769,996.8,4.1,39.6
0.2341573912859034,0.34875179114584115,U8,MN8014,24.03599398550143,4.178065537953637,WPG,SSPG,0.10702443763773982,0.3691305430710768,0.20039240262045535,-1.4407297594783017,2,-4.477932989059626,997.3,4.1,39.5
0.23411949790179154,0.3488138069019508,U8,MN8014,24.038339394585734,4.1795233310885775,WPG,SSPG,0.1072166001343727,0.36888606404507013,0.20024086151620557,-1.4382195923793657,6,-4.463479638906465,997.2,4.1,39.6
0.234193195910732,0.34890505298111935,U8,MN8014,24.036895556092418,4.176562034075819,WPG,SSPG,0.1071036699647992,0.3687369459036929,0.20021869067784503,-1.4425563016225844,4,-4.483501348197203,997.0,4.1,39.5
0.234508462467943,0.3487523433614448,U8,MN8014,24.03670790530032,4.176495810312348,WPG,SSPG,0.1069854092410861,0.3690350237882971,0.20007127116318957,-1.4424359023226692,5,-4.480339518739871,997.1,4.1,39.5
0.23422373670969598,0.34889775144398105,U8,MN8014,24.019798836582126,4.167995511124074,WPG,SSPG,0.10722890289682036,0.3686375939674651,0.20014790490323697,-1.4370918445081593,3,-4.477753008702562,997.3,4.1,39.6
0.23432643643086193,0.3489046076256745,U8,MN8014,24.043295405249783,4.172468845534506,WPG,SSPG,0.10711105558102518,0.3688594584354924,0.20009520584041543,-1.4379820907886198,4,-4.481828536927274,997.4,4.1,39.6
0.2340918630131994,0.34868194731026425,U8,MN8014,24.03178226909417,4.176516473431234,WPG,SSPG,0.10731182916323487,0.36876428663326305,0.20016103673287092,-1.4392827912189163,3,-4.478819076454881,997.2,4.1,39.6
0.2338409133106456,0.34869865985249515,U8,MN8014,24.036635700051175,4.172192878423219,WPG,SSPG,0.10729120428894523,0.3687067638101694,0.2000667368402839,-1.435344827328056,1,-4.4758872570888695,997.2,4.1,39.6
0.23393831260672676,0.3487757653670644,U8,MN8014,24.037309626504022,4.175539616906778,WPG,SSPG,0.10717263394643228,0.3689859725233412,0.20005936474127492,-1.4364110512720245,4,-4.478118516587296,997.6,4.1,39.6
0.23403532923875758,0.3489262894237352,U8,MN8014,24.012066146391767,4.176649575589049,WPG,SSPG,0.10727834555507049,0.3686217186883338,0.20009219561196367,-1.43544346019156,5,-4.4801527630205005,997.5,4.1,39.7
0.2337831145969616,0.34903276924872884,U8,MN8014,24.02715273977171,4.171301196343007,WPG,SSPG,0.10729652116632146,0.3682370070498394,0.2001532291620069,-1.4353082556932486,3,-4.4795381218925545,997.5,4.1,39.7
0.2336965911803781,0.348864782106619,U8,MN8014,24.023452331792402,4.171987293553628,WPG,SSPG,0.10729346450086086,0.3683225786027148,0.20020057340913744,-1.4342458454398186,4,-4.476983696815767,997.7,4.1,39.6
0.23363964524184222,0.34888765598251187,U8,MN8014,24.013092015521643,4.172866679775056,WPG,SSPG,0.10731451921410862,0.3684292247888087,0.20019985603386586,-1.4322432493347244,0,-4.479385276106276,997.6,4.1,39.7
0.23354430752805416,0.3488694039147382,U8,MN8014,24.022455380282608,4.175416509909343,WPG,SSPG,0.1074342555052039,0.3680557695387223,0.2002452988824073,-1.4316699773781874,5,-4.474458454134718,997.5,4.1,39.8
0.23332479385837623,0.3488274569796342,U8,MN8014,24.02188143065519,4.176704488309359,WPG,SSPG,0.10744950148511734,0.3681471954367233,0.20031466948866467,-1.432590521418651,7,-4.480026739725632,997.6,4.1,39.7
0.23347488279924195,0.3489034428894875,U8,MN8014,24.025446439613507,4.170715906930477,WPG,SSPG,0.10736079413753866,0.3680022416108961,0.20027983865979168,-1.4354488832155214,5,-4.481231114335873,997.4,4.1,39.7
0.23356963337783504,0.34893946363246636,U8,MN8014,24.030174789780446,4.1740874575587865,WPG,SSPG,0.1073947626849514,0.36826658106346977,0.20026043356019466,-1.4319408718398814,1,-4.47976936137594,997.8,4.1,39.8
0.23380515474742575,0.3487981281260214,U8,MN8014,24.012261783974786,4.177073056981868,WPG,SSPG,0.10727679740110552,0.36848179826384553,0.20018130606232035,-1.4293100485899854,0,-4.477138831241733,998.0,4.1,39.8
0.23363645558914925,0.3489203021851572,U8,MN8014,24.026146967267454,4.174044939559499,WPG,SSPG,0.10736098477836535,0.3680553335608015,0.20034038099444731,-1.42708791225087,4,-4.482073979623415,997.9,4.1,39.8
0.2336561945871443,0.34888941321110883,U8,MN8014,24.041733761067864,4.179978635653758,WPG,SSPG,0.10721725150443287,0.3685673395659131,0.20020344737551882,-1.4276071088380942,5,-4.478450543115036,998.0,4.1,39.8
0.2339560232757058,0.3489024837207482,U8,MN8014,24.035913025732583,4.179936139336372,WPG,SSPG,0.10709133799981055,0.368724691821911,0.20022087010413397,-1.429470188725541,2,-4.482542950734574,998.1,4.1,39.8
0.23344856638423844,0.34897913017971544,U8,MN8014,24.043920912513467,4.176487458150875,WPG,SSPG,0.1072453002533458,0.3685462505661733,0.20023076858543604,-1.425435880876464,3,-4.481360299251838,998.2,4.1,39.9
0.2335932868592076,0.34887551800231464,U8,MN8014,24.042504225281693,4.180162124491034,WPG,SSPG,0.10715175293560303,0.36865585235105797,0.20025259617532967,-1.4286081404945001,0,-4.480179078625552,997.9,4.1,39.8
0.23340768994540034,0.3489332797840607,U8,MN8014,24.04347904907145,4.178898329842507,WPG,SSPG,0.10722481877963486,0.368526207248849,0.2002910884654011,-1.427512298593413,0,-4.482431633862001,998.0,4.1,39.8
0.23346264134893374,0.3488299994747498,U8,MN8014,24.04949337997422,4.1803447726211,WPG,SSPG,0.10719165865825442,0.3686754367799935,0.2002701222746949,-1.4293208238194168,2,-4.4796556218621895,997.9,4.1,39.8
0.23343914057327117,0.34893036699428326,U8,MN8014,24.048409023271116,4.180181721813789,WPG,SSPG,0.10723322499017976,0.3683682735488936,0.20030206670413098,-1.4294893887409728,2,-4.480946191468194,997.9,4.1,39.8
0.2333389514633115,0.3489203674733506,U8,MN8014,24.047729402066945,4.183236657140342,WPG,SSPG,0.1072116126421363,0.36816243646810937,0.2002851173186491,-1.4266825365398716,5,-4.4837688085372385,997.8,4.1,39.8
0.23354674772287365,0.34891180109192305,U8,MN8014,24.04072097885716,4.181918890849535,WPG,SSPG,0.10725441641808373,0.36844611313259434,0.2002938877403965,-1.429468282535726,2,-4.479111318855994,997.8,4.1,39.8
0.23331516157022936,0.34885054949623284,U8,MN8014,24.03945564119162,4.182558175666807,WPG,SSPG,0.1071933570160971,0.3684225584125353,0.2002788544013274,-1.4289889706928205,3,-4.478498857230413,998.0,4.1,39.7
0.23328572168110284,0.34890463441459363,U8,MN8014,24.04979575246505,4.189625549240813,WPG,SSPG,0.10716156274839261,0.36867174747902326,0.2003008948662864,-1.4288083031126764,0,-4.480908632291477,998.0,4.1,39.7
0.23344493653898052,0.34878158615458943,U8,MN8014,24.045054330549966,4.191033727068671,WPG,SSPG,0.1070808467174668,0.36881435496388526,0.20018312705190364,-1.427162195288639,5,-4.479481020388276,998.3,4.1,39.7
0.23331623903273108,0.3488834309250982,U8,MN8014,24.048336026823595,4.183870146574093,WPG,SSPG,0.10717894693237803,0.36871100083806746,0.20025337879170083,-1.4241960002091327,1,-4.465476516765859,998.2,4.1,39.8
0.23334142286617815,0.3488655654488191,U8,MN8014,24.049425465309913,4.187461526500086,WPG,SSPG,0.10704074206745476,0.3688628024359418,0.20018775958888582,-1.4281089183591644,5,-4.480160157633662,998.0,4.1,39.7
0.23382650837311897,0.3487643997522699,U8,MN8014,24.042069915117864,4.1908371657656245,WPG,SSPG,0.10689162723599771,0.3693054421885427,0.20009672815379007,-1.4285471494421038,2,-4.473292756036857,998.2,4.1,39.7
0.23352986444024984,0.3488661178813485,U8,MN8014,24.028193048778597,4.182455831287058,WPG,SSPG,0.10722593740821015,0.3687396221420623,0.20014557946036754,-1.4283733615277536,1,-4.4727393926163685,997.8,4.1,39.7
0.2337086273218932,0.3488585997579491,U8,MN8014,24.02667425391139,4.184951202887826,WPG,SSPG,0.10719499184295186,0.3688006515888777,0.20011902984281255,-1.4267388104059133,0,-4.477125861324623,998.1,4.1,39.8
0.23390757914349658,0.34889199984293373,U8,MN8014,24.026774927450848,4.183812901120742,WPG,SSPG,0.1070735922607691,0.3690885143332306,0.20010266986321829,-1.4257633606119826,5,-4.476173556784664,998.1,4.1,39.8
0.23364959142775552,0.3490362971540274,U8,MN8014,24.02364189776797,4.181438919152174,WPG,SSPG,0.10729757840859402,0.36876287131862034,0.20013351996029605,-1.426801393611639,2,-4.472510672420249,997.9,4.1,39.9
0.23388542310165067,0.3490154725681673,U8,MN8014,24.021130864155605,4.181752745496925,WPG,SSPG,0.10720828511284494,0.36881798566814394,0.2001617117980696,-1.4262494613347576,0,-4.479192604131979,998.1,4.1,39.8
0.23369378521059123,0.3490639329509385,U8,MN8014,24.014131254822992,4.18155701800672,WPG,SSPG,0.10719509299143487,0.36844206720244227,0.2000835477197871,-1.430264455772057,6,-4.480809968324769,997.8,4.1,39.7
0.23401420739708464,0.3490740734460378,U8,MN8014,24.017477084221905,4.181040303093676,WPG,SSPG,0.10720789313928727,0.368592380742592,0.20013148909543,-1.4270050633657791,4,-4.4807489076282945,997.8,4.1,39.8
0.23405464954009497,0.34900182789753353,U8,MN8014,24.01974576674703,4.187301730579993,WPG,SSPG,0.10710752263984025,0.3686632613508122,0.20016226165465734,-1.4275820573462956,1,-4.4783592200550455,998.0,4.1,39.8
0.23407970990513072,0.34895583513753037,U8,MN8014,24.0144856556182,4.1847469133688815,WPG,SSPG,0.10730105589085445,0.3684397557415111,0.20021195279219492,-1.4316241132867897,7,-4.480014396954706,997.4,4.1,39.8
0.23390925892687003,0.34891650253699813,U8,MN8014,24.02643125255613,4.190674037093892,WPG,SSPG,0.10717638462150614,0.36865284028948586,0.20017577269373127,-1.4306468429363777,6,-4.48131632254897,997.5,4.1,39.7
0.23403224548985976,0.34898143395198705,U8,MN8014,24.023938281864922,4.187346028986535,WPG,SSPG,0.10713663765470902,0.3691607890984221,0.20013071384512743,-1.426798498731881,0,-4.479784272424585,998.1,4.1,39.8
0.233860469075496,0.34904039875370635,U8,MN8014,24.01468164631518,4.1882594637593815,WPG,SSPG,0.1072068204974567,0.3688997050710349,0.20021633433493036,-1.4265690479918376,2,-4.478338658682276,998.1,4.1,39.8
0.23393978261223547,0.34899382339666085,U8,MN8014,24.015254639819606,4.189668985042777,WPG,SSPG,0.1072099660809546,0.3692585619548043,0.20017819020254954,-1.42753588056106,6,-4.476382795453075,998.2,4.1,39.8
0.2338420917467986,0.349043196568744,U8,MN8014,24.02095761094032,4.185365281108816,WPG,SSPG,0.10722184603928994,0.36896716961528603,0.20021680953773174,-1.4279274191097704,6,-4.479133343027586,998.0,4.1,39.8
0.23379846583150315,0.34913551832572026,U8,MN8014,24.01527764172934,4.187454517126215,WPG,SSPG,0.10728019282700055,0.36876179425364225,0.2002206735254012,-1.4210688659202917,6,-4.477163268957147,998.2,4.1,39.9
0.23375138990776317,0.34912362722148754,U8,MN8014,24.015232248642693,4.188713777015693,WPG,SSPG,0.10726374470447567,0.3687587935026334,0.20020561483035273,-1.4219134139792038,4,-4.480180635853959,998.2,4.1,39.9
0.2338671891296259,0.34915929957985603,U8,MN8014,24.001828994614026,4.184580839024636,WPG,SSPG,0.10733003163349777,0.36859092014625405,0.2002376712840492,-1.4226015621360188,4,-4.480487049895,998.1,4.1,39.9
0.23381134945104864,0.349105647638333,U8,MN8014,24.008901859399888,4.18565345745544,WPG,SSPG,0.1072897593205642,0.36867760606115607,0.20027451347939826,-1.4228000405308294,5,-4.475850645824748,998.0,4.1,39.9
0.23363922497084255,0.3491729291684075,U8,MN8014,24.006383127537127,4.188394455134851,WPG,SSPG,0.10733120720835497,0.36858678492682806,0.20030724315928855,-1.421561585500359,2,-4.475493901627702,998.0,4.1,39.9
0.23355429418758156,0.3492188000263473,U8,MN8014,24.007165375541696,4.1908173108468505,WPG,SSPG,0.1072713790094458,0.3684449387522834,0.2002623904724055,-1.421616622131441,2,-4.480982999024283,998.1,4.1,39.9
0.2334459033892649,0.3491615277550326,U8,MN8014,24.020628495050296,4.191002852140279,WPG,SSPG,0.10734657751376722,0.36864236162118014,0.2003496230836343,-1.4238829038022547,3,-4.479066445868833,998.0,4.1,39.9
0.23345039154237063,0.34915032274964874,U8,MN8014,24.01264745633703,4.1931184876787055,WPG,SSPG,0.10735324806476537,0.368533292461292,0.20036539982509177,-1.4213685910505962,6,-4.477487005556899,998.1,4.1,39.9
0.23341973697000057,0.3491134974463609,U8,MN8014,24.01414163169074,4.189047843787743,WPG,SSPG,0.10739000436372073,0.3683360390145026,0.20043710623575337,-1.42242707701661,2,-4.480641723923323,998.0,4.1,39.9
0.2335450736667863,0.34914152585156755,U8,MN8014,24.008578008126687,4.18921687410737,WPG,SSPG,0.10736939081213512,0.3683125724384311,0.20045069592137243,-1.424937519048562,7,-4.4749646769422355,997.8,4.1,39.9
0.23373971793287607,0.3491435947154336,U8,MN8014,24.010361414418206,4.190928296626704,WPG,SSPG,0.10735643448812665,0.3686147812584629,0.20035391644128378,-1.4255978500784927,4,-4.480753650878581,998.0,4.1,39.8
0.23350452706128466,0.3491586529876067,U8,MN8014,24.022576339805628,4.192380426114452,WPG,SSPG,0.10730198456147538,0.36850476937238,0.20035554252011184,-1.4264568898276568,5,-4.478397509213464,998.0,4.1,39.9
0.23348421074682288,0.3491139519674315,U8,MN8014,24.02195494454696,4.189028975510981,WPG,SSPG,0.10738757491671277,0.3683057213628244,0.2004793911161919,-1.4287861262544748,3,-4.4757653597618425,997.7,4.1,39.8
0.23329570328813704,0.3491347739270518,U8,MN8014,24.02256009483316,4.193597731144308,WPG,SSPG,0.1074062068299954,0.36829232465702655,0.20051036193664593,-1.425456348520848,3,-4.475662684825789,997.8,4.1,39.9
0.23344872230126357,0.3490687034339579,U8,MN8014,24.019705561189102,4.193907294864277,WPG,SSPG,0.10730979159969584,0.36836706965812754,0.2004297356760122,-1.4269670805692733,7,-4.4754702096198695,997.8,4.1,39.9
0.23339479186793893,0.3491028056948082,U8,MN8014,24.01857692529131,4.194212776088033,WPG,SSPG,0.10736912446788893,0.36831696270815484,0.20045760338749502,-1.4258577362329166,4,-4.474782571580114,997.8,4.1,39.9
0.2333508653643255,0.34912796166540866,U8,MN8014,24.013735427019288,4.193709839432329,WPG,SSPG,0.10745726727634745,0.3680757443584001,0.20033930546131729,-1.4279273812837001,2,-4.469664152821803,997.7,4.1,39.9
0.2334324507155554,0.3492156417427825,U8,MN8014,24.011992594091097,4.192430678385953,WPG,SSPG,0.10744543275043103,0.368107304662388,0.20030754704520204,-1.4254113308624807,0,-4.477889698238801,997.9,4.1,39.9
0.23339727626472226,0.3491148346356623,U8,MN8014,24.014834123997773,4.1947117871757005,WPG,SSPG,0.10734893583955504,0.36823474788993793,0.20035266685463327,-1.4264569688873534,2,-4.475810509795943,997.9,4.1,39.9
0.23333671656726923,0.3491640217399347,U8,MN8014,24.009311741487057,4.192777236464837,WPG,SSPG,0.10746098612673488,0.3680021030731304,0.20036089645715344,-1.4277660353214714,3,-4.478417492880196,997.7,4.1,39.9
0.23327050264485186,0.3491322510022829,U8,MN8014,24.017025380269185,4.194091087059324,WPG,SSPG,0.10747141526849374,0.3680148771311036,0.20042823020118372,-1.4274913569999303,0,-4.478852733036186,997.7,4.1,39.9
0.23354053802327762,0.349091354920123,U8,MN8014,24.01258696861147,4.1973975719314645,WPG,SSPG,0.107384390416002,0.3682393869401042,0.20032174905563524,-1.426292763882161,1,-4.476401064680379,997.9,4.1,39.9
0.23320414790433439,0.3490886592672311,U8,MN8014,24.018157516858267,4.197015105069057,WPG,SSPG,0.10740967556895831,0.3682427987321728,0.20039158804719187,-1.427458390375578,7,-4.4790636893392275,997.9,4.1,39.9
0.23338279654529395,0.3491175655134674,U8,MN8014,24.01482633573162,4.196164362495718,WPG,SSPG,0.10740789992744226,0.36826188910549806,0.20038659659213873,-1.4271756241403,6,-4.480088268681694,997.9,4.1,39.9
0.23329620029031417,0.3490775022850259,U8,MN8014,24.012426341035724,4.191913382851975,WPG,SSPG,0.10741892621785745,0.36818810179736744,0.20039172872251312,-1.4259280744117224,1,-4.478181701676563,998.0,4.1,39.9
0.23343047405753953,0.3490609047809142,U8,MN8014,24.010769575130507,4.192662197579288,WPG,SSPG,0.10739667984786987,0.3681917720079805,0.200372150783273,-1.425838527807649,5,-4.479879181050533,998.0,4.1,39.9
0.2335234899266283,0.34908698867537585,U8,MN8014,24.005649787557083,4.193958893870278,WPG,SSPG,0.10734434481803579,0.36831268971676845,0.20025158737182586,-1.4278420198199915,5,-4.48035254750604,998.0,4.1,39.8
0.23328170767778822,0.3491638335636039,U8,MN8014,24.01596786421349,4.192901632190495,WPG,SSPG,0.10738330349127845,0.3683223523898796,0.2003097208384489,-1.426927220118766,2,-4.466622164691673,998.1,4.1,39.8
0.2331861893564064,0.3491523058172599,U8,MN8014,24.01878190192338,4.190845139810233,WPG,SSPG,0.10746342547727891,0.36811253828828955,0.20031899597024924,-1.4259790037074433,1,-4.482674108271041,998.0,4.1,39.8
0.23328055937335457,0.34919789451276795,U8,MN8014,24.019449960523463,4.194896387408348,WPG,SSPG,0.10741923622499676,0.36811638379858447,0.200337088733611,-1.4272033529615413,1,-4.481185762118741,998.1,4.1,39.9
0.23312525208677803,0.3492882714644947,U8,MN8014,24.01419048490288,4.189114124358273,WPG,SSPG,0.1075827603121585,0.3678440370496783,0.20040626610078413,-1.426869184394034,0,-4.478843340659058,998.0,4.1,39.9
0.23321182185602946,0.34920843722387146,U8,MN8014,24.01102305216846,4.19122294382095,WPG,SSPG,0.10749616060995545,0.3679345587331456,0.20036360267095296,-1.4276503559458462,6,-4.47480849821104,998.0,4.1,39.9
0.23291957331100757,0.34927946949494176,U8,MN8014,24.01793888141562,4.190092137433345,WPG,SSPG,0.10764949882138973,0.3677590357408409,0.20043506257635083,-1.4256609771267592,0,-4.4770428892136955,998.0,4.1,39.9
0.23307939038801956,0.34925245851652753,U8,MN8014,24.028102885130924,4.188323132747329,WPG,SSPG,0.10752705224248332,0.36789456070320165,0.2003930688268138,-1.4277643961916775,6,-4.481600340570443,998.1,4.1,39.8
0.2329039552321558,0.3492964664679572,U8,MN8014,24.031304690275185,4.193227185856966,WPG,SSPG,0.10759886803493328,0.36779613673532396,0.20059175185879718,-1.4254104122605056,0,-4.480841834122362,998.1,4.1,39.9
0.23283559790578795,0.349320452695284,U8,MN8014,24.023240711991388,4.191395474281502,WPG,SSPG,0.10760733378288583,0.3675454502574027,0.20060868446424535,-1.4252724962145806,4,-4.47681387561825,998.0,4.1,39.9
0.23264367195878322,0.3493821771819814,U8,MN8014,24.03671929948115,4.18652635457011,WPG,SSPG,0.10769183541235444,0.367507459981284,0.20066035070133423,-1.4221124424213991,4,-4.484671523675036,998.3,4.1,39.9
0.2328062433863304,0.3493189062261061,U8,MN8014,24.022455629452992,4.187989165937517,WPG,SSPG,0.10759397260144425,0.36772518613813576,0.20059968477125506,-1.4241343290678337,5,-4.478873937647327,998.2,4.1,39.9
0.23258604612075312,0.3494089080950193,U8,MN8014,24.038512054972372,4.18685898602325,WPG,SSPG,0.10776254697181517,0.36743358621684197,0.2005892622402742,-1.4216769321023002,2,-4.483916543706496,998.1,4.1,39.9
0.23270589580628803,0.3493335952703414,U8,MN8014,24.03259991465916,4.190333235465712,WPG,SSPG,0.1075336331863683,0.36783670489523673,0.20061157823913034,-1.4255230276319422,7,-4.470830690664247,998.2,4.1,39.9
0.2329984101871315,0.34932216319770765,U8,MN8014,24.024012572334577,4.188333833805322,WPG,SSPG,0.10755905487815909,0.3677413576517006,0.2004693066633526,-1.426076667126258,3,-4.480708332729449,998.2,4.1,39.9
0.2329426038232339,0.34927796840845426,U8,MN8014,24.024448120669305,4.186670401910451,WPG,SSPG,0.10755627516903746,0.3677346803343726,0.2004580751646795,-1.425526966520266,4,-4.476438788661179,998.2,4.1,39.9
0.23324863993238135,0.34925092346338643,U8,MN8014,24.01799163253609,4.1848394546635665,WPG,SSPG,0.1074792784743192,0.36785032737248013,0.20034215416674755,-1.4235980783227917,3,-4.4828625090495375,998.3,4.1,39.9
0.23290889699472542,0.3493409386830129,U8,MN8014,24.01279631808823,4.183500669155034,WPG,SSPG,0.10758343983899857,0.3676334084883413,0.2003943617215885,-1.425360301307666,0,-4.48055248317589,998.2,4.1,39.9
0.2331537580678154,0.3492555165751998,U8,MN8014,24.017783694750047,4.188217698630849,WPG,SSPG,0.10749173431893888,0.36813691590657843,0.20036024569681737,-1.4235428987018646,0,-4.4822388156902395,998.4,4.1,39.9
0.23317075507370194,0.34923622424009076,U8,MN8014,24.013132274415664,4.185490278522163,WPG,SSPG,0.1074552833345161,0.3679853908328287,0.20034213515192834,-1.4258302056932615,4,-4.481470905710276,998.3,4.1,39.9
0.2330343978498516,0.34933475053137447,U8,MN8014,24.010970888543003,4.182283121621514,WPG,SSPG,0.1074968891883464,0.3678293094043375,0.20038593617774536,-1.4221114394636718,5,-4.471104570531029,998.5,4.1,39.9
0.23327243639186462,0.349255950972441,U8,MN8014,24.010588970489568,4.1832628708808075,WPG,SSPG,0.10739241395761105,0.3680821976397809,0.2002745329493786,-1.4234355264271883,4,-4.482229926653002,998.5,4.1,39.9
0.23311756259835428,0.34925748001331275,U8,MN8014,24.01106322526623,4.179294214959657,WPG,SSPG,0.1075060537245757,0.3679341832388314,0.2003066279983072,-1.4249749585647902,4,-4.4751335747849375,998.4,4.1,39.9
0.23307348584357684,0.3492874790888701,U8,MN8014,24.01788347581193,4.181407917017544,WPG,SSPG,0.10747681034745324,0.3678529338613582,0.20034758336270547,-1.4240480542988097,5,-4.476715364411557,998.5,4.1,39.9
0.23330896272780913,0.3491578599798111,U8,MN8014,24.007922197950794,4.179289555636826,WPG,SSPG,0.10729819936734272,0.3682515636746198,0.20028401125451104,-1.4207788756951256,4,-4.482043064432164,998.7,4.1,39.9
0.2331458626294748,0.34927870127885496,U8,MN8014,24.00903472869672,4.182719839944952,WPG,SSPG,0.10744959136219151,0.3678471655535288,0.20036125153739578,-1.4242539373297465,7,-4.48252677870785,998.6,4.1,39.9
0.23307124217075695,0.34927652027766526,U8,MN8014,24.004433262890227,4.175937762171196,WPG,SSPG,0.10750238248457364,0.3677886830209999,0.20037889509626025,-1.4228879210270948,4,-4.48149448249479,998.6,4.1,39.9
0.23312107625120013,0.3493157674725875,U8,MN8014,24.00735340421113,4.180341179478214,WPG,SSPG,0.10749895949351984,0.36788185450422245,0.20041332393538025,-1.4239024764013326,7,-4.482602689503144,998.5,4.1,39.9
0.23320513238046287,0.3492831975614089,U8,MN8014,24.006759923342983,4.1790666157744525,WPG,SSPG,0.10747834485035583,0.36792970466492775,0.20041387356920284,-1.4234451312362026,3,-4.476274669061315,998.6,4.1,39.9
0.23319670458089906,0.3492988366837305,U8,MN8014,24.004317430323447,4.176327847659982,WPG,SSPG,0.10755825413330244,0.36764728196536517,0.2004344343790001,-1.4235651931288062,6,-4.479714051413664,998.4,4.1,39.9
0.2335964537601521,0.3491870735187923,U8,MN8014,24.0002452299746,4.176223914697465,WPG,SSPG,0.10741640377942344,0.36796562504514446,0.20041863388869444,-1.4238271687149775,6,-4.4818169438770745,998.5,4.1,40.0
0.2331857915290273,0.34917280035537057,U8,MN8014,24.004204700337137,4.172235401348034,WPG,SSPG,0.10750777055540772,0.36787052996018077,0.20049287705416696,-1.421753735851166,7,-4.482732810312843,998.6,4.1,39.9
0.2333111908802687,0.34919219229511106,U8,MN8014,23.999053327018203,4.174331428093611,WPG,SSPG,0.10746699806398566,0.3677427525614524,0.20047766151356972,-1.4209053181580764,1,-4.482194478645162,998.7,4.1,40.0
0.23346101215871923,0.3491452748631813,U8,MN8014,23.995788329763826,4.172942008026183,WPG,SSPG,0.10750513033283682,0.3678198313274784,0.20047404400767713,-1.4203806609273955,7,-4.481979840146824,998.6,4.2,40.0
0.23347724363779104,0.3491457080081084,U8,MN8014,24.000998991741074,4.172864799477764,WPG,SSPG,0.10742032461932381,0.3678575621527077,0.20044216510965587,-1.421079333553675,3,-4.478205886851542,998.6,4.2,40.0
0.23354400743780185,0.34923783863511726,U8,MN8014,23.9935148177136,4.170276840246265,WPG,SSPG,0.10750510677400113,0.36779815720384523,0.2004431957509602,-1.419782749769984,1,-4.478388875715494,998.6,4.2,40.0
0.23388407445261367,0.3490758855628502,U8,MN8014,24.001117671954407,4.172086362070181,WPG,SSPG,0.1073906833087969,0.3680688896755223,0.2003374512320292,-1.4241122345071784,7,-4.4786545642240725,998.5,4.2,40.0
0.23374255167532632,0.3491364541060634,U8,MN8014,24.0044768743572,4.175636835143471,WPG,SSPG,0.10728997774697274,0.3681926985041695,0.2003012077033094,-1.4230960050165782,3,-4.48075493416243,998.6,4.2,40.0
0.2336830619820895,0.34916817159873803,U8,MN8014,24.006489737364618,4.171664167615259,WPG,SSPG,0.10746777758242335,0.36782049428067987,0.20051551100992593,-1.4233608874916894,7,-4.477465379753353,998.4,4.2,40.0
0.23342765942025773,0.3491273544640292,U8,MN8014,23.996271752795487,4.171005954044443,WPG,SSPG,0.10759346745653908,0.36767287966318085,0.20069501695078648,-1.420244521296216,4,-4.474764360924121,998.6,4.2,40.1
0.23353664318486794,0.3491251058849101,U8,MN8014,23.999516003129227,4.171139033560431,WPG,SSPG,0.1074763511205237,0.36773824690075474,0.2005859797896619,-1.421801862171436,0,-4.478816869824994,998.6,4.2,40.0
0.2336046657735354,0.3490384477607736,U8,MN8014,24.01113449966907,4.169179019460596,WPG,SSPG,0.10737414801173881,0.3678664311825851,0.20065817097413538,-1.4222943617899708,1,-4.479688876840111,998.4,4.2,40.0
0.2335860357225551,0.349054737280522,U8,MN8014,24.02007316677663,4.171788781939842,WPG,SSPG,0.10740515081406427,0.3681347360621065,0.20050460920897215,-1.424117563581485,7,-4.477095204440689,998.4,4.2,40.0
0.2329454610620365,0.34914482600009916,U8,MN8014,24.030533029931313,4.172296021739697,WPG,SSPG,0.1076653722225379,0.3676032868354798,0.20076206625248016,-1.424924410389624,7,-4.476567863165,998.1,4.1,40.0
0.23339523704695658,0.3491677734239256,U8,MN8014,24.027320787699963,4.168268912897026,WPG,SSPG,0.10747740426200834,0.36792679025826247,0.2003669115297034,-1.425040774104319,0,-4.477552410060806,998.4,4.1,40.0
0.23309708953421243,0.3492181174790713,U8,MN8014,24.023013828432596,4.169479133611074,WPG,SSPG,0.10763254442348053,0.3676520852774024,0.2006016496525555,-1.4223028239819808,2,-4.475911231867025,998.4,4.2,40.0
0.23338638040299842,0.34923119263873126,U8,MN8014,24.026548091814888,4.17176961353624,WPG,SSPG,0.10763612971160584,0.3678138008501446,0.2005403146126327,-1.4258725608487763,2,-4.475204143546195,998.5,4.1,40.0
0.23314966460678935,0.34919092913832744,U8,MN8014,24.028676340141292,4.167509390277099,WPG,SSPG,0.1075918755599464,0.36766974237318795,0.20039612694713524,-1.4259117588377719,6,-4.482316669625822,998.4,4.1,39.9
0.23312279369166772,0.3493298369334843,U8,MN8014,24.013014110939135,4.16754921877478,WPG,SSPG,0.10756120416981566,0.3674837041417095,0.2002750924602461,-1.424916355900112,0,-4.482570681262185,998.5,4.1,39.9
0.23320114236732337,0.34929915737433714,U8,MN8014,24.026934127718835,4.16958998260499,WPG,SSPG,0.10744580781539742,0.3677653811315955,0.20037069674695868,-1.423722150098702,1,-4.483426555004916,998.7,4.1,39.9
0.23290291703192836,0.3494267008026294,U8,MN8014,24.027546967240102,4.164301350146466,WPG,SSPG,0.10753759760760015,0.3676709756177643,0.20021407623771778,-1.422873068042116,3,-4.482689098488882,998.8,4.1,40.0
0.23308390799203976,0.349469997938723,U8,MN8014,24.000981171155964,4.165829168470272,WPG,SSPG,0.10757855090668104,0.3675881370291042,0.20009831061336358,-1.4220389019234339,0,-4.4824013553412065,999.0,4.1,40.0
0.23320755240548885,0.34953089884439736,U8,MN8014,24.0129896454529,4.168822072457855,WPG,SSPG,0.10743869682171958,0.36793569100178947,0.20007968675437515,-1.4262696998583924,6,-4.478005144693881,999.0,4.1,39.9
0.2331134334093768,0.3494628285906042,U8,MN8014,23.999621331004068,4.163814956966793,WPG,SSPG,0.10755275216959953,0.36725659624126306,0.20003636135314737,-1.4255303077080834,7,-4.485144058196941,998.6,4.1,39.9
0.2332487256402355,0.3494445331603175,U8,MN8014,24.017395334370068,4.162854718093446,WPG,SSPG,0.10757185709329851,0.3675620043876532,0.20022707553882071,-1.419557250162826,6,-4.487216631465927,998.8,4.1,40.0
0.23315609733833437,0.3494673349830217,U8,MN8014,24.02023420693657,4.165304887508039,WPG,SSPG,0.10771575920942994,0.367464253255555,0.20040069586695144,-1.4253548556790856,5,-4.483410484366058,998.6,4.1,40.0
0.23316536138352928,0.34932400130092456,U8,MN8014,24.017519402203558,4.165033753406425,WPG,SSPG,0.10776240102630477,0.367634911404603,0.20043861790744336,-1.4214140318117283,2,-4.4827533553138785,998.6,4.1,40.0
0.23291396978344328,0.3494645822831003,U8,MN8014,24.028803595844927,4.169357003680269,WPG,SSPG,0.10769692137320022,0.3676171338210724,0.20024999853626546,-1.4247089691485475,7,-4.482826367007611,998.6,4.1,39.9
0.23288511776118936,0.34938714987111236,U8,MN8014,24.032205491826502,4.165587715259574,WPG,SSPG,0.10778366830374858,0.36745107804355903,0.2005409750789585,-1.4230109365696573,3,-4.481287689100855,998.3,4.1,40.0
0.23275806879555136,0.34940944976869576,U8,MN8014,24.030250842715283,4.165722286958734,WPG,SSPG,0.10786700326134313,0.3672623310269895,0.2005004785273446,-1.4243209265020529,5,-4.479106063216969,998.3,4.1,39.9
0.2328288430377882,0.34939023417394693,U8,MN8014,24.029237327393886,4.167380468995804,WPG,SSPG,0.10787939213769171,0.36736685217020343,0.20065029938198392,-1.4235577811993168,7,-4.480918271192934,998.3,4.1,39.9
0.23280076375727776,0.34947565492437627,U8,MN8014,24.03386885055193,4.16907331406542,WPG,SSPG,0.10782585448992002,0.3676112309305794,0.2005289992336976,-1.4259523728526091,1,-4.482540410823303,998.5,4.1,39.9
0.23224430116382083,0.3495235887216579,U8,MN8014,24.037101162947703,4.165589165292996,WPG,SSPG,0.1080284289346097,0.3669685954307157,0.20079379395286778,-1.4229540344386706,7,-4.480059475009494,998.3,4.1,39.9
0.23226743206503297,0.3495830340329057,U8,MN8014,24.016390793116717,4.162134678202294,WPG,SSPG,0.10805121027684432,0.3668604321086229,0.20054009982312923,-1.4169762528356078,1,-4.483847492081434,998.7,4.1,40.0
0.23242945643689905,0.34963689942617576,U8,MN8014,24.031515841912285,4.165462413126622,WPG,SSPG,0.10790422116326942,0.3670788885356463,0.20043994709283666,-1.4208617546080695,6,-4.485259394844395,998.6,4.1,39.9
0.23263680971652326,0.3494685359122827,U8,MN8014,24.02725211480091,4.167514921488349,WPG,SSPG,0.10787297090195014,0.3670375616470776,0.20060689667925868,-1.4207659877479588,3,-4.486781518752839,998.4,4.1,39.9
0.23259421204844669,0.34947464719132065,U8,MN8014,24.025992574936037,4.164453053947173,WPG,SSPG,0.10788248229927377,0.36703535152687017,0.20044616527503945,-1.422394485263337,5,-4.481642659611175,998.3,4.1,39.9
0.2327722986084004,0.3494292083750443,U8,MN8014,24.036401483853346,4.169713471190036,WPG,SSPG,0.10762182206870136,0.36766838727289264,0.20046469763013985,-1.4227529566038488,3,-4.483667226507608,998.5,4.1,39.9
0.2326375231417595,0.3493460223669467,U8,MN8014,24.04014350692271,4.166670222042295,WPG,SSPG,0.10784629587076378,0.36727705497548035,0.20080023109583353,-1.4207191687703264,0,-4.481609834825651,998.3,4.1,39.9
0.23261959911611263,0.34947853396999945,U8,MN8014,24.03147415735309,4.163403945314781,WPG,SSPG,0.10785050595057785,0.36728036347572357,0.2004466694798785,-1.422355260435177,0,-4.4857152494589805,998.4,4.1,39.9
0.23268517700520686,0.3494266327652011,U8,MN8014,24.03685938623447,4.16274807987621,WPG,SSPG,0.1077316027439365,0.36746813365764647,0.200486625147214,-1.4195060920980063,7,-4.4854434784580715,998.5,4.1,39.9
0.23296082175849123,0.3493548484772652,U8,MN8014,24.04102088010356,4.164907340798543,WPG,SSPG,0.10758997398193537,0.36764724485433203,0.20037448190273388,-1.4227722154689355,5,-4.48449407594244,998.4,4.1,39.9
0.23293668105541734,0.34928813447150686,U8,MN8014,24.02511796072791,4.1620899248706005,WPG,SSPG,0.10765907415889646,0.3675410213310003,0.20040920899392786,-1.4246962463680077,2,-4.482855485166079,998.4,4.1,39.9
0.2332836647908691,0.3492893357994086,U8,MN8014,24.024490227370634,4.158234446981005,WPG,SSPG,0.10749487959120138,0.36783754871670776,0.2002367553854319,-1.4249633167877966,1,-4.486485256297305,998.5,4.1,39.8
0.23327386763401425,0.34937699738530015,U8,MN8014,24.030768609548964,4.159411353406053,WPG,SSPG,0.10759094130532673,0.3678703753583952,0.2002517663562842,-1.4255064751178106,1,-4.485659186899053,998.4,4.1,39.8
0.2334811507923753,0.3493234902349572,U8,MN8014,24.024087512130478,4.153916019570748,WPG,SSPG,0.10758647909199423,0.3679105656242674,0.2003195574572154,-1.4241667609719115,3,-4.477096862585215,998.5,4.1,39.9
0.23334297834785087,0.3493009476709715,U8,MN8014,24.035714474456235,4.158873949461584,WPG,SSPG,0.10751969326724417,0.3678375881305514,0.2004047905601966,-1.4238192718904419,5,-4.486589902010431,998.4,4.1,39.9
0.233278662473557,0.3493037560973135,U8,MN8014,24.027417721115437,4.161301482322532,WPG,SSPG,0.10757465001224703,0.36756894894626996,0.20040764097074457,-1.4239926572254562,4,-4.483882897558468,998.4,4.1,39.9
0.2333541592443742,0.34937287990107574,U8,MN8014,24.02616199694254,4.15849590927715,WPG,SSPG,0.10759957700297468,0.36758988384869123,0.2003567408284642,-1.4249942015091233,3,-4.483448027497969,998.4,4.1,39.9
0.23322325138465402,0.3491820455482827,U8,MN8014,24.036035466321195,4.160567003221132,WPG,SSPG,0.10750688402652028,0.36755013507298906,0.20035016367328687,-1.4265143689487907,3,-4.478765934059663,998.0,4.1,39.8
0.2334288869706435,0.3492360671074289,U8,MN8014,24.033050340702445,4.159287104702058,WPG,SSPG,0.10746458481619706,0.3677363753388958,0.20028923319125655,-1.43054064685454,4,-4.482183695493246,998.0,4.1,39.8
0.23292257088199883,0.34931381147955387,U8,MN8014,24.042512803339076,4.161968757183387,WPG,SSPG,0.10773771060605666,0.3672043965814524,0.2003895436296321,-1.4304926251263854,3,-4.479805679116797,997.7,4.1,39.7
0.233286483993161,0.34910900792779104,U8,MN8014,24.045794012318055,4.162550291815189,WPG,SSPG,0.1075002126904879,0.36772063975189695,0.20037843846960093,-1.429416160139333,1,-4.48338079148782,997.9,4.1,39.8
0.23342623455589634,0.34914359009649776,U8,MN8014,24.039065045800932,4.163679845041334,WPG,SSPG,0.10751893916085167,0.3678019475205332,0.2003449779110147,-1.4309002220124467,4,-4.485078283377399,997.9,4.1,39.8
0.23356435091186756,0.3491638169010815,U8,MN8014,24.03813349161587,4.161356300284353,WPG,SSPG,0.10740716430085082,0.3679204205720268,0.20020500490981735,-1.429383885635023,3,-4.4825356480333785,998.1,4.1,39.8
0.23351263214769347,0.3491916711340374,U8,MN8014,24.041652716906217,4.159125555009339,WPG,SSPG,0.10747432524232,0.36776307658250995,0.20027554011969892,-1.4334496199204563,5,-4.475328820985137,997.9,4.1,39.7
0.23342827900850327,0.34918312244742694,U8,MN8014,24.04839222456501,4.162445194804137,WPG,SSPG,0.10742189362153895,0.36764341082089624,0.20034578523342744,-1.432448401117733,5,-4.4867373693611725,997.8,4.1,39.7
0.2335771742821,0.34912281257815103,U8,MN8014,24.042627940790947,4.163291507576186,WPG,SSPG,0.10743717372256954,0.3678298993756015,0.20041407704611242,-1.4323096008327865,4,-4.481692522258275,997.7,4.1,39.7
0.23396967790906026,0.3489638490426335,U8,MN8014,24.044703629315343,4.160682790746097,WPG,SSPG,0.107228774296307,0.3682749580337172,0.20032092638818508,-1.4346298626440968,6,-4.484333809610332,997.8,4.1,39.7
0.2337497940095027,0.3491070354023251,U8,MN8014,24.0403902196458,4.160521274033271,WPG,SSPG,0.10733193254649032,0.3679501661631711,0.2004188589752891,-1.430808424510156,4,-4.483647401958496,998.0,4.1,39.8
0.23372784836974414,0.34907963843159046,U8,MN8014,24.043367915673887,4.161217990899231,WPG,SSPG,0.10738228337673136,0.36794863201087835,0.20034445815790755,-1.4353354038645414,3,-4.485189279862498,997.7,4.1,39.7
0.23385887646669917,0.3490519269326015,U8,MN8014,24.04408466537041,4.159859660537959,WPG,SSPG,0.10730549769606727,0.3680719397282699,0.20027153882558357,-1.4369235265762494,0,-4.480572137026854,997.6,4.1,39.7
0.23372013498670544,0.34905507730777496,U8,MN8014,24.04909975707021,4.1607561516082745,WPG,SSPG,0.10732444644254494,0.36798633996163893,0.20024728196085384,-1.4365775206589149,0,-4.479868577059545,997.6,4.1,39.7
0.23361983991167717,0.3491022838483479,U8,MN8014,24.0491545627095,4.161478991490623,WPG,SSPG,0.10734470222369158,0.3679847834302973,0.20015553874183004,-1.4373182803802669,0,-4.483076771499309,997.5,4.1,39.6
0.2339277584434329,0.3490572138915839,U8,MN8014,24.042228774004485,4.160762208775657,WPG,SSPG,0.10722370181923638,0.3681594436159025,0.20011931263719884,-1.438045877174113,0,-4.476974704574388,997.5,4.1,39.6
0.2337306845642836,0.3491914107351049,U8,MN8014,24.034136139080186,4.1583108432057765,WPG,SSPG,0.1073573802506434,0.3679180165417265,0.20014323182223676,-1.4368756388614408,3,-4.487603023664018,997.7,4.1,39.6
0.23366522995213063,0.3491941641509217,U8,MN8014,24.031104525516458,4.154419669871809,WPG,SSPG,0.10740454056434603,0.36784126886250634,0.20006839784514105,-1.4361249526912545,2,-4.481073112432933,997.8,4.1,39.6
0.23363080108017234,0.3491340484338259,U8,MN8014,24.037173964263065,4.157750021204865,WPG,SSPG,0.10742010318938766,0.3677645618872233,0.20020342399316562,-1.4383350782543503,6,-4.486877910082885,997.5,4.1,39.6
0.233777622362489,0.3491068385240214,U8,MN8014,24.035589800135533,4.155191753963042,WPG,SSPG,0.10732612322361809,0.3679200549464702,0.20009370991485084,-1.4368512944375247,5,-4.485269337349113,997.7,4.1,39.6
0.23375906335217883,0.34911264340233655,U8,MN8014,24.029578424196412,4.154762739883844,WPG,SSPG,0.10738617248967727,0.3678407901574091,0.20016021605207276,-1.4358484675691021,1,-4.485444650484574,997.7,4.1,39.7
0.23370632304483901,0.34913222973151997,U8,MN8014,24.039107593655494,4.152917371683363,WPG,SSPG,0.10743260044314794,0.3678916423514357,0.20019672519323745,-1.4366801256255843,4,-4.482404707666996,997.8,4.1,39.7
0.23356431301731584,0.34914552236034263,U8,MN8014,24.029912410586068,4.153252062267014,WPG,SSPG,0.10746586706435832,0.3676576479630107,0.2001503873239938,-1.4340054106956763,4,-4.484669425698202,997.8,4.1,39.7
0.23338757633635782,0.34921187166633105,U8,MN8014,24.03565534562274,4.153536836574349,WPG,SSPG,0.10761086983792498,0.36757739366731507,0.2001695602717237,-1.4339040751961325,4,-4.48659079314243,997.8,4.1,39.7
0.2332916905154045,0.3492818710153984,U8,MN8014,24.04001995144433,4.1543393792823675,WPG,SSPG,0.10766960669039505,0.36758047300619034,0.20023010622010923,-1.433440900361218,5,-4.482367694368808,997.9,4.1,39.7
0.23359891628334278,0.34914027303060624,U8,MN8014,24.038524781409205,4.15135741936178,WPG,SSPG,0.10748548913409298,0.3677767874722929,0.200109063602644,-1.4402164289549253,1,-4.486224031733229,997.5,4.1,39.6
0.23320636675789752,0.349241162304856,U8,MN8014,24.037889141799525,4.151938111249168,WPG,SSPG,0.10758910182534184,0.36756670203027453,0.20009631035359882,-1.436570690923403,7,-4.469272066276515,997.7,4.1,39.6
0.2332725069582129,0.34929626637692784,U8,MN8014,24.033367509240996,4.151710690291843,WPG,SSPG,0.10759178051746357,0.36768409123188583,0.2000733398052312,-1.4358642051857016,1,-4.483006001272722,997.8,4.1,39.6
0.23321731597938428,0.3492835821393345,U8,MN8014,24.043984988755188,4.151403692739115,WPG,SSPG,0.10759576363128232,0.36759572051894274,0.20009445278382723,-1.4353442211357237,4,-4.487288194121799,997.8,4.1,39.6
0.23344614481506343,0.3492107988420701,U8,MN8014,24.04343331426537,4.152310607098595,WPG,SSPG,0.10754741693062636,0.3677920545985603,0.2000845843674191,-1.436523763109902,5,-4.48244076084913,997.7,4.1,39.6
0.23264481911501503,0.34944682460843857,U8,MN8014,24.043839275303103,4.15487357737449,WPG,SSPG,0.10773059144856831,0.3672881817075436,0.2001568888964173,-1.433464514388033,6,-4.483723590431021,997.9,4.1,39.7
0.23291330760091955,0.34932785383466947,U8,MN8014,24.04535303326187,4.157578550275424,WPG,SSPG,0.10751975868916461,0.3676858387992343,0.20008514570511232,-1.433887059496715,1,-4.487647909417937,998.0,4.1,39.6
0.23273659782164305,0.3493713955021019,U8,MN8014,24.049540175552785,4.155136354422223,WPG,SSPG,0.10759603652657826,0.3676499574452304,0.20006999837591538,-1.4332148974105225,2,-4.477323759257068,998.1,4.1,39.6
0.23269925561670998,0.349324315969436,U8,MN8014,24.04700294476695,4.151808463257044,WPG,SSPG,0.10755174860561192,0.3678519592098265,0.20004186326264964,-1.4329487084750783,3,-4.482965212903508,998.2,4.1,39.6
0.23298278732607813,0.3492539041177356,U8,MN8014,24.045535881731382,4.152147731544968,WPG,SSPG,0.10737067650023754,0.36795635377070873,0.20004205780081522,-1.436603550917206,4,-4.474580885052127,998.0,4.1,39.6
0.23290916468160078,0.34939641002770294,U8,MN8014,24.046825942096444,4.152681663880834,WPG,SSPG,0.10751432369977382,0.36779802256897415,0.20005336628775364,-1.4362949837827088,3,-4.484912757429047,998.0,4.1,39.6
0.23287772655140832,0.34941220679396934,U8,MN8014,24.03581635665748,4.152613723069014,WPG,SSPG,0.10769026175148969,0.3676412580259476,0.20019796596983375,-1.4326568092324676,1,-4.484170282185657,998.1,4.1,39.7
0.2323355556942356,0.34947828291287203,U8,MN8014,24.04282667569884,4.151646962275303,WPG,SSPG,0.10780323933041568,0.36734439731422547,0.20013130800207055,-1.4349526794006324,2,-4.485308299952726,997.9,4.1,39.6
0.23246305660080474,0.3494703845938799,U8,MN8014,24.04534397519056,4.153515358153783,WPG,SSPG,0.10774491880271361,0.36763804969453673,0.20011209467842747,-1.4348105599398682,4,-4.485297325796807,998.0,4.1,39.6
0.2323040666689274,0.3494770320250673,U8,MN8014,24.04877114049513,4.1531597338711155,WPG,SSPG,0.10779068858010296,0.36738473363216884,0.20025772404989065,-1.4307672539729546,6,-4.48565316610094,998.1,4.1,39.7
0.2323057877376966,0.3494041224987758,U8,MN8014,24.046301099479873,4.1525008246269515,WPG,SSPG,0.1077881827047806,0.36750879841567574,0.20034664993112114,-1.433596566990703,3,-4.4794388770373565,998.0,4.1,39.6
0.23276825767664341,0.349273428333632,U8,MN8014,24.04663768953015,4.158145491257177,WPG,SSPG,0.10766080323160016,0.36785288431924934,0.2004880415685261,-1.4337100820353839,6,-4.476642329788595,997.8,4.1,39.6
0.23254153634032748,0.34937202550992924,U8,MN8014,24.04808720730315,4.1536341496147635,WPG,SSPG,0.10781271649476917,0.3674583050106169,0.20059136298590066,-1.4373847752845732,3,-4.482850054118126,997.4,4.1,39.6
0.23259297769741571,0.34936525568444193,U8,MN8014,24.039921537529672,4.152750752591672,WPG,SSPG,0.10777378727157416,0.36741604542528916,0.200495131590192,-1.4376779589237159,0,-4.481395746117965,997.5,4.1,39.6
0.23276534893343437,0.3493708122471939,U8,MN8014,24.042196344309136,4.153501422015215,WPG,SSPG,0.10767636976388373,0.36766530975993805,0.200541806642398,-1.4318990391556825,3,-4.481715755893754,997.7,4.1,39.7
0.23300171911741022,0.349235866356248,U8,MN8014,24.036016655022927,4.155609903609119,WPG,SSPG,0.10770456045498504,0.3676719776676117,0.2005440679268118,-1.4341536486099113,6,-4.479893018612076,997.3,4.1,39.7
0.23303173828038165,0.34923628189956,U8,MN8014,24.038366447128002,4.1560299653043815,WPG,SSPG,0.10771408806617785,0.36753922078933055,0.20082112632035212,-1.4327120467907093,3,-4.481732896760407,997.2,4.1,39.7
0.2323136916177913,0.3495519653845985,U8,MN8014,24.043077150479437,4.150820281168462,WPG,SSPG,0.10766322863256284,0.3673213544881719,0.20027652645840105,-1.4337855100352441,6,-4.482738469768083,997.9,4.1,39.7
0.23291737545227267,0.3492838980772222,U8,MN8014,24.036428968349718,4.152965959176291,WPG,SSPG,0.10748746303141854,0.36802137281522324,0.2001484643572398,-1.435549181723007,1,-4.477239490396393,997.7,4.1,39.6
0.23264477394056882,0.3493363254195726,U8,MN8014,24.03194901980146,4.151101578757427,WPG,SSPG,0.10761061797856963,0.3675715933429768,0.20030232269518516,-1.4362609596029556,0,-4.474756278026314,997.5,4.1,39.6
0.23182251260771622,0.34956496501605816,U8,MN8014,24.04019440261193,4.154153193987489,WPG,SSPG,0.10758001345155907,0.3676453323003782,0.20006516963352244,-1.436902670134744,0,-4.481794961888227,997.9,4.0,39.5
0.23325380492857756,0.3493202923778717,U8,MN8014,24.034092724934936,4.151236669151728,WPG,SSPG,0.1071934558468357,0.3684635549612415,0.20000279437719168,-1.4423174461623283,1,-4.476923379423727,997.6,4.1,39.5
0.23280042014100494,0.34942277830073043,U8,MN8014,24.033868444290647,4.156132212990831,WPG,SSPG,0.1072546641656851,0.3682170553593645,0.20000071697991975,-1.4454992037891008,0,-4.48162181851432,997.5,4.0,39.4
0.2331075140363846,0.3492818740478081,U8,MN8014,24.03080528942318,4.15202885856424,WPG,SSPG,0.10720248684583039,0.36820846677656094,0.2000029572025782,-1.4511597505350986,3,-4.47833938791384,997.2,4.0,39.3
0.23339638109004796,0.3493521844593436,U8,MN8014,24.02356934775994,4.15749921606075,WPG,SSPG,0.1070852464889685,0.3683035087709999,0.20005299795389037,-1.4475459041532954,6,-4.478202665126563,997.5,4.0,39.4
0.23298667924457683,0.3493488407599487,U8,MN8014,24.026739251900405,4.154491804242318,WPG,SSPG,0.10710173696188896,0.36794401747411076,0.20007727336254796,-1.44463830186578,1,-4.48361380247429,997.8,4.0,39.4
0.2330449204216561,0.349340166755453,U8,MN8014,24.024352495591803,4.159567227167634,WPG,SSPG,0.10712916245841368,0.3676349337887244,0.2000939249986647,-1.4431860760484092,0,-4.480892707331561,997.7,4.0,39.4
0.23364972582424104,0.3490868471510053,U8,MN8014,24.047143451420865,4.155769803374191,WPG,SSPG,0.10700486958888028,0.3679227094730335,0.20020201578981547,-1.4509378435570324,2,-4.48150595948294,996.9,4.0,39.3
0.2324908207208311,0.3493408326201069,U8,MN8014,24.036291671254464,4.155753004197846,WPG,SSPG,0.10737546506674478,0.367675399341001,0.2000492771455827,-1.4456277266454296,2,-4.473472793551302,997.4,4.0,39.4
0.23300291105034288,0.34928057606388824,U8,MN8014,24.044185882553435,4.159914149941875,WPG,SSPG,0.10717403398276415,0.3679066951992305,0.20006003880356318,-1.4529953926068373,0,-4.475230460403466,996.6,4.0,39.2
0.23309105137035724,0.3494943892370753,U8,MN8014,24.032386186875932,4.159556338146257,WPG,SSPG,0.10718370805919517,0.3678843415362677,0.20026887209896108,-1.4492294233760392,3,-4.47199625765821,997.6,4.0,39.4
0.23276534684715194,0.3495722033484514,U8,MN8014,24.031017439184566,4.158889700534076,WPG,SSPG,0.10751329055394526,0.3675494462596029,0.2001678938193564,-1.4500443048201692,4,-4.477654286187832,997.1,4.0,39.3
0.2332809540101636,0.3495288394946673,U8,MN8014,24.01970687885486,4.160581723093162,WPG,SSPG,0.1072248604020189,0.3678673239110956,0.20037753933371652,-1.4476277508352486,3,-4.482704813323679,997.6,4.0,39.4
0.2336644780415164,0.34935487148527006,U8,MN8014,24.017632429554975,4.155656705028387,WPG,SSPG,0.1072002256287056,0.367982713652905,0.20010453418682878,-1.446045887020445,7,-4.485960081399202,997.4,4.0,39.4
0.23269456288464055,0.3495633607895635,U8,MN8014,24.011727059423567,4.152108353408965,WPG,SSPG,0.10751942448640014,0.3676464093686562,0.20012140189978544,-1.4406610060233724,1,-4.483239643456068,998.0,4.0,39.4
0.2331670108219701,0.3496011947330631,U8,MN8014,24.00925057861044,4.151808865282511,WPG,SSPG,0.10726802539625928,0.36784368812961765,0.20035499767268775,-1.4459923554786893,1,-4.481030837754643,997.6,4.0,39.3
0.2328730210050724,0.34962168479761435,U8,MN8014,24.011788583629865,4.156249606222435,WPG,SSPG,0.1075479638093441,0.367502413976174,0.2000534827332911,-1.440186384556085,7,-4.484710110566022,997.9,4.0,39.5
0.23257721132428652,0.3497295552005941,U8,MN8014,24.002899964829755,4.151252820293037,WPG,SSPG,0.10763550855586251,0.36725837766934916,0.20029733640088918,-1.442497302535243,1,-4.480483462860764,998.1,4.0,39.4
0.23282159604019517,0.34968320531184954,U8,MN8014,24.01316963780747,4.157133055857332,WPG,SSPG,0.10751206461769452,0.36731445149370157,0.20020799834502448,-1.4435314838318605,7,-4.482268538719088,997.8,4.0,39.4
0.23311376494852376,0.3495719548538793,U8,MN8014,23.992291032202186,4.154758152443925,WPG,SSPG,0.10750211987384149,0.3670387648480772,0.20026072195456074,-1.4452919607197505,4,-4.484119096571151,997.4,4.0,39.4
0.2325418320607103,0.3496832458815062,U8,MN8014,24.00496179630017,4.155327897397491,WPG,SSPG,0.10759196516010075,0.3667599121588104,0.20012971828405143,-1.4456749400031494,4,-4.483209825550944,997.3,4.0,39.4
0.2318878222099474,0.3497992052328288,U8,MN8014,24.011646468932973,4.153154636089244,WPG,SSPG,0.10789591258299694,0.36624728812086826,0.2000584366765411,-1.4445660687326256,7,-4.472371805318353,997.1,4.0,39.4
0.23204082636822532,0.3496434117144491,U8,MN8014,24.01976841640331,4.15329621324577,WPG,SSPG,0.1077116727144573,0.3665998274389866,0.20000960641680765,-1.4523762539167526,4,-4.474259882026072,996.2,4.0,39.3
0.23238251646867647,0.3497225842716255,U8,MN8014,24.01041637596852,4.151319440740462,WPG,SSPG,0.1077477158675624,0.3668994231512184,0.2002912715273297,-1.4526804762621013,2,-4.476337504228246,996.9,3.9,39.2
0.23199235649587627,0.3497233286484621,U8,MN8014,24.012362117664527,4.1515578127687585,WPG,SSPG,0.10791876060808774,0.36585751471789363,0.20000065073796014,-1.4482828265477017,7,-4.480925382367431,996.3,4.0,39.4
0.2315786497050848,0.3498132524618888,U8,MN8014,24.011796765584972,4.15260899441173,WPG,SSPG,0.10791003488178885,0.3660123232838911,0.20007090604691047,-1.4436186813637766,7,-4.480761459986217,997.3,4.0,39.4
0.23217586031555948,0.34973536571852437,U8,MN8014,24.002182991747528,4.152713811261848,WPG,SSPG,0.10782333095799312,0.3658679768790805,0.20046572063899212,-1.4533920934302649,7,-4.47450569721742,996.0,3.9,39.3
0.23291104349466668,0.34948965332866433,U8,MN8014,23.999361836143798,4.154193940079456,WPG,SSPG,0.10754677001355553,0.36645385060875796,0.20019533843773352,-1.4524405949998112,7,-4.479605102402228,995.9,4.0,39.3
0.2326128034149505,0.34952251679401636,U8,MN8014,24.00455190565131,4.153592926595628,WPG,SSPG,0.10756013823828908,0.3661406765952933,0.2000899315976417,-1.4550942019670468,1,-4.475521925010323,995.8,4.0,39.3
0.23281334857600214,0.3494916149962387,U8,MN8014,24.011777645558258,4.155196638015297,WPG,SSPG,0.10749447212928334,0.3663738576522525,0.20002160302643507,-1.4548362361786487,2,-4.478698836317255,995.9,4.0,39.3
0.23306349923564965,0.34936485661107763,U8,MN8014,23.98759665381152,4.157670767319263,WPG,SSPG,0.10730325712788157,0.36642512423082524,0.20040483951271082,-1.4526435600283407,4,-4.482577439396575,996.2,3.9,39.2
0.2321763877932903,0.3495155814844445,U8,MN8014,23.992307141081838,4.156817710872624,WPG,SSPG,0.10770585043338847,0.3652991718393781,0.20007195561348168,-1.4494476461537684,6,-4.47835440567917,995.7,4.0,39.4
0.23215957990748415,0.3496669679338982,U8,MN8014,23.992023980875494,4.15886559690651,WPG,SSPG,0.10762305030991669,0.36614687052756123,0.20031828156224118,-1.454536090840968,0,-4.476481694559755,996.5,3.9,39.2
0.23181960566163906,0.3496180044188355,U8,MN8014,23.9866854055718,4.15321202343204,WPG,SSPG,0.10758319166542774,0.36556552858955405,0.20026853238101616,-1.4595448886163,6,-4.475799096014407,995.9,3.9,39.1
0.2321537003184519,0.34960238004918076,U8,MN8014,23.985347057003395,4.158591962539549,WPG,SSPG,0.10762837468834002,0.3658887546944566,0.20015939299112315,-1.456356320659005,4,-4.476862014386587,996.0,3.9,39.2
0.2319504278911388,0.34958003891047107,U8,MN8014,23.993383791782087,4.160331716538316,WPG,SSPG,0.1077049433050796,0.36572563648741513,0.20000034387607446,-1.4591528409158288,2,-4.462517075639557,995.5,3.9,39.2
0.2321722116828625,0.34942779251375855,U8,MN8014,23.988797930598224,4.157543264635769,WPG,SSPG,0.10773863628449756,0.3654747810688484,0.20002244880601933,-1.461558656840632,2,-4.476798932666618,994.5,3.9,39.1
0.23306987077975994,0.34929454245338365,U8,MN8014,23.966554902435174,4.152647935988987,WPG,SSPG,0.10729523260436363,0.3657771339723856,0.20018029739187274,-1.4703721449521623,1,-4.473590018137719,994.0,3.9,38.9
0.2327126407637755,0.3494552939506835,U8,MN8014,23.973237214164342,4.1559246574422515,WPG,SSPG,0.10767413887335175,0.365381100721385,0.20017001478703556,-1.4675045842355903,1,-4.4733017166883755,993.9,3.9,39.0
0.2329996565421848,0.34932864810595676,U8,MN8014,23.95698808848455,4.155597387030057,WPG,SSPG,0.10747857602820743,0.365458942143135,0.20001362536536563,-1.4634317161881043,0,-4.477407290643402,993.8,3.9,39.0
0.2328000942862395,0.3493078939463215,U8,MN8014,23.963745780667256,4.162223458175483,WPG,SSPG,0.10739249379753796,0.36509531214417235,0.20008141726887274,-1.4707309893291072,1,-4.466978470567993,993.1,3.9,39.0
0.23245726502618663,0.3492899861976098,U8,MN8014,23.971034380441157,4.1651963553713225,WPG,SSPG,0.10730182045721007,0.3652559283988807,0.2001593799075982,-1.4645935227994475,2,-4.472007910748054,993.6,3.9,39.0
0.23213545519796921,0.3495432955508965,U8,MN8014,23.971878615035575,4.165018812618182,WPG,SSPG,0.1077286400470471,0.3650893577407826,0.2000018318087797,-1.4569092720179007,0,-4.473304534573753,994.8,3.9,39.2
0.23130655810107553,0.3497677937997165,U8,MN8014,23.95752448866149,4.156883126843299,WPG,SSPG,0.10799554866236227,0.3644216467555046,0.20001838967501265,-1.4570492212261663,1,-4.4702591419147435,994.6,3.9,39.1
0.2315575012160665,0.34979144423673514,U8,MN8014,23.95202064212962,4.154276128687022,WPG,SSPG,0.10789202142099522,0.36478308927568126,0.20038955380549547,-1.4547154502396962,6,-4.473986330749822,995.9,3.9,39.1
0.23135988951885192,0.34980067747613636,U8,MN8014,23.96003651768747,4.152783277859701,WPG,SSPG,0.10787888620365402,0.3648525705049787,0.20003585869573842,-1.4564169978668944,5,-4.474395551623724,995.5,3.9,39.1
0.2316512194667089,0.34981961939723727,U8,MN8014,23.950181836174348,4.1513945446034946,WPG,SSPG,0.107668917092944,0.36544935635148623,0.2001264852625592,-1.4472267148657638,7,-4.472628904128587,996.7,4.0,39.3
0.23238954837199294,0.3498170081613563,U8,MN8014,23.955361047925038,4.151753583087438,WPG,SSPG,0.10764219121711809,0.3656780083592387,0.20012493175860682,-1.4522245393281088,3,-4.47616268881222,996.3,3.9,39.2
0.23174884241252236,0.3497853526633492,U8,MN8014,23.95790373979235,4.15381310464858,WPG,SSPG,0.10793252476559764,0.3649004300299331,0.2000839004847372,-1.4537992844352359,5,-4.471986253739258,995.0,4.0,39.2
0.2325254646884289,0.3496133645586324,U8,MN8014,23.960899583063725,4.160753659512788,WPG,SSPG,0.107486418236664,0.36574661881478576,0.2000664099705487,-1.4487048289389985,4,-4.475978987911983,995.7,4.0,39.4
0.23171765769758124,0.34982097379993643,U8,MN8014,23.951563994276878,4.1578314863777805,WPG,SSPG,0.10752257712610391,0.3652849532033512,0.20000139727703417,-1.4456594167789778,6,-4.464399556401652,996.4,4.0,39.4
0.23188287954154585,0.34983215109145277,U8,MN8014,23.961893084858815,4.162804403639423,WPG,SSPG,0.10758315288637346,0.36507493733349006,0.20004645806174495,-1.4468734136263293,2,-4.476184337415077,995.8,4.0,39.4
0.23235006258414997,0.3497736353731322,U8,MN8014,23.967953723433364,4.158237347385688,WPG,SSPG,0.10749499213977248,0.3658923945425571,0.20000504101839214,-1.4465009908322004,4,-4.482461307217418,996.6,4.0,39.4
0.23204062002428463,0.3497682853720413,U8,MN8014,23.977198186022544,4.164430057387936,WPG,SSPG,0.1075966519147392,0.3654668758198446,0.2000693627851586,-1.4458757238897053,3,-4.461846160239828,996.1,4.0,39.4
0.23266363630733214,0.3496201234959561,U8,MN8014,23.96193299456707,4.158934097922706,WPG,SSPG,0.10747891121151691,0.3658790674515874,0.2000131506180709,-1.4497179963851714,3,-4.482176396884974,996.0,4.0,39.2
0.23172966450658553,0.3497556376692214,U8,MN8014,23.965911107973664,4.160692860996131,WPG,SSPG,0.10765549954268253,0.36537767764117957,0.2000375179444214,-1.4459835896943147,5,-4.478213441904751,995.9,4.0,39.3
0.23210066722132955,0.3496537409901733,U8,MN8014,23.968175835160118,4.160848060864885,WPG,SSPG,0.1074329845804776,0.365696316400073,0.20000241165256374,-1.4500890651308038,3,-4.48312558159158,995.9,3.9,39.2
0.23267001163389506,0.34957568649088766,U8,MN8014,23.965476351519193,4.162440073737,WPG,SSPG,0.10731400792240264,0.36613953960537504,0.20002816001996396,-1.4483194833311694,5,-4.476723400891936,995.7,4.0,39.3
0.23161524892718494,0.34976855951099756,U8,MN8014,23.963533073961475,4.160369445596129,WPG,SSPG,0.10761015435497118,0.3653516366391125,0.20004302433650817,-1.4405376314526996,5,-4.475963492175385,996.2,4.0,39.3
0.23135587836249794,0.34980270420415005,U8,MN8014,23.96266801324657,4.165156642491586,WPG,SSPG,0.10769546515979048,0.36526399209828203,0.2000530407930357,-1.4368438187819856,4,-4.481912246084704,996.1,4.0,39.4
0.23175544465532674,0.3497998658475321,U8,MN8014,23.968672046405807,4.167338137002658,WPG,SSPG,0.10759185965582399,0.3653522306181374,0.20002796886901372,-1.4456335377596916,1,-4.482435176244213,996.0,3.9,39.2
0.23186530967192864,0.3497936513272389,U8,MN8014,23.963448036073327,4.164789024302249,WPG,SSPG,0.10758970002528714,0.365085329042358,0.2000276240941852,-1.441767426357427,0,-4.483674569931123,995.9,3.9,39.3
0.23191558469178145,0.349743258240592,U8,MN8014,23.951556497269554,4.170582493780184,WPG,SSPG,0.10763508619706169,0.36489521403087055,0.20022062234628757,-1.4454087688408173,7,-4.461272985623834,995.2,3.9,39.3
0.23139868649053635,0.3498749341686195,U8,MN8014,23.976752643736937,4.176606268379709,WPG,SSPG,0.1075514191937722,0.3652551007060378,0.20003568367389582,-1.4410851755633465,4,-4.471801738686267,996.3,3.9,39.3
0.23189764362972148,0.3498153737650259,U8,MN8014,23.963727298539332,4.166364362395348,WPG,SSPG,0.10744557719062983,0.36551093040639315,0.20007035948841326,-1.4398423484417648,2,-4.484521079835012,996.3,4.0,39.4
0.2318322432570908,0.34965780483020503,U8,MN8014,23.9677920643867,4.173511169669451,WPG,SSPG,0.10738382663011561,0.3654406778551815,0.20000001197483486,-1.4459995758236086,6,-4.481407608773663,995.4,4.0,39.3
0.23175153514022392,0.34968091279380714,U8,MN8014,23.974565470483682,4.171662541492818,WPG,SSPG,0.10736741284130241,0.36510469889778296,0.2000021608677324,-1.445306113870422,1,-4.480660872435422,995.1,4.0,39.3
0.23171827329207506,0.34971594997934663,U8,MN8014,23.963170393960272,4.16277798220725,WPG,SSPG,0.10756977683249862,0.3653904863009668,0.20000121426633086,-1.4425124787525696,7,-4.48069827738407,995.7,4.0,39.4
0.2313411566809593,0.3496436802540208,U8,MN8014,23.96606923822509,4.165846869754423,WPG,SSPG,0.10742372437411468,0.36505941359299576,0.20000494204412533,-1.4488192693315525,0,-4.472100557714867,995.3,4.0,39.2
0.23114104295934826,0.34980934964735855,U8,MN8014,23.97829845494185,4.16764314233412,WPG,SSPG,0.10743175413871689,0.3651513365666527,0.20021563717781493,-1.4470400134063455,2,-4.478409092536102,996.0,3.9,39.2
0.23135981606488637,0.34968524848098115,U8,MN8014,23.97796115248023,4.175097011592236,WPG,SSPG,0.10711590477960978,0.3654679905294007,0.20013287548120864,-1.446632480869566,5,-4.481721440577976,995.7,3.9,39.2
0.23134546616070853,0.3497296184633702,U8,MN8014,23.988704385620117,4.171803248255617,WPG,SSPG,0.10708201365382788,0.3658748299088031,0.20001110104298234,-1.4425166526783637,5,-4.484084438729814,996.5,3.9,39.2
0.2316643684954997,0.34969705999543854,U8,MN8014,23.987822465888865,4.166926548792233,WPG,SSPG,0.10714874670245983,0.36590756264270585,0.20000011763008313,-1.4457552350047658,0,-4.4850614060002165,995.9,3.9,39.2
0.2318328263588888,0.3496530177790479,U8,MN8014,23.98278753573575,4.162996385620557,WPG,SSPG,0.10712380154434492,0.36594991631744056,0.20001100606280675,-1.445562249061652,0,-4.483672173365406,996.1,3.9,39.2
0.2317811318241047,0.34964947488260834,U8,MN8014,23.988822943572163,4.168094026601214,WPG,SSPG,0.10711201873266527,0.3659233036730001,0.2000138502658236,-1.4472338632307233,5,-4.478334887492974,995.7,3.9,39.1
0.2326192187311521,0.3494409930397277,U8,MN8014,23.98580287147486,4.166161343103811,WPG,SSPG,0.10661987190260003,0.3669031502223289,0.20006298754039428,-1.457953961918826,4,-4.4827001256551835,995.5,3.9,39.0
0.23203072868167063,0.3496535069637533,U8,MN8014,23.972657228456676,4.161927177872014,WPG,SSPG,0.10705735767662017,0.3661051968728517,0.20000023592214303,-1.4450527252348615,5,-4.47117967262983,996.1,3.9,39.2
0.2321910777747676,0.34959139410951234,U8,MN8014,23.978890094765923,4.165861806409475,WPG,SSPG,0.1070016942792351,0.366247771959482,0.200028086082369,-1.4436858495710223,7,-4.484741356305737,995.9,4.0,39.3
0.23254528659769408,0.34966308124343054,U8,MN8014,23.98304814928734,4.161600658166456,WPG,SSPG,0.10710310999756159,0.36640273396094913,0.20014160228623495,-1.4425900143831567,4,-4.476518438677777,996.1,4.0,39.3
0.23203394479079062,0.349677130918343,U8,MN8014,23.97899436099922,4.167027619518808,WPG,SSPG,0.10709600256879045,0.36614274047335654,0.20026913063881424,-1.4364391546934845,5,-4.485448330912536,996.4,4.0,39.4
0.23251406277345282,0.3495391326316931,U8,MN8014,23.98410290129464,4.168463034013567,WPG,SSPG,0.10675324663265806,0.36647642957717363,0.20002892890654164,-1.441120483145584,0,-4.4873655091256754,995.9,4.0,39.3
0.23255991004941517,0.3495984437314811,U8,MN8014,23.98599221553914,4.159477877454861,WPG,SSPG,0.10686329897807695,0.36670911030664666,0.20001281019988187,-1.4469616259432532,0,-4.471845770808239,995.7,3.9,39.2
0.23201923363025465,0.3496182456809634,U8,MN8014,23.98692533435023,4.1633373715881445,WPG,SSPG,0.1068716594603935,0.36647895677776965,0.20000045392346372,-1.4477832599910978,6,-4.483747291336888,996.3,3.9,39.1
0.23142699016556262,0.3498013612803089,U8,MN8014,23.99100423086158,4.168927022832971,WPG,SSPG,0.10710388328535952,0.3661027184431498,0.20002072573755886,-1.445274666558608,6,-4.4869028144177285,996.5,3.9,39.1
0.23203380042756025,0.3496217205187748,U8,MN8014,23.985481271424558,4.167989999789609,WPG,SSPG,0.10673048549082695,0.3664330628061878,0.20001479836707559,-1.4465302062101206,3,-4.485334876832157,996.2,3.9,39.1
0.23222850663686168,0.349617881604633,U8,MN8014,23.998195318468735,4.165968496103791,WPG,SSPG,0.10678614149751517,0.3668548189592775,0.2000000138355008,-1.4489190739262912,5,-4.485948909109968,996.3,3.9,39.1
0.2321813742944722,0.3496556003045263,U8,MN8014,23.982280484396238,4.1609424755718845,WPG,SSPG,0.10686770155669939,0.3668024611674495,0.2000001148723434,-1.443664155295134,0,-4.486519387786055,996.8,3.9,39.1
0.23226285492447146,0.34954986837070423,U8,MN8014,23.996494905997462,4.164435126306681,WPG,SSPG,0.10680955512357726,0.3667675751738511,0.20000417167558343,-1.4441673411892268,2,-4.488345106949984,996.6,3.9,39.2
0.2318824639396772,0.34959632410193087,U8,MN8014,23.996917530805575,4.162223973998196,WPG,SSPG,0.10700926960851231,0.3666439459431679,0.20010561986625416,-1.437525039467688,5,-4.482965020953785,996.9,4.0,39.3
0.2315998859164179,0.34972992299545536,U8,MN8014,23.98987507725455,4.166900544018864,WPG,SSPG,0.10705049390941027,0.3664262224312017,0.2000144318861682,-1.4384562413282485,4,-4.486283377078882,997.1,3.9,39.3
0.23210033421975146,0.3496368471678528,U8,MN8014,23.986686991165715,4.162778410807427,WPG,SSPG,0.10699893660598107,0.3666454508786884,0.20002126261124517,-1.437629184280274,5,-4.4841349944721465,996.8,4.0,39.3
0.23220358014317663,0.3496642179623905,U8,MN8014,23.989163494995903,4.159906195783204,WPG,SSPG,0.10698711986058057,0.36679774568813595,0.20000170092966227,-1.4397490984199393,6,-4.4798674984527445,996.8,4.0,39.3
0.2320872455911126,0.34968051993558025,U8,MN8014,23.98550600105676,4.1625324686201886,WPG,SSPG,0.10701396239531952,0.3667367707462661,0.20000006105899756,-1.4385763805705967,3,-4.483102542017292,997.0,4.0,39.2
0.2317870436094833,0.3497757097543348,U8,MN8014,23.979092626754632,4.162659052974654,WPG,SSPG,0.10710578958367878,0.36660607266654793,0.2000128117356048,-1.43902791261884,0,-4.4869063728655885,997.1,3.9,39.2
0.2315324313646731,0.3498166775401999,U8,MN8014,23.98109804486854,4.162031356173417,WPG,SSPG,0.10722539261425365,0.3662616299898645,0.2000508209626272,-1.4391239137381762,3,-4.48704844215931,997.1,3.9,39.2
0.23170159223731862,0.3497385479082348,U8,MN8014,23.98497940787459,4.162937790845689,WPG,SSPG,0.1072439812190539,0.36630119485994156,0.2000055498750693,-1.4408124379601492,1,-4.471610853419895,996.5,3.9,39.2
0.23168760247568287,0.349765216301842,U8,MN8014,23.98228613279333,4.159123984408565,WPG,SSPG,0.10719501343278624,0.3666325378643396,0.20003816562317203,-1.4429272453368027,0,-4.485111398421383,997.0,3.9,39.1
0.2316200329501454,0.3498164295560105,U8,MN8014,23.9788201933909,4.158283955217194,WPG,SSPG,0.10748278751116,0.36618063551352453,0.2000403212078127,-1.4416382850373086,7,-4.484597904411778,996.8,3.9,39.2
0.2317243754130905,0.349774541634495,U8,MN8014,23.986153212960104,4.1619049514030735,WPG,SSPG,0.1072396281496708,0.3664871798203305,0.2001013180723695,-1.4442114078526693,1,-4.478489848826113,996.6,3.9,39.2
0.2318682747112447,0.3498484464718896,U8,MN8014,23.97632095021426,4.158178204752552,WPG,SSPG,0.1073598055658128,0.3666967949048397,0.20019320336720778,-1.446422789467355,6,-4.485409793586031,997.0,3.9,39.1
0.23218655529254364,0.34964975395947795,U8,MN8014,23.98291424760622,4.1646466024989275,WPG,SSPG,0.1070371453582461,0.3669036811336456,0.20020174333618798,-1.4539572176364959,3,-4.481545726099933,996.0,3.9,39.0
0.23160864504272224,0.34982933502582286,U8,MN8014,23.978714309219985,4.1610596419763315,WPG,SSPG,0.10730205955275043,0.3664344548377207,0.20054557969467857,-1.4498338077714072,7,-4.4797409222275935,996.6,3.9,39.0
0.23260921284999475,0.3496659754156402,U8,MN8014,23.991237138202077,4.164683389552847,WPG,SSPG,0.10705195587139357,0.3673067624253572,0.2000302785395166,-1.4484397593122296,7,-4.485620806440014,996.3,4.0,39.1
0.23241329464070964,0.34963663430016423,U8,MN8014,23.98620244924003,4.1652941538185715,WPG,SSPG,0.10708939364940434,0.3669763490820297,0.20026590951952064,-1.4534702911786448,1,-4.484677427574113,995.9,3.9,39.0
0.23242614103682802,0.34963002396173826,U8,MN8014,23.9941474027901,4.163672006259577,WPG,SSPG,0.10715591693204257,0.36691788703690126,0.20000528957567626,-1.4487324049503192,4,-4.478592632382133,996.3,4.0,39.2
0.23202197178248002,0.3497629348240583,U8,MN8014,23.98448453253564,4.163953194502385,WPG,SSPG,0.10730083823892543,0.3664769331392928,0.20000763994662088,-1.4431514741137197,0,-4.478228417175304,996.5,4.0,39.2
0.2322858986526512,0.3496946585984046,U8,MN8014,23.98906477790798,4.159482347823349,WPG,SSPG,0.10733503676664079,0.366643904045748,0.20000127141533972,-1.447556453457244,7,-4.467177684947947,996.1,4.0,39.2
0.23246055699911877,0.34965845881569446,U8,MN8014,23.98340724176029,4.1577076337347405,WPG,SSPG,0.10732979712269275,0.36672775671206065,0.2000764933313268,-1.4524670206931272,6,-4.479854005567969,996.0,4.0,39.1
0.23220823672044177,0.3497513262112424,U8,MN8014,23.986359217104887,4.156777930155314,WPG,SSPG,0.10771648988259527,0.36662782148129774,0.20002674741413032,-1.4494907027639823,5,-4.486055798838784,996.3,4.0,39.1
0.23141984748435057,0.3498301264476849,U8,MN8014,23.987890210415923,4.157759507665377,WPG,SSPG,0.10792762657398813,0.3659014690729131,0.2000174947406078,-1.4464505858516972,1,-4.483500918620624,996.6,4.0,39.1
0.2319988035205983,0.3497646163792067,U8,MN8014,23.995645745275134,4.1597781278100125,WPG,SSPG,0.10756031073459249,0.3665305720400823,0.20002230799526782,-1.4492169855719108,4,-4.486208609299307,996.3,4.0,39.1
0.23207121143163473,0.3498385099292292,U8,MN8014,24.000626159864364,4.158412767863995,WPG,SSPG,0.10758438450068639,0.3663013924103937,0.20005308459874782,-1.4532165154031407,5,-4.472932763856013,995.9,3.9,39.1
0.23259986670908822,0.34964230120800033,U8,MN8014,24.004104956525698,4.1570942382401475,WPG,SSPG,0.10776830907478921,0.36653838334790956,0.2000183483713882,-1.454583736429828,0,-4.4862075699923185,995.2,4.0,39.1
0.23276242393469812,0.3497273190395778,U8,MN8014,23.999492597096715,4.151448491275472,WPG,SSPG,0.10775164137369334,0.3666725029843123,0.20000013500655217,-1.446450434531026,5,-4.482229648421921,996.5,4.0,39.3
0.23199280671354192,0.3498727647841008,U8,MN8014,23.985742205057687,4.1505610963952275,WPG,SSPG,0.10779844247340589,0.36644916501498964,0.2003326128928602,-1.4572484573571336,3,-4.47880170471146,996.3,3.9,39.0
0.23317766315318747,0.3497396054959452,U8,MN8014,23.99562663857965,4.150358241631636,WPG,SSPG,0.10760277071646884,0.36687225237830107,0.20010021835021843,-1.4612344734469438,5,-4.480919842125456,995.5,3.9,39.0
0.23268957584508543,0.34976496834878745,U8,MN8014,24.00523930802467,4.157969521953217,WPG,SSPG,0.10758388488295272,0.3666438700928983,0.20000349836119097,-1.4532417591305202,5,-4.48205497916471,995.9,3.9,39.1
0.23259518155535144,0.34985299499648814,U8,MN8014,23.997194151731378,4.160579108994463,WPG,SSPG,0.10731703954891267,0.3666394038206694,0.20021970696411245,-1.4483874514537218,3,-4.487124354721251,996.4,3.9,39.2
0.2330264417944889,0.3497774858281257,U8,MN8014,23.99200484948994,4.157910460179793,WPG,SSPG,0.10728633502852747,0.3668914014895158,0.20041006057161506,-1.455163969941474,6,-4.48426700379164,996.0,3.9,39.1
0.23277198217279357,0.34970181681411916,U8,MN8014,23.996701646616234,4.15776863557961,WPG,SSPG,0.10727528787476687,0.3667516207273602,0.20000561156337743,-1.4461390923546829,6,-4.479721517858151,996.2,4.0,39.3
0.2324786119161154,0.3498145807850742,U8,MN8014,23.997322131207994,4.158760400424788,WPG,SSPG,0.10737859976665931,0.36664790088185684,0.20034966885260402,-1.4548913512524368,4,-4.4820185960465935,996.2,3.9,39.1
0.23239992163866993,0.34984044881978044,U8,MN8014,24.00153851236711,4.159503440260209,WPG,SSPG,0.10713145269953084,0.3670794683912452,0.2004870551470599,-1.4543866981740854,3,-4.481120064059265,996.5,3.9,39.0
0.23259269123201354,0.34977083634019374,U8,MN8014,24.000870084619862,4.158672115066047,WPG,SSPG,0.10715863793831643,0.3670279843732897,0.20052341452916084,-1.4524907779865712,7,-4.479730123996472,996.3,3.9,39.1
0.23268243584381493,0.3497496645687714,U8,MN8014,24.001657310824225,4.158867580368891,WPG,SSPG,0.10719212028117539,0.367005079093095,0.20013910142572394,-1.4556442671021723,4,-4.476018690058739,995.7,3.9,39.1
0.2322458634719937,0.34972094964597106,U8,MN8014,23.9991026853193,4.1604041692330425,WPG,SSPG,0.10716186541120643,0.36673190329303573,0.20002543671032208,-1.450844853689245,5,-4.476553852279409,995.8,3.9,39.2
0.23197858269383292,0.3498683841653578,U8,MN8014,23.9880769059612,4.157717184143238,WPG,SSPG,0.10732356522229924,0.3664873667016894,0.20043984727642794,-1.4525443615785558,5,-4.4822951800845505,996.2,3.9,39.1
0.23251058810979758,0.34978437554596054,U8,MN8014,23.98764725227747,4.156289200129604,WPG,SSPG,0.10733756150907857,0.36660650082151525,0.20027176755350848,-1.4536818075851978,6,-4.4847915691436615,995.7,3.9,39.1
0.2329571509692462,0.34971936284472255,U8,MN8014,23.998691721270422,4.158289934906306,WPG,SSPG,0.1073322492395217,0.3666999841670774,0.20026619953465094,-1.4598485262188667,2,-4.480566905718534,994.8,3.9,39.0
0.23274256218987915,0.34977240729712117,U8,MN8014,23.99574132596196,4.1593759599850095,WPG,SSPG,0.10733112139307764,0.3665018738084627,0.20027577067445773,-1.4547423864451938,1,-4.4825236263464845,995.2,3.9,39.1
0.23285871962072863,0.34975707020373137,U8,MN8014,23.995618881644393,4.159873401174434,WPG,SSPG,0.10730315335621103,0.36688184417503794,0.20026947008477847,-1.45562035750109,0,-4.481846505024778,995.3,3.9,39.1
0.23287171593938633,0.3497932391350008,U8,MN8014,23.99449261022852,4.159224389679836,WPG,SSPG,0.10735370915510947,0.36675949668213415,0.2001870776938561,-1.452322684596683,5,-4.484796284844457,995.6,3.9,39.2
0.23322438451600846,0.3497387722435404,U8,MN8014,23.996830168901013,4.158453001305321,WPG,SSPG,0.1072497788478182,0.36715744199405365,0.20007069565439548,-1.452527380928694,0,-4.477933531538623,995.5,3.9,39.2
0.2332411266455403,0.34977803792641815,U8,MN8014,23.99414759215184,4.157339938689476,WPG,SSPG,0.10748607612320968,0.36694462270239386,0.2000668516108908,-1.4517040219883426,4,-4.4851182793083595,995.5,3.9,39.3
0.23286176453166482,0.349808299407775,U8,MN8014,24.001957210771483,4.162665577396852,WPG,SSPG,0.10737995722586183,0.36682257611304314,0.200262046386012,-1.4592844723971843,1,-4.4778799191556455,995.0,3.9,39.1
0.23331451655182156,0.34977605453548954,U8,MN8014,23.990476095681537,4.161292992086396,WPG,SSPG,0.10727733171380181,0.36704022617679355,0.20020914844200843,-1.4592186539054992,1,-4.471101756292477,994.7,3.9,39.1
0.23296475323514815,0.3497422282135912,U8,MN8014,23.999977273515718,4.162422096182272,WPG,SSPG,0.10724876760154511,0.36670436257477296,0.2003793067761006,-1.4627498428682142,7,-4.481033457091398,994.4,3.9,39.0
0.2327360450274433,0.3497246563151537,U8,MN8014,24.008058121088872,4.164995717307367,WPG,SSPG,0.10741124172927052,0.36631141295559877,0.2001359732749457,-1.4611890120779125,7,-4.483401024377059,994.3,3.9,39.0
0.23282454334716618,0.3497520831994375,U8,MN8014,23.999897188736416,4.1685679946348655,WPG,SSPG,0.10718798807081695,0.3662457986545019,0.20037771414547786,-1.4608024926522736,6,-4.482338821416983,994.3,3.9,39.0
0.23316173076086222,0.3496543870001183,U8,MN8014,24.00190317537698,4.164941753061091,WPG,SSPG,0.1072059690361226,0.36677284174866087,0.20036823176363944,-1.4658344160166492,0,-4.481380770644268,994.0,3.9,38.9
0.23319419210913514,0.3495855783277072,U8,MN8014,23.99883874955665,4.172064724346194,WPG,SSPG,0.10715801615236728,0.3663013386100181,0.20011666044579718,-1.4651564586627763,7,-4.4758611200348515,993.2,3.9,39.0
0.23275713335691395,0.349638972988799,U8,MN8014,23.992697723064314,4.167294351777908,WPG,SSPG,0.10740022149114312,0.36643947580413705,0.20011930687220655,-1.4648758742253425,4,-4.480249442390015,993.9,3.9,38.9
0.2331374690160305,0.34957691836783134,U8,MN8014,23.990623589009743,4.166783468767013,WPG,SSPG,0.1074762664890194,0.3664265857250689,0.20016959927067368,-1.4662770483344145,3,-4.480298036397297,993.5,3.9,38.9
0.23279295491148708,0.3496283471673922,U8,MN8014,23.999771616245827,4.174356567550531,WPG,SSPG,0.10744539903659511,0.3664997989190746,0.20010115625528244,-1.4615864534825427,7,-4.477459555193759,993.8,3.9,39.0
0.23273349333669224,0.3496052689943702,U8,MN8014,23.989425820472594,4.1716390958446885,WPG,SSPG,0.10760130803322862,0.36598759639691225,0.20004417717109896,-1.4589758043243908,6,-4.480638808706411,993.7,3.9,39.0
0.23228916429778568,0.34963607007387665,U8,MN8014,23.98123483446487,4.17075776967157,WPG,SSPG,0.10772682722897034,0.36576518754444964,0.2001022069056563,-1.4527889323111967,4,-4.47273080913725,994.5,3.9,39.1
0.23238819421820642,0.34956108117141205,U8,MN8014,23.98821213491238,4.17342569134778,WPG,SSPG,0.10724019975747101,0.36590129965644913,0.20004871883482092,-1.4542998019454763,6,-4.478575513541816,993.7,3.9,39.1
0.23234404451055807,0.3496199320960311,U8,MN8014,23.997472672672455,4.165602351785168,WPG,SSPG,0.10742040673833157,0.36625099162897945,0.20000439268585085,-1.449679791840369,7,-4.479126688194096,994.6,3.9,39.2
0.23244688202275385,0.34955443502443106,U8,MN8014,23.99232815294066,4.170461808135352,WPG,SSPG,0.10728051640085914,0.36637096823840204,0.20003000977397817,-1.4567993447671046,3,-4.478954712670458,994.1,3.9,39.0
0.23220861167208667,0.34946338373776176,U8,MN8014,23.995805723948216,4.17359994540392,WPG,SSPG,0.10693400158391303,0.36652009843267025,0.20008581902095285,-1.458839050699692,3,-4.482101894787915,994.3,3.9,38.9
0.23188731569947682,0.3496735606880831,U8,MN8014,23.991898210134185,4.168101345795264,WPG,SSPG,0.10718737085320312,0.36612775289855337,0.20021441687306216,-1.4549065180390637,0,-4.482132518042469,994.8,3.9,39.0
0.23223907887102124,0.3495299151728307,U8,MN8014,23.98066227307204,4.1639186968147905,WPG,SSPG,0.10734413919587965,0.36636297776776355,0.20000046947129244,-1.4489606590681325,7,-4.475361840266983,994.9,4.0,39.1
0.2311847667332249,0.34975207483746584,U8,MN8014,23.980427538467204,4.166614821553073,WPG,SSPG,0.10758014118142101,0.3659958240728299,0.20027559739882483,-1.4502696631127368,2,-4.477474702906386,995.6,3.9,39.0
0.23171256709261756,0.34954508859994426,U8,MN8014,23.98335104460572,4.163200288624761,WPG,SSPG,0.10766887835103994,0.36590719929271576,0.20000520260611954,-1.449888756691651,2,-4.479364380241092,995.0,4.0,39.1
0.23148426423659088,0.3497280117457314,U8,MN8014,23.993116575873163,4.165820008004749,WPG,SSPG,0.10735120329031472,0.3663287612801693,0.20017155887336394,-1.4544401493206824,4,-4.474663111188443,995.4,3.9,38.9
0.23185714452838477,0.3496247104302028,U8,MN8014,23.987198097824805,4.165801005332011,WPG,SSPG,0.10749947976031574,0.36615723076867673,0.20000164642065688,-1.4506475227439266,6,-4.4818836158975,995.3,3.9,39.1
0.2310552986134372,0.3496741557848315,U8,MN8014,23.98546663520884,4.16929460288161,WPG,SSPG,0.10771318514203881,0.36552254707328924,0.20000087023548124,-1.4468092064714155,4,-4.485304559805066,995.2,3.9,39.0
0.23133705419764794,0.34965658973957386,U8,MN8014,24.00344527739594,4.168470732685273,WPG,SSPG,0.10769080789815422,0.36576052093261907,0.20000026017623734,-1.4459952305030468,5,-4.482905550503766,995.3,4.0,39.1
0.2307724465968514,0.3496871538597202,U8,MN8014,23.987241743777446,4.169572889538638,WPG,SSPG,0.10737839849407904,0.3653212857147334,0.20004291220246825,-1.4420177187364933,4,-4.474698942850745,995.3,3.9,39.0
0.23094908970509745,0.3496911961562368,U8,MN8014,23.99789089826653,4.165779863051528,WPG,SSPG,0.10755418875812953,0.3654096125349667,0.2000641557552085,-1.4459739169947972,1,-4.487422513359114,995.5,3.9,39.0
0.2306759726847182,0.34969224828583484,U8,MN8014,24.00467761614751,4.1724758396023605,WPG,SSPG,0.10755121123538786,0.36537660830675467,0.20000003946806272,-1.4470904873889272,6,-4.484003543437797,995.4,3.9,39.0
0.23012155422876204,0.3498562638162612,U8,MN8014,24.00809460512414,4.170862523653594,WPG,SSPG,0.1077116677512518,0.364897969964873,0.2000206021478159,-1.4429182834734475,3,-4.478579138619235,995.7,3.9,39.1
0.2305296136025241,0.3498677777486418,U8,MN8014,23.992680545748318,4.169918094854917,WPG,SSPG,0.10758670350713788,0.36545431758709845,0.20006898427414316,-1.4378459955209673,0,-4.484967461872479,996.4,3.9,39.2
0.2309328225535702,0.34968403276553084,U8,MN8014,23.99599651629991,4.172276129193171,WPG,SSPG,0.10745918342667651,0.3655125515594639,0.2000658054944947,-1.4312331547926953,7,-4.487928704918723,996.0,4.0,39.3
0.23137257808747014,0.34955955631938773,U8,MN8014,24.015526114213234,4.173501947199361,WPG,SSPG,0.10720811792886023,0.3661854240369701,0.20012036922156945,-1.4379799668585243,5,-4.4855173220176034,995.7,4.0,39.2
0.2309490889382663,0.34971938945704045,U8,MN8014,24.004061080546975,4.1696682006879655,WPG,SSPG,0.1071286401839545,0.3660068190280776,0.20001091681531366,-1.4311866600287582,5,-4.479938752705088,996.7,4.0,39.3
0.2312224327876584,0.34952142978258,U8,MN8014,24.016661234033904,4.178323271903333,WPG,SSPG,0.10704088484459345,0.36621311806606505,0.20018395776698744,-1.4306915931402837,0,-4.488135491049464,996.3,4.0,39.3
0.23126906063953873,0.34957065406746,U8,MN8014,24.024314772716306,4.178349877359847,WPG,SSPG,0.10723681226711494,0.3660608587411768,0.20010368289500896,-1.441497248608828,6,-4.480782592655276,995.4,3.9,39.2
0.2313179540796895,0.349561589868961,U8,MN8014,24.01787364785157,4.1766110304278845,WPG,SSPG,0.10740452790361796,0.36595979045855576,0.2002219272077018,-1.4344758664993904,3,-4.486997684840857,995.7,4.0,39.3
0.23138254470204772,0.3496954685922946,U8,MN8014,24.01463599160181,4.174554446361536,WPG,SSPG,0.1070648479996662,0.36638286483038335,0.2000010828432291,-1.4318081518588262,2,-4.489639332560445,996.4,4.0,39.3
0.23116019113891598,0.34972095433296346,U8,MN8014,24.012781054875273,4.174153033057932,WPG,SSPG,0.10742459223780437,0.3661061491487875,0.20002558617153945,-1.4320019747218078,0,-4.480583528506106,996.6,4.0,39.3
0.2308562047366647,0.34975626855879716,U8,MN8014,24.016035798383168,4.175279201892689,WPG,SSPG,0.10728356799117611,0.36581350974751226,0.20011566809299788,-1.4214552111657888,3,-4.484609805478902,997.2,4.0,39.5
0.231423155749547,0.34969279844565804,U8,MN8014,24.008610237078724,4.177157306034708,WPG,SSPG,0.1072743637378702,0.36592387290555334,0.20008918146158947,-1.4277065198746637,1,-4.481455632025407,996.5,4.0,39.4
0.23116730749049552,0.34964941153736145,U8,MN8014,24.01232194062868,4.173976439617466,WPG,SSPG,0.10738575129580757,0.366027556895069,0.2002602723344522,-1.4236761652677241,2,-4.4746639040698835,996.8,4.0,39.5
0.23065849822784248,0.3497760591678639,U8,MN8014,24.021547625614183,4.179674826545594,WPG,SSPG,0.10735250321861572,0.3655213743014919,0.2004088535480285,-1.4218812399976448,0,-4.4791649909305224,997.0,4.0,39.5
0.23059611519578524,0.34981674503343263,U8,MN8014,24.020750606068756,4.176162650755494,WPG,SSPG,0.10728375110179744,0.3655890597269589,0.20013235972936966,-1.419917933872648,2,-4.490668451190924,997.3,4.0,39.5
0.23101346774184706,0.3497559485971025,U8,MN8014,24.016254238008287,4.173513797664538,WPG,SSPG,0.1072621451577159,0.3656523028449754,0.20017468081002618,-1.423889915936132,2,-4.490920279843364,997.3,4.0,39.5
0.23033008925139975,0.349776310994326,U8,MN8014,24.019641205376466,4.176320321485203,WPG,SSPG,0.10735168467812009,0.36523306458921,0.20016183629708037,-1.4176412299862933,7,-4.480839468797965,997.3,4.0,39.5
0.23041499537382043,0.3497786477076638,U8,MN8014,24.01226458573677,4.170266582009174,WPG,SSPG,0.10752720708475955,0.3650961737241496,0.2001902261201245,-1.4228731122858727,5,-4.488011621841206,996.7,4.0,39.4
0.23006907118797984,0.34990680018772896,U8,MN8014,24.012521671350285,4.170008174999386,WPG,SSPG,0.1075796031686285,0.36498971980550543,0.20007439026903184,-1.421714057062769,5,-4.482174112579552,997.2,4.0,39.5
0.2308231746352621,0.34978679280724445,U8,MN8014,24.014774687605918,4.171264209583191,WPG,SSPG,0.10715864215658398,0.36573268032296347,0.20005805623550268,-1.4252676471157708,2,-4.489624106688892,997.0,4.0,39.4
0.23083838407856658,0.34987099039079805,U8,MN8014,24.009530901555106,4.1654694724320995,WPG,SSPG,0.10724485547450346,0.36559172960290803,0.20000000242296245,-1.427831616048793,7,-4.491089869305382,997.0,4.0,39.3
0.23038634959171855,0.349924357773869,U8,MN8014,24.014090781780475,4.172522448370802,WPG,SSPG,0.10718092975760887,0.365410901474165,0.2000104451938846,-1.4232783035169934,6,-4.488501689340788,997.3,4.0,39.4
0.23032909189026027,0.3498834611326934,U8,MN8014,24.00272707274976,4.164783617830719,WPG,SSPG,0.10717627428663722,0.3654497648918783,0.20002101938335415,-1.4237478470345102,2,-4.488400986950456,997.4,4.0,39.4
0.23026793232793447,0.34992956945649883,U8,MN8014,24.018073461737885,4.16588016454711,WPG,SSPG,0.10748296034025648,0.36530379178961464,0.20013849640072978,-1.4178131866229056,0,-4.490642478726842,997.8,4.0,39.5
0.23085994424838943,0.34984250765835817,U8,MN8014,24.016807802409346,4.162166531077033,WPG,SSPG,0.10718850004058071,0.36586795800992716,0.2001522877151364,-1.4228144078916203,6,-4.486309581873666,997.3,4.0,39.5
0.23079884253806437,0.3498007023744554,U8,MN8014,24.01107162349653,4.163961949183484,WPG,SSPG,0.10733634404967904,0.3653015506669092,0.20035332724562815,-1.4237931058445819,4,-4.485769390576337,996.7,4.0,39.5
0.23063316347644996,0.3498479031397644,U8,MN8014,24.012465477520823,4.161638486848203,WPG,SSPG,0.10738225688416203,0.3653751708866653,0.20022727928852133,-1.426870865089286,1,-4.486373975591933,996.8,4.0,39.4
0.23006809674376483,0.34985932138828263,U8,MN8014,24.022556418106017,4.167797714964429,WPG,SSPG,0.10745672767801528,0.36472962260589176,0.20051641820379934,-1.4205918874576349,2,-4.4848509780632355,997.0,4.0,39.5
0.2305160748678734,0.3497357739300794,U8,MN8014,24.025319761446006,4.168447328541652,WPG,SSPG,0.1073677829077927,0.36504269068330825,0.20054465884817416,-1.4290371131021224,0,-4.4798379500108645,995.9,4.0,39.4
0.2306097046617409,0.3498420875482289,U8,MN8014,24.02335533695253,4.165441957719746,WPG,SSPG,0.10746639927368482,0.3650545396038878,0.20010343956759802,-1.4271935496135735,5,-4.479525936021831,996.5,4.0,39.4
0.23064569769359816,0.349855340656585,U8,MN8014,24.029668443307475,4.1648088047870155,WPG,SSPG,0.10763334472860656,0.3652498572656335,0.2002710539045572,-1.4253592172360987,7,-4.484156481461412,996.6,4.0,39.5
0.2305288990094418,0.34987467111959136,U8,MN8014,24.02326176444054,4.160883230194819,WPG,SSPG,0.10767602404412316,0.3652847025092295,0.20019648657008485,-1.4280140109954211,1,-4.485907439783935,996.6,4.0,39.5
0.230879140969025,0.34979067232572636,U8,MN8014,24.016376169359486,4.1633059428053,WPG,SSPG,0.10731716792591298,0.3651344110080464,0.20019507294473618,-1.4304501007181307,6,-4.485881380769106,995.9,4.0,39.4
0.23062136894670765,0.3498291475437327,U8,MN8014,24.028542886750348,4.164258906541744,WPG,SSPG,0.10746670956161275,0.3650638025590135,0.2001989959008256,-1.4285887389911602,0,-4.487429847692253,996.3,4.0,39.5
0.23027436489781034,0.3499152240426287,U8,MN8014,24.022936401720617,4.164822739577703,WPG,SSPG,0.107572685924781,0.3650215946691228,0.20017759523430884,-1.420982515284413,1,-4.489382861411068,997.1,4.0,39.5
0.2305661430765117,0.3498966297963725,U8,MN8014,24.019273995089094,4.168828870613471,WPG,SSPG,0.10747775290615035,0.3649929153148525,0.20013444777800724,-1.4234386446119418,4,-4.482949851396086,996.8,4.0,39.5
0.23053413961875577,0.3498137007988184,U8,MN8014,24.02470672957611,4.171003634818906,WPG,SSPG,0.10718085169654129,0.3651151250339018,0.20020239695767908,-1.4245317494684921,5,-4.48809527069351,996.5,4.0,39.5
0.23050145354185952,0.34985299450248775,U8,MN8014,24.022974200667758,4.170828701586259,WPG,SSPG,0.1072543929928788,0.364938320564168,0.20010464976925066,-1.4240667154404762,7,-4.487754953862812,996.8,4.0,39.5
0.23064157779035027,0.3498744449047286,U8,MN8014,24.019006196718657,4.172673616283782,WPG,SSPG,0.10731370721947667,0.3650896923440557,0.2001419964279755,-1.4251205056254483,2,-4.487115423777267,996.7,4.0,39.5
0.23064318310673057,0.3498778763443268,U8,MN8014,24.01996975017129,4.171864244052857,WPG,SSPG,0.10727771499712704,0.3650462576556541,0.20006083911973244,-1.425650256493443,1,-4.484528241731539,996.8,4.0,39.5
0.23054409685649732,0.34984985176076105,U8,MN8014,24.029298474398583,4.171128901303871,WPG,SSPG,0.10720369054182677,0.3651192921809617,0.20009453979449013,-1.4261788260287493,4,-4.490172901669343,996.8,4.0,39.4
0.2306283007022749,0.3498224786488696,U8,MN8014,24.016006444121096,4.173101265263897,WPG,SSPG,0.10726514068450481,0.36511421017066975,0.20010590888685495,-1.424419134657742,7,-4.4896274042836914,996.7,4.0,39.4
0.23052158726649008,0.34978921351233455,U8,MN8014,24.025870212058827,4.172547848208267,WPG,SSPG,0.10708653451459668,0.3651707766380988,0.20012879353300794,-1.4258013860519603,3,-4.489447771739194,996.7,4.0,39.4
0.23066930150624243,0.349834700960195,U8,MN8014,24.025221497252435,4.170928333839201,WPG,SSPG,0.10728595600120354,0.36519208301635075,0.20006313393733746,-1.4265659648800733,5,-4.485943223677918,996.8,4.0,39.4
0.2311785271250141,0.3496729571207835,U8,MN8014,24.02886745703304,4.170146827006716,WPG,SSPG,0.10706540449708585,0.36565924657620913,0.20014452324722143,-1.4329247311176507,3,-4.488376983399943,996.0,4.0,39.3
0.23090135017685448,0.3497790257642278,U8,MN8014,24.03007498321706,4.169190561548743,WPG,SSPG,0.10735371369033031,0.36533681291248965,0.20024508460865648,-1.4297657170526308,1,-4.48882512943846,996.3,4.0,39.4
0.23076778995576253,0.34976471355096106,U8,MN8014,24.03041638933877,4.17104386679995,WPG,SSPG,0.10739392608836587,0.36524122964506056,0.20028439622632876,-1.4304004824251302,1,-4.485263948390241,996.1,4.0,39.3
0.23081839584034372,0.3498251559497736,U8,MN8014,24.033822481037,4.170197762339201,WPG,SSPG,0.1073266490574725,0.3653031368902985,0.2001520167055698,-1.426824772498476,2,-4.491821410288665,996.5,4.0,39.4
0.23071431342782925,0.3498059991100994,U8,MN8014,24.042919815923366,4.1695401371055025,WPG,SSPG,0.10731352579290909,0.36512812895404284,0.20030616449203933,-1.4265102578013649,1,-4.490655679419355,996.3,4.0,39.4
0.2309909289845496,0.3497056900804061,U8,MN8014,24.041874456597462,4.16892460344336,WPG,SSPG,0.10724630345706691,0.36517111477267933,0.20054746080654973,-1.4306144076264664,6,-4.485535965997942,995.8,4.0,39.4
0.23130996665774708,0.3496167265505906,U8,MN8014,24.048443243162264,4.174342413453134,WPG,SSPG,0.10715178735362073,0.3651228838352878,0.20048923411823638,-1.4339878490662574,3,-4.486044110459085,995.4,4.0,39.4
0.23054434816767622,0.34977312419470297,U8,MN8014,24.04435916163093,4.166178201961923,WPG,SSPG,0.10749320440846548,0.3647386231374643,0.20039240288328056,-1.4333192459789617,6,-4.484374570995405,995.8,4.0,39.4
0.23056477819913118,0.34975314322099216,U8,MN8014,24.036741824528335,4.167292015633705,WPG,SSPG,0.10736212819641602,0.3647451624996508,0.20020628565822268,-1.4339182393200502,5,-4.48113793591622,995.9,4.0,39.3
0.23062890856091517,0.34972895639496676,U8,MN8014,24.045122254290533,4.1676981070538845,WPG,SSPG,0.10754740443584535,0.36478397154144193,0.2003709163377013,-1.4323876543427767,3,-4.478929642116929,995.6,4.0,39.4
0.230106155546418,0.34978880415757463,U8,MN8014,24.044530040670065,4.170824153213268,WPG,SSPG,0.10769560732001035,0.3643804373931495,0.20028014319005505,-1.4322878745892695,7,-4.476787838142691,995.6,4.0,39.3
0.23049343752339427,0.3497196767267323,U8,MN8014,24.036302615453977,4.174134294772712,WPG,SSPG,0.10738974585640793,0.3648033165498976,0.2001103476186539,-1.4363215392519462,7,-4.4865403320825035,995.4,4.0,39.3
0.23041057344829075,0.34975074577690346,U8,MN8014,24.031744164446888,4.1719630357204895,WPG,SSPG,0.10738887443030543,0.3643182579270324,0.20017065602491152,-1.4354749783608032,5,-4.486994351750585,995.2,4.0,39.2
0.2305786030667168,0.3497239515303694,U8,MN8014,24.04242932167705,4.176617992329561,WPG,SSPG,0.10702893197385265,0.3648638946968809,0.20004992554656217,-1.4367284890010021,1,-4.490388386209581,995.3,4.0,39.2
0.23095108758274413,0.34966388024084033,U8,MN8014,24.035581374437967,4.1746074414061285,WPG,SSPG,0.10715823317332068,0.36492860083796125,0.20011647196739663,-1.4350317018737713,1,-4.483476340645133,995.2,4.0,39.3
0.2304802735946306,0.34978055554634885,U8,MN8014,24.02913736891966,4.174667956899493,WPG,SSPG,0.10713118456052068,0.3646396725386836,0.20000130806138963,-1.4319405354984622,6,-4.49099013512847,995.8,3.9,39.3
0.23014811169500934,0.3498181306575634,U8,MN8014,24.04065210191406,4.174755776704259,WPG,SSPG,0.10754125784374118,0.364523131917543,0.20002410984942906,-1.4340545936526088,4,-4.485197294250462,995.1,3.9,39.3
0.22990713189769468,0.3497784158973649,U8,MN8014,24.043126512158285,4.1758160261978245,WPG,SSPG,0.10740022759477469,0.36438614916978834,0.2000575725147797,-1.4324659599420921,6,-4.4870981166581245,995.4,4.0,39.3
0.22994049120302462,0.3498076853091554,U8,MN8014,24.044898968222757,4.169904392414427,WPG,SSPG,0.1076814632029776,0.36436895358042126,0.20020055237254358,-1.4262754549603496,0,-4.479672534291122,996.0,4.0,39.4
0.230539153400139,0.3497366006429561,U8,MN8014,24.040131631491555,4.173648021030536,WPG,SSPG,0.10752632881370003,0.364518492754785,0.20012246365587633,-1.4348142507030364,0,-4.485606504672386,994.9,4.0,39.3
0.2303179591944471,0.3497485644670177,U8,MN8014,24.037823897157264,4.177273788671017,WPG,SSPG,0.10749970937438935,0.36442202172718036,0.200022476017436,-1.4335031101516904,5,-4.478128275720202,995.3,4.0,39.2
0.2303423213539953,0.3496683378539638,U8,MN8014,24.04337696133558,4.178007768169959,WPG,SSPG,0.10742607719018524,0.3645376501276316,0.2000542036019114,-1.4352210565700174,2,-4.488526321222745,994.8,4.0,39.2
0.23100816035615782,0.3495674140459972,U8,MN8014,24.043455458374844,4.177638507418272,WPG,SSPG,0.10713304920201994,0.3651261507068004,0.20006732991604065,-1.4370078884930608,1,-4.490712473791241,994.7,4.0,39.2
0.23071490654616644,0.34969051624524605,U8,MN8014,24.03799120495613,4.176824343534321,WPG,SSPG,0.10729338031772684,0.3646152996820103,0.20000672464337046,-1.4364998783892566,2,-4.490410303635244,994.7,3.9,39.2
0.23090197843022492,0.3495499863575616,U8,MN8014,24.046074145225546,4.176782668559566,WPG,SSPG,0.10725234814451233,0.3647557491551365,0.20009307090257605,-1.4392323430166762,7,-4.488297427890711,994.0,4.0,39.2
0.23086632404111698,0.34967571096851835,U8,MN8014,24.023560950803034,4.173463802915977,WPG,SSPG,0.10725509063708598,0.36511334704031195,0.2000074978160661,-1.4371441856493528,1,-4.48199337927757,994.9,4.0,39.2
0.23086204914755623,0.3496456076498401,U8,MN8014,24.032968226773683,4.1755750490030294,WPG,SSPG,0.10731496749507533,0.36486561892477387,0.20001512854586354,-1.434453481164817,1,-4.4846516333250825,994.7,4.0,39.3
0.23076996341660366,0.3496295356235816,U8,MN8014,24.03721381726527,4.174660718729992,WPG,SSPG,0.10715221105496973,0.36504295804255044,0.2000089497099024,-1.4373043027612558,1,-4.489293042803343,994.5,3.9,39.2
0.2311507135311341,0.3495856074849988,U8,MN8014,24.03006672649996,4.176187117045694,WPG,SSPG,0.10703856489106853,0.3654864066329319,0.20000262542753502,-1.4379190698980147,2,-4.488478337686368,994.6,3.9,39.2
0.2313541500258397,0.3494808540311639,U8,MN8014,24.04507656403912,4.178847198822375,WPG,SSPG,0.10691305559985387,0.3654370511484984,0.20009809250977795,-1.4385730565847148,4,-4.488721918754736,994.0,3.9,39.2
0.2312587554318887,0.34944717616073906,U8,MN8014,24.043012125142738,4.177648465903167,WPG,SSPG,0.10703120532432839,0.3654098125669667,0.2000749386294531,-1.437446908521016,1,-4.483771254771572,993.9,3.9,39.2
0.23093785155282257,0.349593153985479,U8,MN8014,24.04314892088993,4.176054320170768,WPG,SSPG,0.10715793730256726,0.36526491109848236,0.20003936615868956,-1.434438646646556,1,-4.483766685284561,994.2,3.9,39.3
0.23123553789968032,0.3495853038619323,U8,MN8014,24.03638178085451,4.172476963247535,WPG,SSPG,0.10716423754508542,0.3653062985762461,0.20006245135664524,-1.4342173471242181,4,-4.489766368386027,994.4,4.0,39.3
0.23130335192736562,0.34952080729903234,U8,MN8014,24.044273193399075,4.172069209388013,WPG,SSPG,0.10713703836801051,0.3656762009363833,0.20012444642209168,-1.4337377362836634,1,-4.490125056559041,994.3,4.0,39.3
0.23087525840017575,0.3497017378809811,U8,MN8014,24.045754878083756,4.171880848910423,WPG,SSPG,0.10729219421989289,0.36529032517818405,0.2001709681401069,-1.4269861154961507,1,-4.489987929458849,995.1,4.0,39.4
0.23083145537298755,0.3496309866813562,U8,MN8014,24.037127806974382,4.175805282704655,WPG,SSPG,0.10721499705426271,0.3649827732798857,0.20020747292953114,-1.4321866357035378,2,-4.4793911680517216,994.6,4.0,39.3
0.23107488819924893,0.3495539415864648,U8,MN8014,24.034882306079044,4.179310250247987,WPG,SSPG,0.10714649247002599,0.36523891066430925,0.20006614095014089,-1.432497099723722,6,-4.48299998444079,994.5,4.0,39.3
0.2309223690848119,0.3495930998066671,U8,MN8014,24.037243523548156,4.17458338084915,WPG,SSPG,0.1072262853427485,0.3652988146247095,0.20000884117334783,-1.430890952646861,6,-4.482243543505765,994.7,3.9,39.3
0.2307157530897288,0.3496873566028734,U8,MN8014,24.044671506196817,4.1761931166125,WPG,SSPG,0.10733631231523094,0.3648845851617789,0.20006629412773067,-1.4304504699723088,6,-4.4798382618006,994.7,4.0,39.4
0.23079552419786775,0.3496637456753169,U8,MN8014,24.040501862582662,4.176522151789911,WPG,SSPG,0.10735403027033699,0.3648397982597221,0.20005017163504119,-1.432609332092896,3,-4.478605666731024,994.4,3.9,39.3
0.23090473353203528,0.34959619005440445,U8,MN8014,24.04897470635753,4.177164875318354,WPG,SSPG,0.10714804530069935,0.3649462061016127,0.2000589079888348,-1.4342808483927403,2,-4.483245735413538,994.2,3.9,39.3
0.23098283979393738,0.34956334723102594,U8,MN8014,24.049045295231338,4.174299317613123,WPG,SSPG,0.10722720033277766,0.36503668493753116,0.20015343016301118,-1.4338029481957368,0,-4.4850526863211115,994.3,4.0,39.3
0.23108920220375073,0.3495812913993515,U8,MN8014,24.044480015169533,4.175037959992271,WPG,SSPG,0.10718789989014124,0.3650320543753146,0.20007044113356523,-1.434678404777458,3,-4.489052495313183,994.1,4.0,39.3
0.23107360044546763,0.3496742254668373,U8,MN8014,24.043290350214836,4.170030900979977,WPG,SSPG,0.10728467561619012,0.36518538665279,0.20005835547471265,-1.4306636959842025,0,-4.4873202227994735,994.9,4.0,39.4
0.23101436402304895,0.3496797544788163,U8,MN8014,24.047660870930518,4.174299808376368,WPG,SSPG,0.10724472288752165,0.36496698162443364,0.20009471634367157,-1.4317859483489168,1,-4.489996657939706,994.6,4.0,39.4
0.23121665391293272,0.34959489297625973,U8,MN8014,24.045733121384284,4.173710908193569,WPG,SSPG,0.10714937070389141,0.36526514638068197,0.2001115676283286,-1.4343181869865258,1,-4.487087193526147,994.3,4.0,39.4
0.2308400020139285,0.34964275898716396,U8,MN8014,24.048006566503997,4.174984425455282,WPG,SSPG,0.10721113188734122,0.3647631443142063,0.2000534262552024,-1.4368192073290604,7,-4.4877297923734645,994.0,4.0,39.3
0.23081979848335982,0.3496115202460397,U8,MN8014,24.04950599673787,4.170067798149824,WPG,SSPG,0.10729382878808917,0.3649937382194057,0.20015540708689597,-1.433766589803167,2,-4.484389179630737,994.3,4.0,39.3
0.23121687437232974,0.34953356119382306,U8,MN8014,24.041969485402745,4.173473053513182,WPG,SSPG,0.10704671610325067,0.3652121805722974,0.20003605151289153,-1.4366870219408798,6,-4.488035565147449,993.8,4.0,39.3
0.2311237823490868,0.3495883990808554,U8,MN8014,24.040970869622438,4.17000566899169,WPG,SSPG,0.107199585053015,0.365071772364156,0.20011477420245777,-1.438381591986648,5,-4.485346434569545,993.7,4.0,39.3
0.23136845072961015,0.34947252055599887,U8,MN8014,24.031613566982738,4.173704127944172,WPG,SSPG,0.10704765036157574,0.3652245228777521,0.2000120595023432,-1.4397613113732308,0,-4.479469099036708,993.6,4.0,39.3
0.23120093948610973,0.34943199257231417,U8,MN8014,24.03600750635308,4.175628139969852,WPG,SSPG,0.10696071443674432,0.36522717359871093,0.2000131479919367,-1.4402932464997162,5,-4.4875660768759875,993.7,4.0,39.2
0.23147437415638236,0.34940739320563474,U8,MN8014,24.03295793321952,4.1742861958204305,WPG,SSPG,0.10676875608412122,0.3652706830070405,0.20001577819552432,-1.44387609809742,5,-4.483414238138284,993.4,4.0,39.2
0.2316022925711204,0.34931570362467806,U8,MN8014,24.036184488514774,4.175302805388967,WPG,SSPG,0.10669132786990086,0.3655476364101265,0.20002555059647562,-1.4427268058981393,5,-4.48657910305346,993.4,4.0,39.2
0.23167788988602533,0.3493787088455467,U8,MN8014,24.033709369743956,4.174281311972964,WPG,SSPG,0.10672703921296334,0.36560243385921354,0.20000003860521612,-1.4440346437665257,0,-4.486693113030707,993.4,4.0,39.2
0.2319002193208721,0.3492415178385176,U8,MN8014,24.043501737033885,4.1756305522512704,WPG,SSPG,0.10653477083378529,0.3658993893457939,0.2000511670777207,-1.4417721171185796,4,-4.489095847445606,993.3,4.0,39.2
0.23213401347196821,0.34924531473153086,U8,MN8014,24.03752390041567,4.172764331408346,WPG,SSPG,0.10652785816439683,0.36613578417185644,0.2000043737562751,-1.441552075707369,6,-4.487690767686875,993.3,4.0,39.3
0.23166685049456737,0.3493690293232292,U8,MN8014,24.038211576432698,4.173507985778334,WPG,SSPG,0.10664415241689199,0.36557609721162626,0.20000250407063686,-1.440413840641085,3,-4.486671729489853,993.6,4.0,39.3
0.23221293975378765,0.34917168298415074,U8,MN8014,24.038429196770345,4.171361131491435,WPG,SSPG,0.10657733766928865,0.3661567218524494,0.2000012582393339,-1.4426766596443632,7,-4.476611877726169,993.1,4.0,39.2
0.2319602312316723,0.34932010458106605,U8,MN8014,24.034461452426918,4.17126319916488,WPG,SSPG,0.1066251827497321,0.36590849155086863,0.20001280781066,-1.4400096305835284,0,-4.48756394901849,993.9,4.0,39.3
0.23212069720568604,0.34921011081341363,U8,MN8014,24.03360583366627,4.170859218979127,WPG,SSPG,0.1065976406058882,0.36595819907403115,0.20000771730230127,-1.4429911064556162,0,-4.483140133065492,993.3,4.0,39.3
0.23175165921877378,0.34927061791236347,U8,MN8014,24.044966669791798,4.173169052468109,WPG,SSPG,0.10667970381325156,0.36558989426973415,0.20002943115193408,-1.441841720842191,6,-4.483910913570487,993.2,4.0,39.2
0.23218015748742377,0.3490747623205572,U8,MN8014,24.03847368041909,4.173032111835095,WPG,SSPG,0.1064800945174891,0.3660461883676366,0.2000207035474228,-1.445754442745471,5,-4.484634732092356,992.6,4.0,39.2
0.2321698086913211,0.34921269704931096,U8,MN8014,24.035408367246525,4.172366502568246,WPG,SSPG,0.10662988540997073,0.3658469438345193,0.2000123233693387,-1.4435714502835388,4,-4.480934611589586,993.1,4.0,39.2
0.2321983866755538,0.34907962663332087,U8,MN8014,24.030483558508333,4.171909232210224,WPG,SSPG,0.10644413705329739,0.3659589093775044,0.2000136659208913,-1.446715058713531,5,-4.469642598828225,992.5,4.0,39.2
0.23210810599700074,0.349223760680066,U8,MN8014,24.03042930554124,4.172417511908367,WPG,SSPG,0.10646143998792762,0.3658922493514696,0.20000373800223606,-1.4450282786240818,3,-4.484648722536628,993.0,4.0,39.2
0.23231988138895715,0.3491381383968625,U8,MN8014,24.02902984996061,4.171277134092578,WPG,SSPG,0.1063656025651879,0.3659971789392418,0.20000162925076603,-1.4446219729352117,7,-4.4842407694117625,992.7,4.0,39.2
0.23223427846532332,0.349198160011445,U8,MN8014,24.03353714437318,4.171123847790772,WPG,SSPG,0.10651347575668535,0.3658220339638655,0.2000087303182282,-1.4453836389621428,1,-4.469987713662892,992.7,4.0,39.2
0.2322672017511075,0.3491662645605205,U8,MN8014,24.031482656271454,4.172069424517194,WPG,SSPG,0.10643837104622927,0.3659719032848345,0.20000007969052247,-1.445004959799944,0,-4.486251927538888,992.7,4.0,39.2
0.23214869124573895,0.3492024024133708,U8,MN8014,24.03029539057435,4.169323146943018,WPG,SSPG,0.10652383038900609,0.3657783334875859,0.20000103499861832,-1.444734279283876,1,-4.470520266121365,992.6,4.0,39.2
0.2318782071467872,0.3493011331874452,U8,MN8014,24.03426997964736,4.166951146220465,WPG,SSPG,0.10667461743428733,0.36576314837892976,0.2000138005241542,-1.4435056965245792,5,-4.482203350745076,993.0,4.0,39.2
0.23173746416026683,0.3492710630027634,U8,MN8014,24.033727318962114,4.166311040043923,WPG,SSPG,0.10677009409242286,0.36542980580841483,0.20005090207645967,-1.4469779750542224,1,-4.481719876014749,992.4,4.0,39.2
0.23204814959304998,0.34910780408060144,U8,MN8014,24.037410711233978,4.169449269682622,WPG,SSPG,0.10663597104773176,0.3658130457205147,0.2000496543706759,-1.446483389825434,5,-4.48440685827334,992.3,4.0,39.2
0.23191948353240044,0.3491738954065551,U8,MN8014,24.03629843871591,4.171043808103944,WPG,SSPG,0.10671639372381511,0.3656166960496485,0.2000136029126917,-1.44494412218486,7,-4.4830280525221955,992.6,4.0,39.2
0.23172977072208267,0.34927571848011607,U8,MN8014,24.03829230604934,4.171489507125534,WPG,SSPG,0.10689369677561349,0.36530969050956946,0.2000351384972662,-1.444932982633093,1,-4.4765008005854146,992.6,4.0,39.2
0.23210597078396802,0.3491851552446984,U8,MN8014,24.038136243249667,4.169793457206568,WPG,SSPG,0.10687823046578226,0.36556980619359386,0.20007565566312516,-1.4458587155032145,2,-4.473652197970024,992.4,4.0,39.2
0.23221183562289663,0.34926546267108965,U8,MN8014,24.037989434095543,4.1675079448571575,WPG,SSPG,0.10688209119540071,0.3655553179838104,0.2000561445925914,-1.4448163764592354,7,-4.482870306141075,992.8,4.0,39.3
0.2323576141800008,0.3491227487519079,U8,MN8014,24.032321968423386,4.169556225045382,WPG,SSPG,0.10656341806058497,0.3658352157812444,0.2000229545556739,-1.446817389576222,3,-4.484728036661833,992.6,4.0,39.2
0.2324526972009595,0.3490613967183161,U8,MN8014,24.036425176328077,4.1724526936769255,WPG,SSPG,0.10642846344610687,0.3662108482161984,0.200030547348367,-1.443284403447766,1,-4.482723529934249,992.7,4.0,39.3
0.23218242970675476,0.34920960713372,U8,MN8014,24.036974892061547,4.169649730222088,WPG,SSPG,0.10673315236410139,0.36609232292945554,0.20003385167158452,-1.4399711584018258,4,-4.486620406334884,993.4,4.0,39.3
0.2323568252096516,0.3491040755764752,U8,MN8014,24.04073171987001,4.1733723063787345,WPG,SSPG,0.10647265620681062,0.36626523280954015,0.20001052391104268,-1.444432980583668,3,-4.486008592459724,992.8,4.0,39.2
0.23204604149996155,0.349187822962885,U8,MN8014,24.042166585809323,4.171725546305672,WPG,SSPG,0.10674911086077488,0.36584453637538883,0.20004511002436393,-1.443752413769677,4,-4.486539939184535,992.8,4.0,39.2
0.23212963490745708,0.3491702048751096,U8,MN8014,24.038261567931652,4.171693414255172,WPG,SSPG,0.10670108613157805,0.3659322580457474,0.20001488245732332,-1.444657599493011,0,-4.4846934680551485,992.7,4.0,39.2
0.2322209912484732,0.34911496426708827,U8,MN8014,24.04570291103238,4.171240110136992,WPG,SSPG,0.10672801750088615,0.36595000658523086,0.2000607856913966,-1.4444726683109064,3,-4.4804751593950165,992.5,4.0,39.3
0.2322569377484216,0.3490748959608439,U8,MN8014,24.04616907346742,4.173376919857612,WPG,SSPG,0.10665351841024928,0.3661999902608722,0.20003286420241562,-1.443221769671359,3,-4.486776084818803,992.7,4.0,39.2
0.23189486152969846,0.34919557307082594,U8,MN8014,24.047134805977414,4.173691105407842,WPG,SSPG,0.10688365467210574,0.36593300795196115,0.2000615483089384,-1.4414971444280793,3,-4.482989078665238,992.8,4.0,39.3
0.23227756356052945,0.3491199276201889,U8,MN8014,24.048233544089964,4.1746353584015825,WPG,SSPG,0.1066815182559776,0.36604826131612045,0.20002053031216044,-1.4426362533987904,7,-4.48616719248907,992.7,4.0,39.3
0.2321969887701998,0.34917234406855624,U8,MN8014,24.047768474785084,4.174437849870794,WPG,SSPG,0.10665116432707547,0.3658817376830428,0.2000023708810377,-1.4440230383090087,7,-4.486378390925635,992.6,4.0,39.2
0.23209044391266115,0.3491699077220819,U8,MN8014,24.043259021335075,4.175508861364013,WPG,SSPG,0.10653379461291348,0.36576663478479543,0.2000088038419363,-1.4463286601309193,2,-4.484487437210015,992.2,4.0,39.2
0.23221635079029534,0.349141224678253,U8,MN8014,24.049828153444647,4.177959979044349,WPG,SSPG,0.10663973369093659,0.36597193148961127,0.20001608943539206,-1.4449608422569054,0,-4.487775873722269,992.4,4.0,39.2
0.23208888515885395,0.3492003346129255,U8,MN8014,24.039726287402882,4.174494525866433,WPG,SSPG,0.10669304106194277,0.3657747686631551,0.2000079732743564,-1.4464480688688233,0,-4.478983130320188,992.5,4.0,39.2
0.23178758133704863,0.34932014298287806,U8,MN8014,24.041865670685105,4.175985236603372,WPG,SSPG,0.10687239899294557,0.36564281946768623,0.2000055931569257,-1.4418727286916777,1,-4.482121795032265,992.9,4.0,39.2
0.23173665162130014,0.3492921264660877,U8,MN8014,24.046642054943284,4.173392667549912,WPG,SSPG,0.10684058537115397,0.3656444570112955,0.20001102705620397,-1.4425080245164654,0,-4.484183082551127,992.9,4.0,39.2
0.23162556306786988,0.34930483899926235,U8,MN8014,24.04129753682185,4.172851721450956,WPG,SSPG,0.10685188629605702,0.3655402421444428,0.20000253251511768,-1.444299419038941,6,-4.4748049966738215,992.6,4.0,39.2
0.23146985186483132,0.34942314577322575,U8,MN8014,24.038697016905644,4.175392807176986,WPG,SSPG,0.10694518740123408,0.36519851095083977,0.20001561154624456,-1.4408244452719572,4,-4.483236317784042,992.8,4.0,39.2
0.23146029149544398,0.3494406842307695,U8,MN8014,24.03956182500599,4.1719631433809115,WPG,SSPG,0.10681742760912963,0.3655181969002568,0.20003569875750107,-1.4390467385640937,5,-4.486558796174039,993.3,4.0,39.3
0.23145090159278275,0.3494385445718689,U8,MN8014,24.039601029299206,4.173724700428165,WPG,SSPG,0.10695503884045704,0.36544193791048807,0.20000208120052185,-1.4381352963912015,5,-4.486026430787886,993.3,4.0,39.3
0.23127342614611804,0.3495093231376367,U8,MN8014,24.038272607480398,4.1697132108322865,WPG,SSPG,0.10707002251176037,0.3651827873037923,0.20000251861127127,-1.4394867658278285,2,-4.483814571855005,993.2,4.0,39.3
0.2313572822465289,0.3494358301260545,U8,MN8014,24.040394582082275,4.172745561824128,WPG,SSPG,0.10690968093884276,0.36534455784773456,0.20001735436090953,-1.4394792313215556,2,-4.481204492435987,993.3,4.0,39.2
0.23153322916387709,0.349371486231043,U8,MN8014,24.03973218573196,4.171187559177383,WPG,SSPG,0.10680443316319402,0.3655383846399359,0.2000015787385686,-1.4394885283895158,2,-4.485128796461673,993.4,4.0,39.3
0.23157264554606663,0.3493709760917383,U8,MN8014,24.035919299714227,4.171960919745633,WPG,SSPG,0.106837630240015,0.36569852360187916,0.20002162842177892,-1.4392446873799358,6,-4.4855656791123835,993.2,4.0,39.2
0.23160938712432472,0.349297408660891,U8,MN8014,24.03247444215279,4.172634326911866,WPG,SSPG,0.10671462204765442,0.36590430540859087,0.20001321076392198,-1.4390012058003907,5,-4.485306432402304,993.3,4.0,39.3
0.2319880533611243,0.34910346329746805,U8,MN8014,24.03052594505614,4.173429307893261,WPG,SSPG,0.10661540977599535,0.36600627508390404,0.2000254162831664,-1.444245703003943,3,-4.4809226969759735,992.4,4.0,39.2
0.2319945726270587,0.349103868679463,U8,MN8014,24.030959451124605,4.173680020550688,WPG,SSPG,0.10665176133315055,0.3661081460135378,0.20000300358320913,-1.4418196019496063,1,-4.485642739533045,992.5,4.0,39.2
0.23159960175700817,0.34928217415356344,U8,MN8014,24.0269286671609,4.175661265384692,WPG,SSPG,0.10669193307559026,0.36583959155183465,0.20004375221317441,-1.4399826735279113,7,-4.485520350357,993.0,4.0,39.2
0.2314106417017593,0.3493629793280274,U8,MN8014,24.023433491480745,4.171538372451857,WPG,SSPG,0.1068219342443345,0.3654718972775682,0.20003831411799822,-1.4395313454053862,7,-4.480731294188741,993.1,4.0,39.2
0.23155703485251242,0.3492597881743835,U8,MN8014,24.028439120913365,4.173651619689763,WPG,SSPG,0.10683550202942013,0.36542229657392733,0.2000127123792133,-1.4421470461456147,7,-4.47858492598688,992.6,4.0,39.2
0.23153557347964737,0.3492444969430098,U8,MN8014,24.022716861706993,4.172426548904612,WPG,SSPG,0.10676571667731063,0.3656224227956506,0.20003177649439502,-1.4409010940661957,4,-4.483172183244104,992.8,4.0,39.2
0.2315989250208518,0.34914140274644456,U8,MN8014,24.02677288579922,4.170950714469749,WPG,SSPG,0.10667969488654147,0.36554226936227263,0.2000002711621287,-1.4435092848542528,3,-4.480082963432356,992.4,4.0,39.2
0.23190171190846098,0.34902258959468907,U8,MN8014,24.02420160005839,4.170987042325329,WPG,SSPG,0.10658145262383131,0.3659581128016282,0.20000910846212333,-1.4435787886995644,1,-4.48359434319622,992.3,4.0,39.2
0.23151089837688787,0.34922583197435564,U8,MN8014,24.02805286543804,4.166486279822329,WPG,SSPG,0.10681506831124055,0.3653698098557856,0.20000003089728252,-1.4421691746612744,3,-4.480846591348207,992.7,4.0,39.2
0.2319134828762481,0.34908972493069435,U8,MN8014,24.02689033106505,4.1699719353802545,WPG,SSPG,0.10663713849722228,0.36582691099506726,0.2000035224721136,-1.4429238097340733,7,-4.485856645886194,992.6,4.0,39.2
0.2320137681164518,0.3491858660405401,U8,MN8014,24.027765603431515,4.167501652795875,WPG,SSPG,0.10657082843368242,0.3656098907595089,0.20000635221274737,-1.444221665030263,0,-4.485013010626101,992.5,4.0,39.2
0.23191295786481983,0.349193735403643,U8,MN8014,24.034152464956914,4.168820477918985,WPG,SSPG,0.10672223120779804,0.365511416955532,0.2000017940383099,-1.4457217432443272,0,-4.4695005799739675,992.3,4.0,39.2
0.23207582985739178,0.3491207592637861,U8,MN8014,24.03511169869372,4.169691634969621,WPG,SSPG,0.1066483103916003,0.36563580307681043,0.20000277414460635,-1.447481709425249,5,-4.478919158108093,991.9,4.0,39.2
0.23197293917241052,0.3490759791393294,U8,MN8014,24.035829308796945,4.168483636360272,WPG,SSPG,0.10664922133541083,0.3654771555009931,0.20000196573496196,-1.448195520324982,1,-4.481113973667041,991.6,4.0,39.1
0.2322981894546011,0.3489153344958384,U8,MN8014,24.031567864858356,4.166109742685465,WPG,SSPG,0.10665536740487956,0.3657751282286945,0.20000230674138775,-1.4501998014336042,5,-4.48111053309453,991.2,4.0,39.1
0.232110454542445,0.3490332987491363,U8,MN8014,24.033146462808432,4.1683468972383135,WPG,SSPG,0.10658372406472913,0.36545147728929583,0.2000059958967886,-1.4510882670529575,4,-4.480939111254502,991.1,4.0,39.1
0.23182207598590912,0.3490505406667892,U8,MN8014,24.04073794136383,4.169261331803832,WPG,SSPG,0.10658903239657347,0.36549982213562165,0.2000046629239822,-1.4489094522462571,5,-4.480305665995356,991.5,4.0,39.1
0.23191719523574744,0.34897063839146425,U8,MN8014,24.035235999263946,4.168008745518318,WPG,SSPG,0.10660249425264329,0.3657593996370445,0.20000159851196475,-1.4473516856407715,1,-4.482925991577108,991.5,4.0,39.1
0.23203879730570015,0.3490318012381955,U8,MN8014,24.03348170579607,4.1671045436147365,WPG,SSPG,0.10666613301243011,0.3657508711813003,0.20000554112781613,-1.447174558649196,6,-4.470601256774193,991.7,4.0,39.2
0.23177010799809095,0.3491286977463085,U8,MN8014,24.03805542837433,4.169293907494096,WPG,SSPG,0.1067270620720562,0.36541358227673293,0.2000046670223777,-1.4475295506643127,7,-4.477512074158717,991.6,4.0,39.1
0.23181715087778745,0.34905781346256715,U8,MN8014,24.03158904406116,4.167957647832692,WPG,SSPG,0.10662772359957468,0.36542937767457706,0.2000321970548808,-1.4476980140649394,3,-4.483785504337085,991.6,4.0,39.1
0.23188377815706898,0.3490330138647673,U8,MN8014,24.03194939870079,4.168874692115099,WPG,SSPG,0.10660470178823683,0.365529194372752,0.20003137585784986,-1.4486903215365872,4,-4.482718176136704,991.5,4.0,39.1
0.23176546629016948,0.34915220661541,U8,MN8014,24.03456688324055,4.165851194309406,WPG,SSPG,0.10668792870951532,0.3654152381496417,0.20005640146922973,-1.447770326069949,3,-4.483874220827303,991.6,4.0,39.1
0.2315293979277473,0.3492867056902942,U8,MN8014,24.038029941233745,4.1674221533109135,WPG,SSPG,0.10681754639474866,0.36518945467541297,0.20002914373248395,-1.4466581400201932,5,-4.481875875580453,992.0,4.0,39.1
0.23169800356844114,0.3491623878999518,U8,MN8014,24.036679658672043,4.165735870777329,WPG,SSPG,0.10677475791436314,0.3653402601763753,0.20001916256087302,-1.4472240549159832,2,-4.4808444170895765,991.7,4.0,39.1
0.23176723944993555,0.3491872670430825,U8,MN8014,24.036338508276835,4.166448745925438,WPG,SSPG,0.10662565568757369,0.36540784827271305,0.20008941136681357,-1.4478882415427359,3,-4.482024413136665,991.9,4.0,39.1
0.23174772442661035,0.3492434336284286,U8,MN8014,24.03851511384637,4.16550277426462,WPG,SSPG,0.10676429049018435,0.36540534036206224,0.20002796546461124,-1.4464208130765444,2,-4.482249292468099,992.2,4.0,39.2
0.23159794936072242,0.34931923356827826,U8,MN8014,24.042234885658306,4.164447009520687,WPG,SSPG,0.1068272799726601,0.36532250078216183,0.20005085356482866,-1.4458216257747625,7,-4.481618482195778,992.3,4.0,39.2
0.23175925319518487,0.3491856128422709,U8,MN8014,24.037199224980846,4.166046620499657,WPG,SSPG,0.10676982327372728,0.36539880970426536,0.2000240880614904,-1.4476897073999797,1,-4.4733736891934,992.0,4.0,39.1
0.23166798660888377,0.34926847268244343,U8,MN8014,24.037717388413157,4.16519785410779,WPG,SSPG,0.10679198232153758,0.36536170060138046,0.2000180005786341,-1.4464443439424783,6,-4.483532778925898,992.2,4.0,39.2
0.23174850886728393,0.34924808005697827,U8,MN8014,24.038143494113175,4.165554114387561,WPG,SSPG,0.10675043555375305,0.36543943044806293,0.2000318460076015,-1.4464549142072793,6,-4.481074516349572,992.1,4.0,39.2
0.23171564933356775,0.34926649175842583,U8,MN8014,24.035859656296864,4.165405788697208,WPG,SSPG,0.10677000749034082,0.36532982431382316,0.20003714414019094,-1.4475686153359917,7,-4.480306682222853,991.9,4.0,39.1
0.2316018159865696,0.3492946344983925,U8,MN8014,24.037943831857145,4.165672656415639,WPG,SSPG,0.10681729014473365,0.3652595762185148,0.20003496599049034,-1.44770606831975,1,-4.482431267118658,992.0,4.0,39.1
0.23165744713860104,0.34931322677311416,U8,MN8014,24.039311221259492,4.166214000262044,WPG,SSPG,0.10682535919462069,0.3653255351412398,0.20006035466421154,-1.4477101036124869,2,-4.480507143633503,991.9,4.0,39.1
0.23151943208267048,0.34939581327707947,U8,MN8014,24.039329166670107,4.164398768845658,WPG,SSPG,0.10687338942155887,0.36525411193332574,0.20005806827696793,-1.4455670442263535,5,-4.481504944964383,992.5,4.0,39.2
0.23153758655916695,0.3493909225820308,U8,MN8014,24.038989166663605,4.164990496480904,WPG,SSPG,0.1068921491670276,0.36524727102383214,0.2000760076110027,-1.44510942238097,7,-4.483918798757566,992.4,4.0,39.2
0.23144865529014805,0.34940760092878537,U8,MN8014,24.042551022611022,4.165022518552977,WPG,SSPG,0.10691425599623877,0.36518732974699436,0.20005993124072766,-1.4450311790678705,7,-4.4811863953209805,992.6,4.0,39.2
0.23152822142925222,0.34939467834900295,U8,MN8014,24.04293201311663,4.164428491077771,WPG,SSPG,0.1069514528533132,0.36519491450316716,0.2000496573411182,-1.4451729147457995,0,-4.484088793343233,992.5,4.0,39.2
0.23154738129870708,0.34941466351952377,U8,MN8014,24.043758696921337,4.163605340594599,WPG,SSPG,0.10693042094590574,0.3651816716606593,0.200043698288898,-1.4451038089975252,7,-4.482570097189402,992.6,4.0,39.2
0.23164267811617317,0.3493777995990104,U8,MN8014,24.04093895336225,4.164679420691153,WPG,SSPG,0.10684509635726316,0.36525904727823294,0.20005416101876936,-1.445457918645595,5,-4.484889443522478,992.4,4.0,39.2
0.23144095772846085,0.34938475029735194,U8,MN8014,24.04131724218731,4.164169720429749,WPG,SSPG,0.10687947617158491,0.36513955057461217,0.20005893222454987,-1.4471947771991294,5,-4.484170701363448,992.2,4.0,39.1
0.23159354213055064,0.34934549009336685,U8,MN8014,24.042726794018655,4.163872365354066,WPG,SSPG,0.10679916887278922,0.36532250450057324,0.2000441262897856,-1.4456688049259367,6,-4.479330545825466,992.3,4.0,39.2
0.2315776163337647,0.34925870891920346,U8,MN8014,24.038906180409402,4.165587376117158,WPG,SSPG,0.10671951531991891,0.36531696920328055,0.20004256587235578,-1.4478230826934482,0,-4.479627110709714,991.9,4.0,39.1
0.23179048455968262,0.34919177580787986,U8,MN8014,24.03895292044064,4.166358548584835,WPG,SSPG,0.10665006391003862,0.3654169142706599,0.20004264623873674,-1.448356443562722,6,-4.482496020369924,991.7,4.0,39.1
0.2315421985516931,0.3492832119346543,U8,MN8014,24.041825181737174,4.166709684842734,WPG,SSPG,0.10673287302004417,0.36533243922127445,0.20004592989378714,-1.4459836318374042,5,-4.482264682584756,992.2,4.0,39.2
0.2317169503732387,0.3492634849839568,U8,MN8014,24.04239348523874,4.1668645383138,WPG,SSPG,0.10673239949047678,0.3653191604174306,0.2000460984803787,-1.4476552402534713,5,-4.483113679751142,991.8,4.0,39.1
0.2315847564737639,0.3492550260138395,U8,MN8014,24.04302765672116,4.167815692182811,WPG,SSPG,0.10674816895488975,0.3652036852537615,0.2000402527254957,-1.4471229174250422,6,-4.484888868642406,992.0,4.0,39.1
0.23174026335129577,0.34923511269535557,U8,MN8014,24.042061620906438,4.167526288283842,WPG,SSPG,0.10669398410996465,0.3653611673589101,0.2000536085728774,-1.4476095862392113,5,-4.478744341462315,991.9,4.0,39.1
0.2315264260870778,0.3493346660480731,U8,MN8014,24.041069950797592,4.168292505654484,WPG,SSPG,0.10682400049816702,0.3651323036056018,0.20006647672236857,-1.4462220952850644,7,-4.485475532552238,992.1,4.0,39.1
0.23174493330735402,0.34924849830354315,U8,MN8014,24.042894457100925,4.166196002143033,WPG,SSPG,0.10666652582431313,0.36546513963949584,0.2000393622712991,-1.446049599245932,7,-4.475719282475062,992.1,4.0,39.2
0.23152394782832453,0.34935775906858274,U8,MN8014,24.042160054579266,4.16527479531843,WPG,SSPG,0.10685655995944915,0.3652187772042786,0.20005069605435105,-1.4444816142844497,1,-4.4806848375548505,992.4,4.0,39.2
0.23150481110259455,0.34934599361607765,U8,MN8014,24.042424943423022,4.16711158612899,WPG,SSPG,0.10679561040800262,0.3651876039076511,0.20004696172132375,-1.4445844349460064,7,-4.483846584653154,992.4,4.0,39.2
0.2315841268307319,0.34932992981616057,U8,MN8014,24.041943419717725,4.166083924455745,WPG,SSPG,0.10677789098108414,0.36521702906568787,0.20003274672303115,-1.4443925222501777,3,-4.4825735139757565,992.3,4.0,39.2
0.23140689005680043,0.34939405546579827,U8,MN8014,24.044985227625784,4.167416541983719,WPG,SSPG,0.10683334073764841,0.3650418852199532,0.20004082009311247,-1.4425419565137854,2,-4.481500959429816,992.5,4.0,39.2
0.23153909605165338,0.34927249996259874,U8,MN8014,24.041922295611556,4.166536100698776,WPG,SSPG,0.10676279597698815,0.364936538567349,0.20001942916800844,-1.447410615051737,6,-4.483326430594298,991.7,4.0,39.1
0.2314915211499206,0.34935650552774633,U8,MN8014,24.040992555805893,4.1676377657568064,WPG,SSPG,0.10678251344300731,0.3649662968662272,0.2000558624045435,-1.4445850185639009,2,-4.478153461477184,992.2,4.0,39.2
0.23157032585920254,0.34934405425302606,U8,MN8014,24.044522845023693,4.1661516214265655,WPG,SSPG,0.10684847615835458,0.3649586205428115,0.20001621299884045,-1.4448665889144765,4,-4.4797391967351885,992.1,4.0,39.2
0.23165594776296133,0.349307828985832,U8,MN8014,24.040025093398548,4.1654180440140465,WPG,SSPG,0.1068253218604267,0.36504095807725634,0.20002796113075705,-1.4455825256666257,3,-4.481931210581356,992.0,4.0,39.2
0.23166894993100218,0.34934795899852583,U8,MN8014,24.042827060880214,4.167972179147228,WPG,SSPG,0.10681947591991328,0.36509977195206805,0.20002323187110516,-1.4427641896650905,4,-4.486479713871875,992.3,4.0,39.2
0.23152045494724552,0.3493806669535111,U8,MN8014,24.044625863137714,4.166098777691411,WPG,SSPG,0.10689122516332836,0.3648491451510659,0.20000477359160262,-1.4434254860361488,6,-4.480150648058105,992.1,4.0,39.2
0.23172176835724756,0.3492651470181978,U8,MN8014,24.04356724722302,4.169790631077558,WPG,SSPG,0.10673236393683566,0.3650486378176228,0.20001199580849735,-1.4448116248903369,1,-4.482516112579344,991.7,4.0,39.2
0.23162351118004315,0.3492595661999805,U8,MN8014,24.043687194261135,4.168746468108878,WPG,SSPG,0.10678311564715767,0.3650448395048823,0.20001348405008232,-1.4443458259048758,1,-4.478237140370663,991.7,4.0,39.2
0.23152003312877378,0.34938262490190064,U8,MN8014,24.043810451350115,4.167017225043102,WPG,SSPG,0.10689449191579052,0.36484721053408675,0.20001414177869623,-1.4437777308716127,5,-4.483290622209868,992.1,4.0,39.2
0.23161961837972123,0.3493389970074096,U8,MN8014,24.042736442859123,4.167112821493447,WPG,SSPG,0.10682278150038993,0.36508910172836584,0.2000156603793793,-1.4424767075518805,6,-4.486088521178074,992.2,4.0,39.2
0.23173300232684704,0.34922596301985986,U8,MN8014,24.04491833255586,4.169214708910059,WPG,SSPG,0.1066436864079511,0.3651372928788067,0.20002333355524077,-1.4453477833477384,7,-4.481724771841495,991.5,4.0,39.2
0.23153232056424586,0.3493695144593804,U8,MN8014,24.04492268541477,4.166556695680783,WPG,SSPG,0.10687051664059857,0.36491043528657313,0.200030489465613,-1.443804985147349,4,-4.480601613601873,992.0,4.0,39.2
0.2318250443854332,0.3492095553017362,U8,MN8014,24.043926233796867,4.168122067907991,WPG,SSPG,0.10659553506685401,0.3651411837748846,0.2000127268132258,-1.445061150914777,7,-4.481598294407338,991.5,4.0,39.2
0.23170896862155452,0.34926565453139025,U8,MN8014,24.04526213011614,4.16740218494136,WPG,SSPG,0.10671873918036373,0.3651970808642302,0.2000115489310187,-1.4433477005097162,4,-4.48599040192345,992.0,4.0,39.2
0.23169868905575436,0.3492765181082214,U8,MN8014,24.045633686282553,4.170479652664731,WPG,SSPG,0.10669761069702169,0.3650269787226219,0.2000164826387808,-1.4445183038786946,3,-4.480554399240013,991.8,4.0,39.2
0.2315923354273397,0.34934664770960794,U8,MN8014,24.047656590598915,4.169572921687786,WPG,SSPG,0.10679229833905544,0.365077710227385,0.20002599699411808,-1.4425368817494826,3,-4.486628494070748,992.2,4.0,39.2
0.23143340616842298,0.3493675168692917,U8,MN8014,24.047105575198966,4.1681960299278815,WPG,SSPG,0.10688182112921457,0.3648166340833246,0.20001198892151717,-1.4431622663313102,7,-4.480379047352484,992.1,4.0,39.2
0.2313985795913836,0.34933603560792725,U8,MN8014,24.046505880925576,4.170880706587202,WPG,SSPG,0.10681847328183758,0.3648463727198728,0.20002589319570344,-1.4430419261317708,6,-4.479775700850789,992.0,4.0,39.2
0.23114874211065567,0.34948775551436206,U8,MN8014,24.04892812550971,4.168560865119191,WPG,SSPG,0.1070688276960316,0.36460534783343435,0.2000038363385593,-1.4392435405668682,2,-4.482492645417885,992.6,4.0,39.3
0.231227306941756,0.34944709078806474,U8,MN8014,24.04903346953603,4.1688947206922995,WPG,SSPG,0.10698760250846781,0.36480204700288654,0.20000656614169826,-1.4403832392468487,2,-4.471350784892197,992.6,4.0,39.3
0.2314311271870733,0.3493876595205363,U8,MN8014,24.04794667221896,4.169299837028092,WPG,SSPG,0.10690359826192572,0.36497656472714846,0.20002096558736868,-1.441778533619784,0,-4.484028576010957,992.4,4.0,39.2
0.23155923828271022,0.3493546540273876,U8,MN8014,24.048801791690433,4.168927775519332,WPG,SSPG,0.10683407281418048,0.36505350073068643,0.20001155217157504,-1.442062415732702,6,-4.482126222041897,992.3,4.0,39.2
0.23136006278106896,0.34941032796463534,U8,MN8014,24.049327512450486,4.169560477186837,WPG,SSPG,0.1069522000523968,0.3648634782525513,0.2000132340743413,-1.4410019739904425,2,-4.47477623688216,992.5,4.0,39.3
0.2315789646930946,0.349340432023865,U8,MN8014,24.04690578847797,4.169226490839407,WPG,SSPG,0.1069256579078021,0.36495904240505606,0.2000027186671563,-1.4420788391415649,5,-4.480697102435016,992.3,4.0,39.3
0.23168451902433287,0.34933142007787876,U8,MN8014,24.04789149421979,4.169044359365369,WPG,SSPG,0.10686837387516238,0.36497817769902396,0.20000146110580896,-1.4422317318820825,5,-4.483757015071902,992.2,4.0,39.3
0.23171925584541184,0.34927194864994526,U8,MN8014,24.048386864373406,4.1700442749774105,WPG,SSPG,0.10686905393047094,0.3650360688414769,0.20000242872091575,-1.4421673006751476,0,-4.483111361199716,992.0,4.0,39.3
0.23168566681422664,0.3492662350791492,U8,MN8014,24.049538395388765,4.168439080014475,WPG,SSPG,0.10684178066360553,0.3650385504983557,0.2000001176663947,-1.4421469645043192,7,-4.481563358659921,992.0,4.0,39.3
0.23171333567608357,0.3492791106890141,U8,MN8014,24.04872109206044,4.167879761945129,WPG,SSPG,0.10681971776862448,0.36522796838121985,0.20000005218399888,-1.4412888493948341,3,-4.4854272953759935,992.3,4.0,39.3
0.23171115949057694,0.34928500699580795,U8,MN8014,24.049086649923456,4.167962514459689,WPG,SSPG,0.1068805374781969,0.3650436201457815,0.20000013331278427,-1.4423733538022905,5,-4.482562115707362,992.0,4.0,39.3
0.23166273852291683,0.34933001351668536,U8,MN8014,24.048399324325302,4.1675390487166935,WPG,SSPG,0.10690504133847584,0.36503836312927324,0.20000003461163848,-1.4420392418821975,0,-4.477513714537164,992.1,4.0,39.3
0.2316346548564987,0.3493347579095883,U8,MN8014,24.04684103297405,4.168201066983318,WPG,SSPG,0.10691794371039373,0.3649710717272007,0.20000550796542696,-1.4433170325457634,0,-4.470318181940241,992.1,4.0,39.2
0.23138974289470063,0.34943128571518267,U8,MN8014,24.049500131136025,4.166484809774726,WPG,SSPG,0.10707132471559305,0.36483537545428285,0.20000170196313094,-1.4414972575308536,0,-4.475876067673154,992.7,4.0,39.3
0.23145982761391287,0.34937088379938025,U8,MN8014,24.049457204379713,4.1687680350906104,WPG,SSPG,0.10700712954767025,0.3648855538427335,0.2000007790187156,-1.4412600510487363,6,-4.477728532892144,992.4,4.0,39.3
0.23147189729505907,0.3494244250053171,U8,MN8014,24.04940944320386,4.166873056597844,WPG,SSPG,0.10711144811932713,0.3649330874708946,0.20000073568385876,-1.4387563767065736,0,-4.484140232125046,992.8,4.0,39.3
0.23158861879807902,0.3493508619147736,U8,MN8014,24.046258802888662,4.166814249501653,WPG,SSPG,0.10697648496216008,0.365066364326488,0.20000127972963605,-1.4396416430710033,3,-4.483959018855517,992.6,4.0,39.3
0.2314576056954254,0.34942554230907824,U8,MN8014,24.047229483897368,4.166093793961838,WPG,SSPG,0.10702796835230842,0.3649265342741715,0.20000072656039575,-1.439128059501277,0,-4.48519682880328,992.9,4.0,39.3
0.23143465993951048,0.3494095029171367,U8,MN8014,24.047511276214337,4.166398049271849,WPG,SSPG,0.10702093404442947,0.3650241839848042,0.20000139545585888,-1.4401611064929436,2,-4.482213106777381,992.8,4.0,39.3
0.2313548680821611,0.3494431405165647,U8,MN8014,24.04572880840178,4.165703824764354,WPG,SSPG,0.10711355398133182,0.36479561406494415,0.20000248465865708,-1.4421946888215753,0,-4.483551274553905,992.7,4.0,39.3
0.2312950443711466,0.34942544584327184,U8,MN8014,24.046604248366194,4.167855173778612,WPG,SSPG,0.10710811274393015,0.3648063702968744,0.20000014817144,-1.4406369455406756,4,-4.4743423807526455,992.6,4.0,39.3
0.23129402474921631,0.3494454771030789,U8,MN8014,24.046045084737173,4.168466020941552,WPG,SSPG,0.10713076451991357,0.36475127017589404,0.20000036080060526,-1.4412040551770984,4,-4.479222256616163,992.8,4.0,39.3
0.2314279921975946,0.34941796977050726,U8,MN8014,24.044008565077306,4.166450819396303,WPG,SSPG,0.10709654755953496,0.36476927510511115,0.2000035738159565,-1.4433649274793279,0,-4.476118237740298,992.6,4.0,39.2
0.2314155474853885,0.3493868380290298,U8,MN8014,24.04540390025288,4.1683860653224745,WPG,SSPG,0.10707380590879373,0.3647539545830699,0.20000027346682173,-1.4433431304172781,5,-4.477323437530259,992.6,4.0,39.2
0.23140116799659316,0.3493796225558613,U8,MN8014,24.044202493965624,4.16898312700404,WPG,SSPG,0.10704585664643118,0.36474201455455424,0.20000554906396156,-1.443370959119135,4,-4.48462809747825,992.3,4.0,39.2
0.23131679533565694,0.34937296181645383,U8,MN8014,24.044278380169455,4.1707181581003505,WPG,SSPG,0.10705475494517656,0.36477635047401846,0.2000132688981228,-1.443789383442558,3,-4.48212403113083,992.3,4.0,39.2
0.23133592675581793,0.3493907441971168,U8,MN8014,24.046419585715043,4.170392596450988,WPG,SSPG,0.10707507482995876,0.3647289655765887,0.20000472152757187,-1.4429273518729437,7,-4.482918895012185,992.2,4.0,39.2
0.23125425817366968,0.34941975794419977,U8,MN8014,24.044198557459165,4.169636790337775,WPG,SSPG,0.10706997480993741,0.36475031033895533,0.20001978710589868,-1.4440501439452909,0,-4.482515934827886,992.4,4.0,39.2
0.23137364887809853,0.3494154218048526,U8,MN8014,24.043070853175728,4.1687257487699165,WPG,SSPG,0.10714467049333923,0.3646898455451562,0.20001887161872042,-1.4427353122569564,2,-4.484917428355926,992.4,4.0,39.2
0.2313073474763685,0.3494422050666884,U8,MN8014,24.044463794807182,4.168649598704445,WPG,SSPG,0.10721569182827426,0.364628438911188,0.20001139168509197,-1.442019765529091,2,-4.482369624693236,992.5,4.0,39.2
0.23100581080062305,0.3495174158436465,U8,MN8014,24.047366955309737,4.168919854662984,WPG,SSPG,0.10720855030378981,0.3645589819198702,0.20000582229961134,-1.439714629555924,6,-4.482602995514327,992.8,4.0,39.3
0.2312478196115789,0.3494072124197156,U8,MN8014,24.04666739270452,4.169191358630793,WPG,SSPG,0.10715071084389588,0.36471185529597827,0.20000688638551062,-1.4429705745755037,1,-4.478976726456835,992.4,4.0,39.2
0.2312756562258792,0.3494326787728891,U8,MN8014,24.045019813868294,4.1684868148713194,WPG,SSPG,0.10717106909176663,0.3646144105400948,0.20001267980752926,-1.442314936777139,7,-4.484837675794433,992.5,4.0,39.2
0.23101375433359905,0.34953186386584245,U8,MN8014,24.047107852684302,4.168120978787211,WPG,SSPG,0.10731962678290294,0.3644746759497236,0.20000872934341116,-1.439117804326655,3,-4.484789756117255,993.0,4.0,39.3
0.23128245641022144,0.34943205903341173,U8,MN8014,24.04711413003259,4.168198867848037,WPG,SSPG,0.10716175233506942,0.36463636023727775,0.20001396833295046,-1.442420000174911,4,-4.482951564295892,992.5,4.0,39.2
0.23126878422754413,0.3494876149696414,U8,MN8014,24.046405142909084,4.167054622413017,WPG,SSPG,0.10724472558279845,0.36458349003346996,0.20000785068857727,-1.4393436677000067,6,-4.483896801984498,992.9,4.0,39.3
0.23106811853548628,0.3495900403085377,U8,MN8014,24.047039137342573,4.165116598440628,WPG,SSPG,0.107403945400001,0.36452035981600955,0.20000331066509328,-1.4365062874560481,7,-4.487726873858211,993.6,4.0,39.3
0.23122563383901362,0.34947840035158934,U8,MN8014,24.044494766476593,4.16499352744838,WPG,SSPG,0.10732131259000352,0.3646044746182085,0.20000210186322884,-1.4397500116812596,5,-4.481145707220268,993.0,4.0,39.3
0.23108399942989322,0.3495722809589915,U8,MN8014,24.04253018526149,4.164166243636504,WPG,SSPG,0.10740819469200473,0.3644795060002386,0.2000125921873053,-1.439258895040199,2,-4.483791768241032,993.2,4.0,39.3
0.23123564207183303,0.349512885909421,U8,MN8014,24.041839605673214,4.16577833055564,WPG,SSPG,0.1073339207837414,0.36454251398709236,0.20001247693728236,-1.4392381720097047,7,-4.48415489567863,993.1,4.0,39.3
0.2312816463982956,0.34953169960295805,U8,MN8014,24.04169035112587,4.162708389733769,WPG,SSPG,0.10735533707249138,0.3646168041675933,0.20001245611980276,-1.4392863538178295,1,-4.4757070884922925,993.2,4.0,39.3
0.2310510321482947,0.3496243099122922,U8,MN8014,24.040796696056947,4.161947967011599,WPG,SSPG,0.10757455150879952,0.3644863406380231,0.200010725305141,-1.4360902414914245,2,-4.484661951544899,993.9,4.0,39.3
0.23113339136882183,0.3496219433994851,U8,MN8014,24.04093271869826,4.162556101731839,WPG,SSPG,0.10757220665239642,0.36454735360987134,0.20001284222305515,-1.436878248833569,3,-4.486629836541242,993.8,4.0,39.3
0.23088281353307266,0.349730434439879,U8,MN8014,24.038680916998377,4.159866022614721,WPG,SSPG,0.10780033331836208,0.36428724672240265,0.20001333746916045,-1.4319733827697085,3,-4.487805475540263,994.5,4.0,39.4
0.23090286284900938,0.34971720559272523,U8,MN8014,24.043087945052758,4.160486156033171,WPG,SSPG,0.10772946440168868,0.36432288657997874,0.20003746892705312,-1.4350364860044753,2,-4.485341222997569,994.3,4.0,39.3
0.23111555097340927,0.34963921870713605,U8,MN8014,24.04149575661239,4.159596043303941,WPG,SSPG,0.10760234247294968,0.3645948281443876,0.20003114096546362,-1.437909312580472,6,-4.486328386298776,993.9,4.0,39.3
0.23111204723664602,0.3497141942587055,U8,MN8014,24.03942081541379,4.158937520922794,WPG,SSPG,0.10769519256258289,0.3644621398077674,0.20004922638332912,-1.4372961866425493,7,-4.488416635964613,994.4,4.0,39.3
0.23105997127816497,0.34969161691762457,U8,MN8014,24.039502030361994,4.159436403478246,WPG,SSPG,0.10765521505986861,0.36437031564084543,0.20004664771009917,-1.4396043254095856,4,-4.481779276408176,994.1,4.0,39.3
0.23065263898686952,0.34983632975259216,U8,MN8014,24.042053815315686,4.157031475389834,WPG,SSPG,0.1079983726040426,0.36408138740000673,0.20002278611589028,-1.4312040946391889,4,-4.484931472526856,995.2,4.0,39.4
0.23094018562910254,0.34982565164180585,U8,MN8014,24.036366192276763,4.15398544630368,WPG,SSPG,0.10800049005098715,0.3640392356238551,0.20004301397941024,-1.4330124805391116,4,-4.480167326376563,995.0,4.0,39.4
0.23099535850195213,0.34987262174882244,U8,MN8014,24.03700070949099,4.150340724562481,WPG,SSPG,0.10810374701160023,0.36396929027018005,0.20001987920786837,-1.4303540999043831,3,-4.486586651306784,995.3,4.0,39.5
0.2310036068631001,0.3498302313890554,U8,MN8014,24.040209325439946,4.153670799346498,WPG,SSPG,0.10803515802008498,0.36404200424565325,0.20001835415365427,-1.4307994644248032,2,-4.487006376768658,995.0,4.0,39.5
0.23114884891152898,0.3497581910797433,U8,MN8014,24.040788831195155,4.154520285330676,WPG,SSPG,0.10781106698883089,0.36442181682333885,0.2000285498799357,-1.4325659795241328,5,-4.478593579325597,994.8,4.0,39.4
0.23101440822354943,0.34975419554920506,U8,MN8014,24.04385959150136,4.158261041010494,WPG,SSPG,0.10768747580635488,0.3643169848561158,0.20001806734821428,-1.4319284467459168,7,-4.488187944533076,994.4,4.0,39.4
0.2311211708169461,0.3497767118642184,U8,MN8014,24.043798349044646,4.155115102215115,WPG,SSPG,0.10779843561935931,0.36426462721662994,0.20000988566218486,-1.4325231330561798,0,-4.481002395220447,994.7,4.0,39.5
0.2311856685706367,0.34975103058425167,U8,MN8014,24.039800057805472,4.1547532751921885,WPG,SSPG,0.10763542271215075,0.36429961475442685,0.20002472626624518,-1.4360363984095112,7,-4.483454982785396,994.5,4.0,39.4
0.2312920569205597,0.3497464452857678,U8,MN8014,24.047193542399416,4.15373755875078,WPG,SSPG,0.10758272321539274,0.36431026824335716,0.20004168803168013,-1.4364006737856199,6,-4.486969765441559,994.5,4.0,39.4
0.23175316775193205,0.3495516422481766,U8,MN8014,24.04345702015137,4.155705740459332,WPG,SSPG,0.10737023455291943,0.3647263018532392,0.20000001113092775,-1.4384142995760443,3,-4.481392276812256,993.7,4.0,39.4
0.23135933582545062,0.3497191260366594,U8,MN8014,24.044107780989442,4.15219620427534,WPG,SSPG,0.10772549409560989,0.3643327931105272,0.20000687151558433,-1.4367147560261702,7,-4.487650041231081,994.4,4.0,39.4
0.2314353197352282,0.3495878354287205,U8,MN8014,24.049275718966207,4.157174692016568,WPG,SSPG,0.10737214688896388,0.3646703825679277,0.2000021835047649,-1.439402691847332,5,-4.479154272952387,993.9,4.0,39.4
0.23139485822923636,0.34962660331131923,U8,MN8014,24.047825343183945,4.156506177664607,WPG,SSPG,0.10745791499364463,0.36475093736971126,0.2000023876663082,-1.4374730941830869,1,-4.4846758053997995,994.3,4.0,39.4
0.23168845457653656,0.3495442695469475,U8,MN8014,24.04994525523394,4.156177916128974,WPG,SSPG,0.10736188514086496,0.36484026262659996,0.20000312089848685,-1.4372400807574819,5,-4.48632710034744,994.1,4.0,39.4
0.23158166797814972,0.3496638715682869,U8,MN8014,24.04766855023882,4.153332199468997,WPG,SSPG,0.10756614490983732,0.3645111138693605,0.20000104113463843,-1.434967439619443,3,-4.48428643629353,994.5,4.0,39.5
0.23171435092615877,0.34969984003231264,U8,MN8014,24.047664687656024,4.150863230670145,WPG,SSPG,0.1076372813513469,0.3645216837498218,0.2000010869507292,-1.4346823442683538,7,-4.477042029575175,994.9,4.0,39.5
0.23151019130316908,0.34969800434485276,U8,MN8014,24.04893870875819,4.153686683570726,WPG,SSPG,0.10751424852775882,0.3647870989909024,0.20002209243098043,-1.434774179845506,1,-4.479644566704925,994.9,4.0,39.5
0.23176792652315292,0.34958226869984943,U8,MN8014,24.04191466327377,4.155312017596716,WPG,SSPG,0.10741755088752661,0.36464331323987137,0.20003755634282555,-1.4384100795135413,3,-4.486565170158803,994.1,4.0,39.4
0.23185421777756401,0.34959115218921605,U8,MN8014,24.04738331174935,4.1539166834082355,WPG,SSPG,0.10726935365492234,0.3648855254533495,0.20002690919617683,-1.4377187597350312,1,-4.486784833101346,994.3,4.0,39.4
0.2318750519554742,0.3495086560788744,U8,MN8014,24.04935659638893,4.151437267825662,WPG,SSPG,0.10720610752727953,0.3650848002103424,0.20000003870570549,-1.4374572248595694,4,-4.48713463781362,994.2,4.0,39.5
0.23163752654584058,0.3494420057342212,U8,MN8014,24.049143946061562,4.156607653484271,WPG,SSPG,0.10700578718256129,0.36479900115326114,0.2000012133938704,-1.4429260428151456,0,-4.479015959110095,993.5,4.0,39.3
0.23125500017217945,0.3496176652848083,U8,MN8014,24.04324984581645,4.155696356265464,WPG,SSPG,0.10722008235910555,0.3642925508436389,0.2000014063584332,-1.4426644097885613,5,-4.479812991026044,993.8,4.0,39.3
0.23134733112313483,0.34963145336097085,U8,MN8014,24.046395979316205,4.155270109867327,WPG,SSPG,0.1073597879171205,0.3645025931383214,0.20000767679823636,-1.43874420753456,6,-4.482220340134631,994.4,4.0,39.4
0.23134174974253569,0.3496526086160383,U8,MN8014,24.044214425800885,4.152186025153322,WPG,SSPG,0.10738285543039064,0.3644945971988318,0.2000022126801268,-1.4393642059631473,1,-4.483967713325654,994.5,4.0,39.4
0.2311507376652579,0.3496796762490875,U8,MN8014,24.049113489506805,4.1555403199225385,WPG,SSPG,0.1073248775372937,0.3645220363979428,0.20002565526999974,-1.4394592804565274,1,-4.487520685837463,994.6,4.0,39.3
0.23170493589946267,0.3494198777696001,U8,MN8014,24.046518900310435,4.1561156959087,WPG,SSPG,0.10698717297671587,0.3650743939323087,0.20001639163374396,-1.4428446017660554,1,-4.485527992173882,993.6,4.0,39.3
0.23092739012276886,0.3497948777191719,U8,MN8014,24.037236919996168,4.152620337710132,WPG,SSPG,0.10748634645221186,0.36435983061599686,0.20004715178670687,-1.438098698918988,3,-4.483151872504987,995.2,4.0,39.3
0.23085629439150318,0.349749177201603,U8,MN8014,24.046132046163006,4.1567853889029545,WPG,SSPG,0.10756070370488044,0.364308549169961,0.2000200385693472,-1.4367040026317426,5,-4.4826083498893805,994.8,4.0,39.3
0.23123132193837498,0.3496434666418135,U8,MN8014,24.041755336055033,4.154014532574328,WPG,SSPG,0.10726391376409916,0.36456954762758953,0.2000140695502509,-1.4426220422746634,5,-4.478979077821187,994.1,4.0,39.3
0.23176532515587484,0.34935808209225955,U8,MN8014,24.038591579907955,4.156874112014399,WPG,SSPG,0.10685444870905683,0.3651428410542928,0.2000084351100709,-1.4457973940167235,2,-4.4860028874709315,993.1,4.0,39.2
0.2316147331578898,0.3493967771831009,U8,MN8014,24.04380798188904,4.161521103926143,WPG,SSPG,0.10693601459060662,0.36478266380118207,0.20001245551973407,-1.4491090211671007,1,-4.48024749207473,992.5,4.0,39.2
0.23148599578901774,0.3495283116556982,U8,MN8014,24.042017377125866,4.155550944008343,WPG,SSPG,0.10712508809661772,0.3645732831102523,0.2000000204419939,-1.4451502270849224,0,-4.47896714466437,993.4,4.0,39.3
0.23151750237729152,0.34955754685269863,U8,MN8014,24.043351133792306,4.157596590732482,WPG,SSPG,0.10716391260910815,0.36457173642657836,0.20000822565074622,-1.4444377601969043,7,-4.4741866662295635,993.5,4.0,39.3
0.23164200366832302,0.3495242585184555,U8,MN8014,24.045814171921673,4.156251669611409,WPG,SSPG,0.10692216843178254,0.36473112070735103,0.20002716036425122,-1.447145194652402,2,-4.480957364115646,993.3,4.0,39.3
0.23133544876475187,0.3495859595186397,U8,MN8014,24.04548581192686,4.155251543756299,WPG,SSPG,0.10719839187617874,0.36464247782550296,0.20000146160198906,-1.4429566645462577,4,-4.478514222351087,993.9,4.0,39.3
0.23166292788317927,0.34952671008084707,U8,MN8014,24.04646913898,4.157173945438894,WPG,SSPG,0.10703159179094456,0.36467545077626384,0.20001332178769424,-1.4460278284596906,5,-4.47787004929639,993.4,4.0,39.3
0.2313683736617287,0.34959474426236997,U8,MN8014,24.042426454811352,4.156699571364215,WPG,SSPG,0.10714015607713798,0.3644598122324373,0.20001287606355742,-1.4447577648049004,1,-4.480082282817554,993.7,4.0,39.3
0.23145497843390045,0.34960146836703937,U8,MN8014,24.04276928378956,4.156203665036703,WPG,SSPG,0.10708896759951946,0.3644477382426407,0.20000332859976794,-1.4449397353834057,5,-4.483289466758649,993.7,4.0,39.3
0.23143084338133377,0.3495561954309771,U8,MN8014,24.043750577374638,4.1597914377720775,WPG,SSPG,0.10709309191074529,0.3645218664606901,0.20001472876525894,-1.4445135537227143,3,-4.478185062299032,993.5,4.0,39.3
0.23144968883864514,0.3495803007430657,U8,MN8014,24.0445291559766,4.1576876020534606,WPG,SSPG,0.10719107072482957,0.36441978785574525,0.20000223299136016,-1.4433747949272402,4,-4.475877050994114,993.8,4.0,39.3
0.23132437422911095,0.34956697865726694,U8,MN8014,24.04471674107639,4.158536125174444,WPG,SSPG,0.10707664910013232,0.3643970498826998,0.20000159345523322,-1.443698634807364,5,-4.4823622016217755,993.5,4.0,39.3
0.23142054556869862,0.3495686128050295,U8,MN8014,24.04274479392869,4.15724640473035,WPG,SSPG,0.10702093478368224,0.3643880684791897,0.20001726674406128,-1.446249471955541,2,-4.483767279973824,993.3,4.0,39.2
0.23111188343842456,0.3496379308153721,U8,MN8014,24.04148418742857,4.159056734559955,WPG,SSPG,0.10712948255397906,0.3641973901514515,0.20002433273111792,-1.4444965649773687,4,-4.482404706284083,993.5,4.0,39.2
0.2312583402250304,0.3496239248906722,U8,MN8014,24.038711629944093,4.157621743625815,WPG,SSPG,0.1071299409764625,0.36429922083777555,0.20002067981837118,-1.4457393277060426,6,-4.480968937245576,993.6,4.0,39.2
0.23111991108674304,0.3496523903263661,U8,MN8014,24.04620395612701,4.15881299498767,WPG,SSPG,0.10719087632133911,0.36425853030710187,0.2000059084376623,-1.443773055085231,2,-4.483087790534073,993.9,4.0,39.3
0.23130401209151674,0.3495518148834559,U8,MN8014,24.043600489689165,4.162871467462342,WPG,SSPG,0.1069817685479825,0.36440642909303256,0.20002072121349365,-1.4459493157775283,7,-4.479687627414441,993.2,4.0,39.2
0.23121976099649377,0.34958839199767416,U8,MN8014,24.040034580647653,4.160380007661995,WPG,SSPG,0.10714828334267837,0.36426570259404234,0.20000907397286175,-1.4453629112197448,6,-4.484338538940868,993.4,4.0,39.2
0.23117667176509096,0.3495905488538496,U8,MN8014,24.040421851871354,4.16116812347818,WPG,SSPG,0.10708099002402771,0.36425514298267925,0.20001085333643162,-1.4453355897613551,7,-4.4842667707490484,993.4,4.0,39.2
0.23104393498345835,0.3496104235771364,U8,MN8014,24.04230910993045,4.160563598904361,WPG,SSPG,0.10715844292899988,0.36415380796686153,0.2000043099201388,-1.444085883754399,3,-4.47972707755137,993.6,4.0,39.2
0.23121895085520655,0.3495768076709095,U8,MN8014,24.039669439928296,4.159809904068909,WPG,SSPG,0.10712767644214874,0.36424671147835996,0.2000018108885576,-1.4441735047729796,2,-4.479584273759791,993.4,4.0,39.2
0.23107730546527805,0.34961074207708803,U8,MN8014,24.039207192604653,4.160842015033622,WPG,SSPG,0.10720617162197726,0.3641253324894719,0.2000068523814333,-1.4436916635705417,6,-4.484115005261403,993.5,4.0,39.2
0.23127523152974588,0.349535212074164,U8,MN8014,24.038178924421654,4.162803423143875,WPG,SSPG,0.10711420709150724,0.3641746488318092,0.20000419946636014,-1.4454187525892876,2,-4.470634720842655,993.0,4.0,39.2
0.23117206578868418,0.34961903293779767,U8,MN8014,24.040638403940388,4.161446558181532,WPG,SSPG,0.1072298281615918,0.3641814003176828,0.20000797052516261,-1.4431554266676967,4,-4.479160566295956,993.4,4.0,39.2
0.23128502018312533,0.34954112801009024,U8,MN8014,24.041547619580786,4.163318911774744,WPG,SSPG,0.10712929268935911,0.3642833614658899,0.20000385885443323,-1.4436999813158016,4,-4.480742182556906,993.1,4.0,39.2
0.23130204078873964,0.34954460121435316,U8,MN8014,24.037689521316093,4.159044494049241,WPG,SSPG,0.10713833528133501,0.3643107456463828,0.20000001944478568,-1.4440538870004107,0,-4.478910944891723,993.2,4.0,39.2
0.23113607708368886,0.34958457303542106,U8,MN8014,24.038080018590026,4.159921426964373,WPG,SSPG,0.1071581621309359,0.3641802176234094,0.20000115760309206,-1.4438217536613167,3,-4.484418997811641,993.3,4.0,39.2
0.2313704882418148,0.34950876347598614,U8,MN8014,24.038022163593222,4.1609325138490165,WPG,SSPG,0.10701497739601537,0.3644185474667829,0.20000783106055214,-1.4453496620955122,0,-4.481405822222122,993.0,4.0,39.2
0.2313025250370814,0.34958841887119013,U8,MN8014,24.037337287948173,4.1605568407334514,WPG,SSPG,0.1070899479615432,0.36428124383701915,0.2000152189328788,-1.4439029729431037,3,-4.480001479754618,993.3,4.0,39.2
0.23131021080928588,0.34954880168325236,U8,MN8014,24.03691574460186,4.1624944787120235,WPG,SSPG,0.10707444136940114,0.3643223894336377,0.20000555650359259,-1.4447254031049614,5,-4.482130342182108,993.2,4.0,39.2
0.23144093533206575,0.34953305709391114,U8,MN8014,24.036178419622022,4.162480503539356,WPG,SSPG,0.10703779334000121,0.36434926339043383,0.2000033874384039,-1.4435801113894882,1,-4.480294567688723,993.0,4.0,39.2
0.2313201540024978,0.34954769078469833,U8,MN8014,24.036407182909855,4.163197347184917,WPG,SSPG,0.10708301815477428,0.36424864718216676,0.20000011799057818,-1.4434364674255369,7,-4.48447789063346,993.1,4.0,39.2
0.23155931513874464,0.3494357627744049,U8,MN8014,24.036604083570943,4.163536644927858,WPG,SSPG,0.10693416274954869,0.3643222235657053,0.20000020071634775,-1.4469576465475193,0,-4.481583929106428,992.5,4.0,39.2
0.2314882277160564,0.34947968551141734,U8,MN8014,24.03396461032478,4.163553516310291,WPG,SSPG,0.10694832336607421,0.364294772879974,0.20000727847869845,-1.44630856434281,2,-4.4795638872576475,992.5,4.0,39.2
0.23159293666975894,0.3494819598623839,U8,MN8014,24.035078426872364,4.161575530693161,WPG,SSPG,0.1069862680397557,0.36439171473143805,0.20000005261051096,-1.4445544192280746,0,-4.479217686307383,992.7,4.0,39.3
0.23165655746946348,0.3494484565179168,U8,MN8014,24.033256194513264,4.1622565943807395,WPG,SSPG,0.10697911814351824,0.36453255571705856,0.2000000882223464,-1.4448710186074072,2,-4.484609416594358,992.5,4.0,39.2
0.23170210198719002,0.34945649397651324,U8,MN8014,24.03134589949376,4.161759566657444,WPG,SSPG,0.10701066181331968,0.3643970096650471,0.20000262247641354,-1.4464773486995588,0,-4.4810999618719265,992.2,4.0,39.2
0.2316060017661445,0.3495197853009233,U8,MN8014,24.027952835971373,4.159078817154704,WPG,SSPG,0.1071414030168557,0.36442049935425086,0.20000562976016817,-1.444327786331714,3,-4.476719310995417,992.7,4.0,39.3
0.2314593177436222,0.3495402586286188,U8,MN8014,24.036190470093363,4.15869914201104,WPG,SSPG,0.10712167525075525,0.364288759938324,0.20000022497313577,-1.443823108035258,1,-4.477575377825039,992.9,4.0,39.3
0.2312191234482444,0.34963733872408875,U8,MN8014,24.033272033504424,4.160839012839632,WPG,SSPG,0.10734968799222555,0.3641832064344167,0.20000595816451663,-1.4400111983282458,3,-4.483670480347028,993.5,4.0,39.3
0.23114533942315357,0.34965218640044593,U8,MN8014,24.031628982857345,4.160263681993341,WPG,SSPG,0.10732817473073522,0.36417219532639694,0.20001135588678273,-1.4403327723007793,5,-4.483532020680672,993.6,4.0,39.3
0.23142857410510512,0.349601834056836,U8,MN8014,24.028225858668993,4.161337610717376,WPG,SSPG,0.10724296579185574,0.3643366268339564,0.20001413924398523,-1.4408182931725317,6,-4.483603849919893,993.3,4.0,39.3
0.23130469490478273,0.3496381025385425,U8,MN8014,24.031553160769178,4.160481314057757,WPG,SSPG,0.10729890540028875,0.3642110994770298,0.20002065045205172,-1.4418520904373044,2,-4.468665538101002,993.1,4.0,39.3
0.2311324661520202,0.3496476710824103,U8,MN8014,24.029707023745157,4.164254531354998,WPG,SSPG,0.10732531192259484,0.3642124636494407,0.20002278921497038,-1.438929015641059,2,-4.480269865178522,993.2,4.0,39.3
0.2315547828598964,0.3495185610909513,U8,MN8014,24.028746235735017,4.164007245086196,WPG,SSPG,0.10701285159283001,0.3645649683337864,0.2000250796759122,-1.4444093352778313,4,-4.468092226157239,992.4,4.0,39.3
0.231599038393888,0.3495668452647636,U8,MN8014,24.02719117591227,4.159428295694612,WPG,SSPG,0.10715549578861537,0.3644136603424857,0.2000081033677678,-1.4441192309566242,4,-4.477289059723853,992.6,4.0,39.3
0.23150240497588678,0.34950930311049133,U8,MN8014,24.029548355198468,4.163607898183027,WPG,SSPG,0.10701501114316844,0.3646653296698481,0.20000884000335842,-1.442939055507529,1,-4.4747051557578725,992.7,4.0,39.3
0.23167075977436502,0.3494685703070116,U8,MN8014,24.031254237309117,4.161910205916231,WPG,SSPG,0.10699365154852788,0.36474524039076667,0.2000100041587825,-1.4443098631566844,0,-4.482265006019604,992.7,4.1,39.3
0.23192262646089581,0.34948164853705205,U8,MN8014,24.026277539267216,4.157706597326017,WPG,SSPG,0.10700932761211734,0.3647727732722288,0.2000059098698825,-1.4442095819901204,0,-4.482211503695025,992.9,4.1,39.3
0.23214070426033254,0.3492348608743759,U8,MN8014,24.024301476145723,4.158667162126897,WPG,SSPG,0.10664740063251371,0.36504838099765186,0.20001027690759257,-1.4511420712845937,6,-4.468327350636876,991.8,4.1,39.2
0.2321217521788878,0.3492771387804061,U8,MN8014,24.0253638374777,4.158349399565677,WPG,SSPG,0.1067372667069744,0.36510929989423624,0.20000830112205015,-1.4499376790162157,2,-4.481378325380952,992.1,4.1,39.2
0.23192283913958725,0.34929015282053194,U8,MN8014,24.022208802623865,4.162648633318862,WPG,SSPG,0.10678115007180602,0.3650616539890796,0.2000102311625673,-1.4488097996056524,5,-4.479383812446256,991.9,4.1,39.2
0.23179558710016926,0.3493489498286651,U8,MN8014,24.02632756396467,4.1608502271231504,WPG,SSPG,0.10696535188206238,0.36491911096236246,0.2000056020014561,-1.4447434540547732,2,-4.480336211757432,992.3,4.1,39.3
0.2318595537345332,0.3493115214360877,U8,MN8014,24.025222441570314,4.163634133849464,WPG,SSPG,0.10686539611898636,0.3648805463996986,0.20000016794735861,-1.4458947246212341,1,-4.476554356020182,991.8,4.0,39.2
0.23190531480842025,0.3492969593119726,U8,MN8014,24.02120417954005,4.16267539672032,WPG,SSPG,0.10680863381939495,0.36499953494857273,0.20000412014344507,-1.4464691568344243,4,-4.47043674442933,992.0,4.1,39.2
0.23157120714891344,0.34941301340170766,U8,MN8014,24.025561643670578,4.164703842244003,WPG,SSPG,0.10696049240607716,0.36493115562256545,0.2000081723250913,-1.4445325220073952,6,-4.481284850386633,992.4,4.1,39.2
0.23157041653235216,0.3493466375779676,U8,MN8014,24.018111290273794,4.166121560150284,WPG,SSPG,0.1068967995500549,0.3648806961398357,0.20003392457388672,-1.4470970323155925,7,-4.478207479030212,991.9,4.0,39.2
0.23145244353315533,0.3493026246076193,U8,MN8014,24.02623858753035,4.165303630022086,WPG,SSPG,0.10682133933900505,0.36503306195907026,0.2000198267036528,-1.4472208009189422,6,-4.46612793366492,992.1,4.0,39.1
0.23158094991129027,0.3493542259257551,U8,MN8014,24.02423894920168,4.166366012766224,WPG,SSPG,0.10687130290194921,0.36495390472829126,0.20003445401612388,-1.4435654186577673,2,-4.478007418958896,992.2,4.0,39.2
Time taken (seconds)
2026-10-08 18:40:48
