thigh_length,calf_length,motor_left_name,motor_right_name,gear_left_ratio,gear_right_ratio,gearbox_left,gearbox_right,torso_distance,ik_height,ori_l,ori_theta,best_index,best_cost,ac1,ac2,ac3
0.25882454973770086,0.24338257151051917,U12,MN8014,10.393978896498862,9.30724910923985,CPG,CPG,0.12430789885319597,0.342437148848744,0.4612513725002639,0.497160665870624,0,0.1457020894980507,436.7,4.8,28.6
0.24002470096201345,0.23846837883717287,U12,MN8014,9.367692020075456,7.318875163788851,CPG,SSPG,0.13208617070409506,0.37752625615480917,0.2909948349439541,-0.23287308216293123,0,1000000.0,488.7,3.9,33.9
0.2621371365845255,0.2471781145478894,U10,MN8014,6.541243359919168,8.018115720991077,CPG,CPG,0.11946854520058281,0.373315883459672,0.20666700062094895,-0.6023079714546299,0,0.5879122760746842,569.4,4.9,26.4
0.23165109519324484,0.2570549607845392,U10,MN8014,6.899257807910121,8.110999209989691,CPG,CPG,0.12068703420714164,0.37992104714398567,0.2009443260456059,-0.62603869463685,2,0.09051232533452946,551.6,3.4,35.3
0.23255891237486673,0.2711934731273339,U10,MN8014,9.66237985644751,8.843473438737234,CPG,CPG,0.12311720689934463,0.432634849335194,0.2056715915927535,-0.3247262671727893,2,1.211472775787248,505.7,2.9,34.2
0.23742744464803414,0.2711531738920803,U10,MN8014,8.947132887387145,6.351564975159333,CPG,CPG,0.1130216355404753,0.4299136665163005,0.2459861783040675,-0.5985624265389299,1,0.05948833668066822,458.8,1.1,32.6
0.2324544982876956,0.2936626704775861,U10,MN8014,6.872421140102883,6.637257842672228,CPG,CPG,0.13009845416383026,0.3896763936533202,0.2597078018519466,-0.6435967768450266,6,0.15170651647564704,515.1,2.2,32.6
0.23170639827021822,0.3078794940951106,U8,MN8014,6.197654332417823,7.411160950027549,CPG,CPG,0.117375087208096,0.3797201948076108,0.23521818170626455,-0.5258924771576328,0,-0.37421086547848503,525.2,2.4,33.6
0.21265171173318662,0.30363800014238385,U8,MN8014,9.1695825776567,6.395812635747776,CPG,CPG,0.12048887088156261,0.3653517945135822,0.2074374520741365,-0.7762023410330535,6,-0.5901173941802327,592.5,1.5,32.1
0.1988056174885249,0.3217133128017895,U12,MN8014,13.710822827043557,6.460786653269809,CPG,CPG,0.10875468654314888,0.3578653986583341,0.2000424542055628,-0.9274711277923307,5,1.0386445903787145,665.4,0.6,32.2
0.2341147559136933,0.29456858908950456,U10,MN8014,16.213237231710394,7.413962604526972,WPG,CPG,0.11363616996642135,0.3785264001090032,0.27643304781862515,-1.0101564258441385,4,1.1531984643151814,560.1,0.3,33.2
0.2220988483625668,0.29720698216594094,U10,VT8020,11.042547927590807,7.454972870710655,CPG,CPG,0.10882379511298082,0.3756389337696643,0.20994947775635986,-0.4877334279642076,7,0.32025686446244084,542.5,0.1,38.3
0.2361252222176635,0.33081942218001853,U8,VT8020,14.848372441038414,6.825452673397172,CPG,CPG,0.12714358021504313,0.3739954386639438,0.2238378653298827,-0.5745845997512121,3,0.45129826189076194,589.4,0.3,30.0
0.2227645251021779,0.33897110793736823,U8,MN8014,13.140781564089417,7.161018672131884,CPG,SSPG,0.123478995657062,0.3578851659809444,0.27806665265035735,-1.005271038769058,0,0.9895310276681935,601.6,1.4,37.7
0.24161596321158804,0.33373225580419685,U8,MN8014,12.907832202887164,5.732510369322795,CPG,SSPG,0.12015218951693177,0.3655630194069695,0.20316282330230628,-0.7889612204709455,3,-0.8556690889393783,596.4,0.6,39.4
0.22797905372382804,0.2986351840075454,U8,MN8014,13.257683811472235,4.761414612182647,CPG,SSPG,0.11972780164601021,0.3920814067524818,0.24047712351266443,-0.5454920585482901,1,-0.5213862303827472,589.5,0.5,36.6
0.2360713618388116,0.30316292642218645,U10,U12,10.944746730319547,7.891541970866714,CPG,CPG,0.12931354355826574,0.37984200896240305,0.5661839242767845,-0.2161530995168257,6,0.44847593911922257,639.8,1.9,38.5
0.2163411921297249,0.34144811181583995,U8,U12,9.72027550597818,9.146691176239496,CPG,CPG,0.13439893658150537,0.39832109062375787,0.5479463969353946,-0.04774248079530419,2,-0.10522968280113987,557.3,0.4,35.4
0.24004367920326697,0.3020147194171047,U8,MN8014,11.632080495572833,5.817249429140337,CPG,SSPG,0.13778382908472325,0.3982919615211825,0.3220887898004306,-0.9877418772475614,7,0.7746766089084105,558.9,1.1,33.3
0.2585049600046827,0.2955675212099992,U8,MN8014,11.807912260193786,6.582470477716351,CPG,CPG,0.12248027966325921,0.4105898541972965,0.22802335422115674,-1.0243003070470027,7,0.10841290978861373,483.3,1.2,35.2
0.25921357894964053,0.2965885414640641,U8,MN8014,12.293429362606899,5.679095078163163,CPG,SSPG,0.13663677866300095,0.38101663790323026,0.20048095368826796,-0.9618273895126451,4,-0.15478677771365223,481.2,1.0,32.5
0.25890440954350824,0.29646137842019726,U10,MN8014,13.156745044418523,6.54190305887163,CPG,CPG,0.1293533708149321,0.39519720218310983,0.21447641815345614,-0.9956932185355566,2,0.38852675284678906,483.5,0.9,31.1
0.2490769694167898,0.29971341795918405,U10,MN8014,9.927626616540394,7.150464418192872,CPG,SSPG,0.1289348530708904,0.42136717435462856,0.23513463519328068,-0.6513535892708711,0,-0.09473372854744255,454.8,0.7,34.5
0.2522300501406033,0.29902010533515777,U8,MN8014,9.929603006393535,7.757701167919332,CPG,CPG,0.12566005025454924,0.4042187779913251,0.270513588819726,-0.477349627850884,7,-0.3216029072126698,514.2,0.6,35.7
0.2677545499668357,0.3139793005417062,U8,MN8014,9.171374791403144,8.236359337217856,CPG,CPG,0.13179845352826036,0.4212187604505513,0.2697180855565505,-0.5391249497411286,3,-0.2909806996804214,512.9,1.1,35.9
0.2693062944605944,0.3189081973579201,U8,MN8014,10.951703502035663,6.324308577343064,CPG,SSPG,0.11941147686116993,0.39698812588126475,0.20124265716956644,-0.7117401256381415,6,-0.5839430602138505,499.4,1.3,40.4
0.2806652896595172,0.3019476709131069,U8,MN8014,10.262701601478934,6.852241224254446,CPG,CPG,0.12703823642541742,0.40878289109563437,0.20856802224142057,-0.8460496947175077,4,0.6604892473717001,456.1,1.9,36.9
0.26969756173701814,0.30435945526581715,U8,MN8014,10.72365990211038,5.275059774012405,CPG,CPG,0.12137522166857342,0.4078027388157977,0.20493955835733857,-0.8883421807005082,5,-0.32247521451346994,489.6,1.1,38.8
0.2726760420361401,0.32189047585899433,U8,MN8014,8.958646978470766,4.90274730524535,CPG,CPG,0.12618139480898477,0.3990291360536331,0.20451868354604938,-0.8755470130102768,3,-0.33584279474641,527.5,1.0,41.5
0.2679235757379469,0.3203136993916486,U8,MN8014,12.49712836316024,5.030987048817506,CPG,SSPG,0.12440696997809632,0.4262482334659505,0.20011193119997894,-0.9210484929502296,4,-0.5144009248096211,523.2,0.9,37.7
0.2806695752183773,0.3091711587147663,U8,MN8014,10.840001998990896,4.563737713510019,CPG,SSPG,0.12009110582937284,0.43102317196510787,0.21181775645090378,-0.889453611357114,6,-0.4724710604820057,504.4,0.2,40.3
0.27664261854995553,0.3264490035831836,U8,MN8014,12.644753910020514,5.623836461465694,CPG,SSPG,0.11648264032861746,0.42750944380234385,0.22017277583634332,-1.0278989140397665,1,-0.5176651071752634,559.5,0.5,39.3
0.2701805860411313,0.3381802636190651,U8,MN8014,12.167938975470463,5.697085335494967,CPG,SSPG,0.11802057832125823,0.4128610900850776,0.23244505758545153,-0.9511120965229286,7,-0.5910294131165292,592.7,0.8,40.1
0.27725634974835967,0.31944716889902636,U8,MN8014,10.078410642585581,4.777914517740251,CPG,SSPG,0.11890459906130094,0.452298576236528,0.20271780276739387,-1.028270964564879,4,-0.5182055725731889,504.0,0.8,38.8
0.2793810209774994,0.32823052740158665,U8,MN8014,12.750958593230175,4.589401554812796,CPG,SSPG,0.11171121005422018,0.4231531437309671,0.21323066878071717,-0.9962786048385165,1,-0.5672427041580912,525.1,0.0,39.2
0.2782841500819373,0.332595120308511,U8,MN8014,12.146728015742914,4.246859857124247,CPG,SSPG,0.11109608205079124,0.42057331980289364,0.24275701095747873,-0.8582045410273491,2,-0.6280694623229213,565.0,0.5,40.7
0.2674731056088557,0.3245535067050306,U8,MN8014,11.98582729876453,4.050939292540794,CPG,SSPG,0.11307128667598763,0.44322317567198954,0.21772400722193658,-0.9764213198477758,4,-0.6030543822924024,539.0,0.8,39.7
0.2673217339870967,0.32908612155995304,U8,MN8014,12.056217994088158,4.008767887905803,CPG,SSPG,0.11680362296863607,0.44403703268349315,0.22537991900293838,-0.9193918468328423,0,-0.5793078074319356,534.3,0.1,43.1
0.2586044326998067,0.3456992637628883,U8,MN8014,12.8303123860331,4.012875433328073,CPG,SSPG,0.11692654044835475,0.44859245131431347,0.22672510912796917,-0.943197906973216,2,-0.6216447853136433,561.6,0.1,44.9
0.2483093973031806,0.34685858910370243,U8,MN8014,13.00870590757719,4.004763052192555,CPG,SSPG,0.11805468380937889,0.4402416703765113,0.22117760987337554,-0.8837975517818328,1,-0.7094514162502357,485.4,0.1,43.1
0.2734022203786397,0.33880272661296695,U8,MN8014,11.025634427100226,4.183277983869174,CPG,SSPG,0.11428100138145912,0.45802099280107345,0.21344324085233518,-1.0666308650217906,0,-0.5874253759331234,509.0,0.1,42.2
0.26441355808860334,0.3465926248932223,U8,MN8014,11.350478654634347,4.0476639152640095,CPG,SSPG,0.1187759915859777,0.4643320710446033,0.24204997088245847,-0.9639413396105663,6,-0.6069966327102287,512.3,0.1,41.0
0.27330521940054847,0.33897912126921953,U8,MN8014,12.778544302091909,4.004638052418009,CPG,SSPG,0.11534947892018681,0.4422923421766381,0.230395539852441,-0.9659133696475036,4,-0.6795865265613994,503.5,0.1,37.4
0.2701953340486347,0.34911696391145164,U8,MN8014,12.833971397682754,4.236641132602056,CPG,SSPG,0.12090838362006615,0.45035146059981845,0.24000083538436767,-1.0139045353405023,0,-0.6515195038798884,550.5,0.2,41.9
0.26906330928242905,0.34721236347662665,U8,MN8014,13.195425546043214,4.484284441607519,CPG,SSPG,0.11815442287042235,0.4544801465786735,0.23081617486097017,-1.0437429776955551,1,-0.5888553656505735,514.7,0.1,38.7
0.27063216463201495,0.3496621362194716,U8,MN8014,14.454153840685773,4.565396628608396,CPG,SSPG,0.12443480980431866,0.45904088659878806,0.20450867573429685,-1.0335383378705596,0,-0.6242536608998304,498.3,0.0,41.3
0.24981784533826049,0.3361522804258381,U8,MN8014,15.033030428625699,4.602142798511798,CPG,SSPG,0.12517979228740356,0.4440309477911324,0.22877929470055267,-1.0535783582136493,4,-0.5454369396067857,581.8,0.1,41.1
0.26882229421198706,0.3480614083771289,U8,MN8014,13.730242498273658,4.383543796992335,CPG,SSPG,0.12938926596647105,0.43859523786552546,0.2154694046266771,-0.9741605197526433,6,-0.6903516425962373,497.0,0.1,38.6
0.26712764407150824,0.34901586334350754,U8,MN8014,14.13207453799744,4.0038955756368795,CPG,SSPG,0.12250142651229019,0.43941587996781045,0.20126548065748717,-1.2026268738792958,4,-0.671898345308275,541.3,0.1,41.2
0.24292749733024513,0.3476919487427635,U8,MN8014,14.455732826216549,4.097596735553927,CPG,SSPG,0.11764824018997083,0.4257097435298568,0.20379013056376338,-1.1267415394560558,5,-0.7688808907982478,650.0,0.5,43.3
0.2614387320212638,0.34013663798125704,U8,MN8014,15.407581355613669,4.016602378202907,CPG,SSPG,0.11336549126602898,0.4202390445005893,0.20379288640172294,-1.0504036602594637,1,-0.7149482140916685,605.5,0.6,41.0
0.25425822521469355,0.3361342230617137,U8,MN8014,14.732644408788605,4.157569274195414,CPG,SSPG,0.10999071253029052,0.4044897160473857,0.2030133679046491,-1.1186012389557645,2,-0.8189117465288049,673.3,0.8,42.5
0.26663012412460246,0.34844654705740685,U8,MN8014,15.825156279634577,5.573867944653802,CPG,SSPG,0.11952072447754207,0.4005494363814711,0.20005721082011532,-1.0903796021150296,2,-0.6685102553158497,693.8,1.1,42.3
0.25106040071995517,0.3484757824408073,U8,MN8014,15.147308019500885,4.03956741867631,CPG,SSPG,0.12032786957878923,0.39102738730555114,0.20000858934719654,-0.9609238182340711,1,-0.830231169147261,652.3,0.5,41.1
0.2513575932644097,0.34592647131968285,U8,MN8014,17.027970115692746,4.152408556657458,WPG,SSPG,0.11909164198284507,0.38209784693840854,0.21382439133857864,-0.819291531450969,0,-1.0103798474464067,689.1,0.7,42.7
0.2599188857172269,0.34925409222107695,U8,MN8014,14.882014414901132,4.018750691824918,CPG,SSPG,0.1296194707003373,0.40964375032272526,0.20498193767211137,-1.121797561030465,0,-0.8571887858866605,661.3,0.9,41.9
0.2497726100885197,0.34958510954669836,U8,MN8014,15.082082252863852,4.178488630099946,CPG,SSPG,0.11982545896228432,0.37942676664039815,0.20048777282933344,-0.9605268363906536,7,-0.893376902522542,726.0,0.6,44.2
0.23974472805245212,0.349964971987846,U8,MN8014,15.36597402241541,5.669244254313984,CPG,SSPG,0.12882711931654325,0.3912875410692029,0.22214199408550314,-0.8077632575023788,5,-0.7883749919484906,728.5,0.4,45.0
0.24419877826649344,0.34805186448490943,U8,MN8014,15.829824484017397,4.116017565756767,CPG,SSPG,0.12266086052178912,0.39728854869169533,0.21603618929697177,-0.7808174020842218,6,-0.6941223444499514,698.6,1.2,46.1
0.24147337005836145,0.3475464342841499,U8,MN8014,16.988664488683757,4.009777141218563,WPG,SSPG,0.11888610233298869,0.3868628940402817,0.2000022134138892,-0.7692341888854793,2,-0.5649757267665034,714.3,0.5,44.0
0.2430376825234437,0.34740035077006737,U8,MN8014,16.50270618565859,4.016913780405935,CPG,SSPG,0.12570652637943763,0.379804517479682,0.2097931327652836,-0.8759685311630345,7,-0.9997221029770795,759.9,1.1,47.0
0.22338416441152498,0.3495869699020775,U8,MN8014,17.044576250556815,4.084312484569099,WPG,SSPG,0.11493974306472447,0.3657099084350199,0.2015723438098007,-0.9390430738183888,2,-0.9845777832402245,747.3,1.8,44.9
0.23587486067649255,0.34903319780619696,U8,MN8014,16.650730768097077,4.057491023333881,CPG,SSPG,0.12066937942168054,0.3691624330508839,0.20232075341211656,-0.8915328854995198,7,-0.95872091663467,797.5,1.1,45.5
0.22479985866758,0.3493082729507429,U8,MN8014,16.461741667634648,4.000086876787288,CPG,SSPG,0.1186714396218652,0.36405654737874443,0.20575477651871027,-0.8922530187817479,2,-1.113591997585356,785.3,2.1,47.3
0.23834613360602758,0.3461872504408946,U8,MN8014,17.014872552764185,4.010232641107424,WPG,SSPG,0.12219867539580413,0.36014718360447445,0.2151313898491948,-0.8909108759479205,1,-0.9763714294247574,770.9,1.5,45.0
0.23926195610027348,0.34894515414476174,U8,MN8014,17.271075777205116,4.002690384252374,WPG,SSPG,0.12111442511329308,0.35977162866025275,0.20368063020991836,-0.8334753860851634,3,-1.1311195763741502,742.1,1.4,44.3
0.21949542761507285,0.3481646768412126,U8,MN8014,16.869176344872777,4.03603728300441,WPG,SSPG,0.12085674318647492,0.37896546084247607,0.21314918864631102,-0.8685293412185391,3,-1.0200995823715768,770.9,1.9,47.0
0.21807849213481986,0.3499279888618958,U8,MN8014,16.8028174933674,4.180879271968093,CPG,SSPG,0.11524739556258448,0.3588160470992747,0.200725713437412,-0.8117104853540578,4,-1.156006635411785,799.3,2.2,47.6
0.23619389632350482,0.3472072119888871,U8,MN8014,16.153108582427052,4.536798439910652,WPG,SSPG,0.11719155409730993,0.3694892287164771,0.20450249869383103,-0.8662365690443459,3,-1.2151233867246454,772.1,1.9,47.2
0.23000530923270288,0.34987802985371463,U8,MN8014,15.350161009493668,4.00031956457622,CPG,SSPG,0.1214819537507762,0.38200765302183703,0.21511912154463886,-0.8621303042876022,0,-1.0669773367586295,748.1,1.5,47.2
0.22950975722507536,0.3499319796206148,U8,MN8014,15.424130815635875,4.024225804960081,CPG,SSPG,0.11749688236774142,0.3778382771109326,0.20506074200574356,-0.8893893982529685,2,-1.076725465772041,730.4,2.0,46.4
0.21660649762667009,0.3499351187556505,U8,MN8014,16.690403912156498,4.086917552746394,CPG,SSPG,0.12257444569323597,0.36524833031888043,0.20538503229789443,-0.9024548864107642,4,-1.0360333517441997,798.6,2.2,47.3
0.2211761203071289,0.34976856595035744,U8,MN8014,16.306622885002973,4.0292967751780635,WPG,SSPG,0.1161123633770135,0.35780188818281355,0.20022723491810263,-0.9147528942124177,5,-1.1192172319533356,830.7,2.0,47.9
0.23266684814214356,0.3487422380378913,U8,MN8014,16.082706784994873,4.004065550983553,WPG,SSPG,0.11817862668147851,0.3588001579002632,0.20243879067106235,-0.9048545186488762,0,-1.2372682987098624,825.7,2.2,47.6
0.23533004914586483,0.34980357542645835,U8,MN8014,16.19801207078427,4.029396100962123,WPG,SSPG,0.11553571005669022,0.35420147860063095,0.20843184863211886,-0.7930221685188638,3,-1.3047450415120814,834.8,2.4,46.7
0.23292286067211487,0.34946500983935125,U8,MN8014,17.109042868038426,4.0399947281591135,WPG,SSPG,0.11416054768729575,0.35820549563808235,0.20256691007243746,-0.9336795314434949,5,-1.2405220954734855,825.6,2.4,45.9
0.23104595135363695,0.3485155696289272,U8,MN8014,16.734860748780108,4.2249349650098855,CPG,SSPG,0.11169103925343113,0.35810417223234753,0.2011433717547457,-0.9763289749385992,0,-1.1689969944773875,867.8,2.6,46.8
0.22789309576036315,0.349999390215412,U8,MN8014,16.762568754195506,4.002123633364324,CPG,SSPG,0.11278182360544826,0.3505048764914573,0.20001214394462313,-0.9244092343524883,1,-1.190716606740077,873.1,2.6,48.1
0.221466100440549,0.34638850745647703,U8,MN8014,17.079959163889235,4.000000050852441,WPG,SSPG,0.1147595432856606,0.3541480266367927,0.2022860212920255,-0.9145544507009769,1,-1.2844253011543447,848.8,2.8,46.4
0.2258422368707314,0.34989219262453486,U8,MN8014,16.69591764523429,4.004016608755749,CPG,SSPG,0.11008063404100181,0.3495054401188663,0.20028543809551996,-0.8766638081510442,4,-1.2598398697016364,867.3,2.5,46.5
0.2212890761232322,0.34541670775549604,U8,MN8014,16.78162542055489,4.008737335450582,CPG,SSPG,0.11139748106789388,0.35109019401558633,0.20278806735733781,-0.8433419590978433,6,-1.2727274336917578,882.1,2.7,47.7
0.22278551200164803,0.34959664713167393,U8,MN8014,17.33996996731251,4.002179880923491,WPG,SSPG,0.10730484514213806,0.3471734108888642,0.20292783646941157,-0.9623889016263776,2,-1.3168059007398938,929.5,2.6,47.3
0.22111159432721453,0.3430701967625972,U8,MN8014,17.065900880168336,4.154426061873413,WPG,SSPG,0.10812153669098812,0.3462582443131308,0.2029170482956411,-0.9643459468954579,5,-1.2174528535336453,929.9,3.2,48.5
0.22035084336154642,0.34866720239986976,U8,MN8014,17.236967423948073,4.0039755060841005,WPG,SSPG,0.11195505228577755,0.3465816092522162,0.20599480780522092,-0.8972970768230456,3,-1.2409702348103853,904.6,2.6,47.8
0.22259591499595482,0.34683159734491886,U8,MN8014,17.35367470347566,4.042487153987125,WPG,SSPG,0.11498817070789913,0.3534380402124623,0.20008233203445627,-0.9288978408211144,2,-1.3223962665321682,896.1,2.8,47.3
0.22538564701695657,0.348204440243107,U8,MN8014,17.850966188532894,4.0001073383755825,WPG,SSPG,0.11215238342040579,0.3494598820790211,0.20721264009030602,-0.9233677160450182,2,-1.3371197881607575,912.3,2.8,47.6
0.2232530862843272,0.349794144622064,U8,MN8014,17.972511207426695,4.018937492247879,WPG,SSPG,0.11246855861461556,0.34240489817657693,0.2017818775727024,-0.8855292951314807,4,-1.3084479831607343,898.1,2.7,47.2
0.2216582317597006,0.3468131230679146,U8,MN8014,17.861875608441082,4.001167927505568,WPG,SSPG,0.11338998710291597,0.3484397374246587,0.20632755365526953,-0.9157384949507403,0,-1.3419406665969902,904.3,2.8,47.0
0.2159720841874555,0.3457100807391407,U8,MN8014,17.850368786036775,4.004425694930808,WPG,SSPG,0.11453167033520124,0.3494491603130237,0.20220504653902574,-0.8437063629282984,5,-1.2858533239571432,887.5,2.8,47.1
0.21852611808721378,0.34896197606852414,U8,MN8014,17.834137879045095,4.0184719899042145,WPG,SSPG,0.11227914438569753,0.35496822937105865,0.2047303041790871,-0.8826603415436044,0,-1.2981982310299731,896.8,2.8,47.6
0.2208228270634276,0.34682967177725355,U8,MN8014,17.535062630028634,4.037083574831082,WPG,SSPG,0.11335252875798826,0.3534028747029613,0.20062199191383284,-0.9054895132311049,5,-1.3674994577475061,916.8,3.0,48.0
0.21963623963156015,0.34712067411017666,U8,MN8014,17.273752526648167,4.0352423480151325,WPG,SSPG,0.11438685793058655,0.35303419548555376,0.2031024256734656,-0.87771903984024,5,-1.317729951384944,912.0,2.9,47.7
0.21939341694536985,0.34721394686658613,U8,MN8014,17.527529587927802,4.006673355186223,WPG,SSPG,0.11524292753920891,0.3486036003812945,0.20093987523488965,-0.8172174789782721,1,-1.321993392583238,910.8,3.2,48.2
0.22027372454237232,0.34637549165001713,U8,MN8014,17.46715470408043,4.038551981289798,WPG,SSPG,0.11186972793711902,0.34332771343703705,0.20128580977725963,-0.849661232478161,3,-1.3832729958551475,932.6,3.3,48.2
0.21672428283931336,0.34547929594534166,U8,MN8014,17.3972303920238,4.007442026724857,WPG,SSPG,0.11232034401497099,0.3455341752552337,0.20000800953966374,-0.8572526343446688,1,-1.3302562183143554,928.3,3.2,48.0
0.2176360247552486,0.3444276847147789,U8,MN8014,17.403054658120272,4.001456251671817,WPG,SSPG,0.11042001688066724,0.3379612755464885,0.20163347951543767,-0.8711993404435816,2,-1.3477647562148167,938.1,3.2,47.9
0.21720449414630352,0.3463201188027253,U8,MN8014,17.483126922680192,4.001767802118429,WPG,SSPG,0.11172767470630002,0.3413288199510124,0.20002519287425946,-0.8278594417189162,3,-1.406069671165067,920.0,2.9,47.3
0.21550565868053065,0.345943896335056,U8,MN8014,17.362627304597353,4.002942136398911,WPG,SSPG,0.11142411779674648,0.3376216088955041,0.20099302201527913,-0.8268718946875482,0,-1.3274268230927806,930.5,3.1,47.8
0.2144695797748178,0.34710700230261093,U8,MN8014,17.480457650958726,4.012052427560797,WPG,SSPG,0.11079652298632925,0.3408941568291157,0.20007151175938157,-0.8406038827749731,5,-1.4087379695933642,938.1,3.2,48.4
0.21392001032014446,0.34786599207011526,U8,MN8014,17.503396807823787,4.001561200923119,WPG,SSPG,0.11074330879850612,0.33820183177920843,0.20000685569567397,-0.8604419728947463,0,-1.4173079517984402,934.6,3.1,47.9
0.21454176489305782,0.34923136561680146,U8,MN8014,17.46718775408315,4.000317211801218,WPG,SSPG,0.11067366578640485,0.33848751727090626,0.20013737713787955,-0.8669131376109979,2,-1.3946355323367925,925.7,2.9,48.0
0.21679618567814693,0.3492630542768171,U8,MN8014,17.324618833523843,4.00251577952184,WPG,SSPG,0.11207337667394046,0.33826526263005485,0.20098247380373738,-0.8385617953044596,5,-1.3225238291427388,925.0,3.0,48.3
0.21652303810447995,0.3494171055432114,U8,MN8014,17.33833595224909,4.00056806206117,WPG,SSPG,0.11176584324282163,0.3407504772075749,0.2000541453427334,-0.8683116732702487,5,-1.3447499591116596,916.7,2.9,47.9
0.21663480197264162,0.34932346695270755,U8,MN8014,17.500192979690837,4.004420860231429,WPG,SSPG,0.11008275120017261,0.3406534771668263,0.2010509249073964,-0.8797360495989678,0,-1.3952847073591101,924.9,3.0,48.0
0.21967944783217186,0.3498252158954572,U8,MN8014,17.490104100165617,4.000793707800529,WPG,SSPG,0.11151029725548105,0.34351256785128015,0.20095306731253532,-0.8798018807528617,4,-1.3773380183858777,911.3,2.7,47.6
0.21564899095412127,0.3480630028531958,U8,MN8014,17.545043754004524,4.008800591484042,WPG,SSPG,0.11048959281908921,0.33875100056103347,0.20021991647707468,-0.8675341548608337,3,-1.4163573165066232,924.3,2.8,47.9
0.21578639182773066,0.34870262779379363,U8,MN8014,17.48974232408147,4.002518711632941,WPG,SSPG,0.11223985425365135,0.34049874771423105,0.20028493127253164,-0.8660639790896943,2,-1.4146820393072144,922.4,2.8,48.0
0.21234865428958924,0.3480158788998434,U8,MN8014,17.5035934978947,4.010097965283725,WPG,SSPG,0.10994544920244231,0.33578076484663455,0.20114433802340445,-0.8496488466245098,4,-1.376506724547406,923.3,2.8,48.2
0.2117746686712825,0.3479326652184904,U8,MN8014,17.48922271311029,4.025053350735669,WPG,SSPG,0.11141519090462346,0.3383603694063661,0.20042466474410237,-0.8429044900393527,2,-1.3968534059830962,924.2,2.8,48.5
0.21401763260235415,0.3480749205917542,U8,MN8014,17.515674297286054,4.01045520081696,WPG,SSPG,0.11067131511175504,0.334095417603253,0.20000393454060555,-0.8315458896789631,4,-1.3435639751827733,941.4,2.8,48.6
0.21420961380533568,0.3471415250537946,U8,MN8014,17.542321704342257,4.020653377427431,WPG,SSPG,0.11049788522627166,0.3331918735055791,0.20001852691034755,-0.818647672092778,7,-1.3698376183586554,941.2,2.9,48.8
0.21070247654582325,0.34645154649641846,U8,MN8014,17.523576696910837,4.040204893500965,WPG,SSPG,0.11043465705808952,0.33217898556252967,0.20000614551285906,-0.823981051753078,5,-1.414444395749646,949.1,3.0,48.9
0.21106955565451552,0.3467430179537346,U8,MN8014,17.36531768272086,4.014365683027983,WPG,SSPG,0.11065147580943868,0.3337742426220228,0.20039929824168307,-0.8161861692916484,1,-1.3541336848032266,938.4,2.8,49.1
0.21106792185935216,0.34720031258321277,U8,MN8014,17.403697688651256,4.01823961688639,WPG,SSPG,0.1117464255515818,0.3335540590042052,0.20040443150564818,-0.8198380189617179,7,-1.3511119642416105,937.9,2.8,48.8
0.21530944064038723,0.34825385758257926,U8,MN8014,17.45035352669128,4.023007144262286,WPG,SSPG,0.11052952075188913,0.33325146723908794,0.20000115876939872,-0.8181554826238402,2,-1.3912999052739767,933.9,2.8,48.8
0.21362973904534202,0.3487475564441395,U8,MN8014,17.457452731818073,4.019619485494862,WPG,SSPG,0.10953649833509346,0.3326980598085087,0.20086841347012035,-0.8502560053998961,2,-1.3608470699623663,936.5,2.8,48.5
0.21866287704835208,0.3494185690222885,U8,MN8014,17.419954710225085,4.007790446760579,WPG,SSPG,0.11020047910770178,0.3378536705319447,0.20174342697246145,-0.8584933310541956,5,-1.3123331501474205,928.8,2.7,48.1
0.21676359280040997,0.34938961983879185,U8,MN8014,17.485798811175357,4.029106642459547,WPG,SSPG,0.11033301003819639,0.3364632324458673,0.20209577521721836,-0.8923533151705343,1,-1.3309711196814469,938.9,2.8,48.2
0.21447269881242384,0.34902225119800195,U8,MN8014,17.493665629806507,4.006686884885099,WPG,SSPG,0.10996797834868616,0.3329688299248337,0.20182462531077802,-0.8354627447159185,5,-1.3493181076185543,938.3,2.7,48.5
0.21717899860105963,0.3493519842213037,U8,MN8014,17.476710479276953,4.017093734216127,WPG,SSPG,0.1103461089075227,0.3359465062180926,0.20199975994840047,-0.8449424391549852,2,-1.3603114178248106,941.4,2.8,48.5
0.21604723958449817,0.3480278338994297,U8,MN8014,17.50894517348428,4.00925598046175,WPG,SSPG,0.11075412839610146,0.33357677181696355,0.2002370708725299,-0.8226786497980986,4,-1.408284628110053,943.9,2.8,48.4
0.2164816562394443,0.34801829018686814,U8,MN8014,17.466527371957852,4.007759568218594,WPG,SSPG,0.11079636168574097,0.3332497626708779,0.2006440078715661,-0.8369965859967076,0,-1.3736841587299988,943.1,2.8,48.3
0.21632304534957117,0.3484162269335507,U8,MN8014,17.463431550881594,4.002786131634268,WPG,SSPG,0.11082107109849254,0.3347719537011989,0.20000705147767317,-0.8329985794505425,4,-1.3857653668707766,939.3,2.8,48.6
0.21694648310404224,0.3471631628518143,U8,MN8014,17.491792668889932,4.0021169923510715,WPG,SSPG,0.11036626041072406,0.3359908425279592,0.20066449087563878,-0.8365961781637632,3,-1.3773449589690863,940.7,2.9,48.4
0.217090093151253,0.3471167967582776,U8,MN8014,17.523802428151996,4.0009990180605195,WPG,SSPG,0.11154350719795575,0.3353280574230385,0.20096646661857862,-0.8261916977248659,6,-1.38535034396382,943.2,2.9,48.6
0.21779359485210736,0.3465445803979968,U8,MN8014,17.502342211816547,4.0128285581979215,WPG,SSPG,0.11134112909518329,0.3387443802675681,0.20177474664074507,-0.8473540046757038,2,-1.3846474272163292,942.3,2.9,48.4
0.22003359134965453,0.346801186432469,U8,MN8014,17.454615541045513,4.023751524845172,WPG,SSPG,0.1122586477694362,0.34022352965417274,0.20213936899318083,-0.8548973644625646,3,-1.4045363804057818,952.3,3.0,48.3
0.21778845605315028,0.34388030513838475,U8,MN8014,17.390771385743683,4.028484879573439,WPG,SSPG,0.11218782932421184,0.3392826798241152,0.20434148423948292,-0.8578415934084863,0,-1.3715418634412728,955.5,3.0,48.5
0.22103705263999437,0.34672524990874976,U8,MN8014,17.46680667026121,4.013417142386136,WPG,SSPG,0.11181316242007433,0.34259080010346704,0.20088933787828162,-0.8488456786775712,5,-1.3996568770549835,937.4,2.9,48.3
0.21696304295101784,0.34143349873010964,U8,MN8014,17.36135920022134,4.049118212603175,WPG,SSPG,0.11134067454069121,0.3413434982226042,0.20000002102189113,-0.8419058342262181,5,-1.353508936530913,950.4,3.2,48.7
0.22027730307834897,0.3452624961950588,U8,MN8014,17.483784777812637,4.0333618433539975,WPG,SSPG,0.11105732852225284,0.34061167029220896,0.2019788684645503,-0.8647995547521552,4,-1.3837736449036147,954.3,3.0,48.0
0.21553059416381298,0.34354730416735396,U8,MN8014,17.497943378738526,4.032505240162274,WPG,SSPG,0.11148551204854704,0.3379868656782932,0.2002428459226307,-0.856508069511493,0,-1.4127834502827028,955.5,3.2,48.4
0.21495367541600605,0.34298658108115976,U8,MN8014,17.416538940930046,4.028200734243972,WPG,SSPG,0.1102868855512534,0.33689560773379507,0.2001950121749379,-0.8645161971087933,0,-1.3824543957898197,958.3,3.1,48.9
0.21632923158569778,0.34518482946843265,U8,MN8014,17.545691774741137,4.021681631063605,WPG,SSPG,0.11000086916444471,0.3372443811524657,0.20005439441066272,-0.8603974338205593,2,-1.4286782268444895,965.5,3.2,48.7
0.217052799967143,0.342656233641027,U8,MN8014,17.543383929108096,4.034949712022317,WPG,SSPG,0.10977160217283288,0.34048268538574866,0.20093797118604687,-0.8918384616938333,4,-1.4532829602901245,961.9,3.2,48.8
0.21419455219763667,0.34369771233387203,U8,MN8014,17.545854770388207,4.010074208799371,WPG,SSPG,0.11118401343392448,0.3375712966182675,0.20005258509998386,-0.8624470772394305,4,-1.467403238457356,964.8,3.1,48.8
0.21465414420887344,0.3414678680261243,U8,MN8014,17.483586958191495,4.045439614022459,WPG,SSPG,0.11095024091806799,0.3376868027311025,0.2002278346151327,-0.8777657041343624,6,-1.4299435923059765,972.1,3.2,49.0
0.21225472922143337,0.33883905467849773,U8,MN8014,17.47772206537936,4.044885948256492,WPG,SSPG,0.10981555050271546,0.3371866737983291,0.20026879275316348,-0.8832161163083165,4,-1.4663151309609521,974.6,3.4,49.3
0.21302611527437137,0.34023572290635684,U8,MN8014,17.508707989688688,4.044592044076435,WPG,SSPG,0.10999340427928767,0.3401630119993618,0.2000003612241755,-0.9090593325596327,3,-1.4317576308834852,968.5,3.4,49.4
0.2136233964826036,0.34233902039133696,U8,MN8014,17.328420132487203,4.013576655838574,WPG,SSPG,0.11012568863483907,0.3398184654208683,0.20071746685401273,-0.9202238189660092,6,-1.3583264317242456,963.4,3.3,49.0
0.21336780191162125,0.3421138758386426,U8,MN8014,17.416099273262162,4.000534106702341,WPG,SSPG,0.11055751628245822,0.3403497957123904,0.20036409242680625,-0.9020279800985053,0,-1.3823430004502857,961.2,3.2,49.3
0.21518258439254268,0.34115672912046646,U8,MN8014,17.294806574690217,4.038484032563951,WPG,SSPG,0.11023369536975433,0.34143476596736244,0.20012558616398857,-0.9244439377859279,1,-1.3775315575891227,957.8,3.4,48.9
0.21800524735234708,0.3448656107888643,U8,MN8014,17.35282344354549,4.00045437511826,WPG,SSPG,0.11089687333941853,0.346134654590118,0.20003503637237158,-0.9088855729034503,2,-1.3825551078648708,935.7,3.1,48.4
0.21998451612554182,0.34510125258654994,U8,MN8014,17.494762670082093,4.001157250547763,WPG,SSPG,0.11073807883678188,0.347285824662598,0.20292550108752772,-0.910660084201563,3,-1.398494278811464,938.9,3.1,48.3
0.21824970384540773,0.34520120189532233,U8,MN8014,17.37206535442568,4.004087869365197,WPG,SSPG,0.11142301144297387,0.3459854995374524,0.20072790640860322,-0.902769250542894,1,-1.3908585839852208,932.6,3.2,48.4
0.22095276777899445,0.3479427855306175,U8,MN8014,17.32225091318157,4.046714431466018,WPG,SSPG,0.11207481012730318,0.34857067379942325,0.20442219298782935,-0.9128140672602643,3,-1.3580075787560215,915.0,3.0,47.3
0.22196174492856866,0.345706353600554,U8,MN8014,17.39394331989211,4.02264737916734,WPG,SSPG,0.11187282394411857,0.3465039474062865,0.2071650967707778,-0.9103252937947269,5,-1.3433671688630522,944.5,3.4,48.1
0.2209349451892497,0.3467724567796485,U8,MN8014,17.536866495119376,4.0189694325857435,WPG,SSPG,0.11155284095652089,0.34871219305893436,0.20365441074229787,-0.9165726282694114,3,-1.410018461121025,924.5,3.3,47.6
0.21852448801293375,0.3427990161238227,U8,MN8014,17.400617664928106,4.04748937689651,WPG,SSPG,0.11086106581213201,0.34391215548075804,0.2025229083726648,-0.8792769453731862,6,-1.3438360102160818,932.6,3.3,48.1
0.22044308458174716,0.3432391961045947,U8,MN8014,17.324120280057365,4.006918738157043,WPG,SSPG,0.11199551336280722,0.34690511843481137,0.20068621650100638,-0.8882455634063762,7,-1.362395656764587,938.5,3.4,47.7
0.21997505474672135,0.34607972172857104,U8,MN8014,17.288683596167314,4.017475549858566,WPG,SSPG,0.11333622750598123,0.34611546417308214,0.20053800925322104,-0.8822093078410147,2,-1.3693443380001469,926.3,3.4,47.6
0.22078316361821346,0.345195097289269,U8,MN8014,17.312334671456732,4.002670614214279,WPG,SSPG,0.11348100735864229,0.3462673604878378,0.20007502841259944,-0.8795732708835333,2,-1.3664078049506774,936.2,3.5,47.9
0.21834973385036793,0.34258206364045046,U8,MN8014,17.470507870205623,4.006013568456323,WPG,SSPG,0.11231405944138212,0.3426600448080449,0.20015452958043728,-0.8571445571737584,4,-1.431376629921992,941.2,3.4,48.3
0.21697810431167702,0.3439851734493613,U8,MN8014,17.270252091825302,4.006901197570154,WPG,SSPG,0.11253984277157944,0.3409030130644424,0.20030785576913465,-0.8581279282459423,2,-1.3680825417497662,944.6,3.6,48.4
0.21593495131254245,0.3425656273875004,U8,MN8014,17.281473697983117,4.002249914805296,WPG,SSPG,0.11223079650183551,0.33997249295796494,0.2005335763819175,-0.8879554936737565,3,-1.3876699247612638,955.3,3.6,48.6
0.2147560727367926,0.34160978039766343,U8,MN8014,17.283196343178837,4.000747727862856,WPG,SSPG,0.10997350947170559,0.34228109749087343,0.20204383546895624,-0.8800657983138105,1,-1.3705922820459406,945.8,3.7,48.3
0.21340065960493848,0.3440246527912504,U8,MN8014,17.14441726373123,4.004740992109771,WPG,SSPG,0.11100607292087471,0.34344593803739587,0.20318151239686863,-0.9085309163697759,3,-1.3509103766647428,937.9,3.4,47.9
0.21342028305607944,0.34418837128148794,U8,MN8014,17.173643939955127,4.024297801880114,WPG,SSPG,0.11008926527584867,0.3390267233042995,0.2009276153376766,-0.8947491994775071,1,-1.3347764431673603,956.8,3.5,48.5
0.21434448502164657,0.3430985043932659,U8,MN8014,17.033469069550563,4.002602965233349,WPG,SSPG,0.11261512591184496,0.3419019911176441,0.20453967444148297,-0.8834465979940159,3,-1.378597899755981,957.7,3.5,48.0
0.21398999476667738,0.3415287315373186,U8,MN8014,17.028980183853278,4.021802314268556,WPG,SSPG,0.11034647545749127,0.34025922853453994,0.20243271575823985,-0.8847067918822329,3,-1.3661916052682468,957.0,3.5,48.1
0.21468116598881762,0.3406951758180134,U8,MN8014,17.022196620470957,4.043555401364109,WPG,SSPG,0.10979008395101901,0.3408970650355204,0.20198237399338545,-0.8885058444516718,4,-1.3880867451244487,960.8,3.5,48.2
0.2098076502386132,0.3369777496072769,U8,MN8014,17.03546120168719,4.038560013220879,WPG,SSPG,0.10950947709649667,0.3365868393595357,0.20207688353268044,-0.8738440059062851,3,-1.38971033488391,972.8,3.7,48.7
0.2148863822333288,0.340026316836605,U8,MN8014,17.06905546543029,4.048677476248981,WPG,SSPG,0.10964799302716036,0.3371162146694245,0.20286437600626445,-0.8554291372426961,3,-1.3749538262082677,968.6,3.6,48.2
0.21594645933052853,0.3394208589626375,U8,MN8014,17.141454586190868,4.0026685856739395,WPG,SSPG,0.11031665105981187,0.3410245097986171,0.20543299788653482,-0.869100957790458,7,-1.3576144656080373,968.0,3.7,48.3
0.21278825225081774,0.33440749598863173,U8,MN8014,17.252060871812525,4.028082567170552,WPG,SSPG,0.10925303940242073,0.33729612708556145,0.2020265078598854,-0.858047291599163,1,-1.378677389025773,975.9,4.0,48.4
0.2100315347883437,0.33639762796979117,U8,MN8014,17.47084049924449,4.023121203550144,WPG,SSPG,0.10804772905116389,0.33380439404161905,0.2030487778967818,-0.8489393672502468,7,-1.4491795168485186,979.0,4.1,48.2
0.21081889880271873,0.3351595250983166,U8,MN8014,17.47077005532885,4.0111046052789,WPG,SSPG,0.10848540250448174,0.3372069201113832,0.20110587421064566,-0.8591123075015823,7,-1.433627384382918,973.5,4.1,48.5
0.21199369515065708,0.34202674667241856,U8,MN8014,17.52309882065289,4.010022799743753,WPG,SSPG,0.10962786177189732,0.33866861678582744,0.20051166677804824,-0.8744913925631043,5,-1.4351312169538808,963.7,3.9,48.2
0.20986014243501072,0.3407138047469286,U8,MN8014,17.523138675185162,4.016633003899352,WPG,SSPG,0.10952320753168521,0.33754887769817776,0.20038464816729745,-0.8693327304222195,0,-1.4340439858060616,963.2,4.0,48.1
0.2126035571909712,0.34073208778656144,U8,MN8014,17.513382440000647,4.014831988998694,WPG,SSPG,0.10994799305653125,0.3348021977485581,0.20024424770901192,-0.8647811853155114,4,-1.4596347778300967,969.3,3.9,48.4
0.21500331262214514,0.3401080746461786,U8,MN8014,17.53270223924124,4.035835393549963,WPG,SSPG,0.10843056245335889,0.33887675570533154,0.2001908091383439,-0.8709780358500485,3,-1.4655062101778213,974.0,4.0,48.5
0.211518650190269,0.338395935614021,U8,MN8014,17.49451573418134,4.001089095636117,WPG,SSPG,0.10851407060950216,0.3353174824801529,0.2000022070931428,-0.8671300319954773,6,-1.4290350018251434,970.7,4.0,48.3
0.2129422952790202,0.3382967329675684,U8,MN8014,17.481139349904492,4.005805585176451,WPG,SSPG,0.10896640592868617,0.3383558664064303,0.20007207198414304,-0.8643645976540261,3,-1.474145028688696,963.4,3.9,47.9
0.2127952313620512,0.33419179941740085,U8,MN8014,17.546959716795314,4.005727427481395,WPG,SSPG,0.10869213540592101,0.336429930390687,0.20001677909103519,-0.8438359198025785,1,-1.4651121960616162,973.3,4.1,48.5
0.21276546293239454,0.33728967487008454,U8,MN8014,17.48634738322116,4.002203356399845,WPG,SSPG,0.1087469142419629,0.33544845810723883,0.20008202158034624,-0.8373672736393657,2,-1.4304705375808187,969.0,3.9,48.4
0.21161351414202095,0.3352785290527901,U8,MN8014,17.390308798997907,4.009896844438469,WPG,SSPG,0.10837739404858945,0.3350294846477437,0.20062074914524264,-0.8461417768848177,7,-1.3807287626302802,968.3,4.0,48.6
0.21158911077671008,0.33899689299029057,U8,MN8014,17.473664350379565,4.000459698028004,WPG,SSPG,0.10830348172696863,0.33449212473175455,0.20078257599292407,-0.867106009122776,5,-1.448216640243686,968.9,3.9,48.2
0.21345737541819487,0.33720199625347425,U8,MN8014,17.489749853446668,4.0000154542709145,WPG,SSPG,0.10871024200757383,0.33725040379767635,0.20015766492189582,-0.8630433418963466,0,-1.4694790645361575,961.1,3.9,48.4
0.21180826646383055,0.33685474316965824,U8,MN8014,17.523241217007907,4.001060166645708,WPG,SSPG,0.10891646885324557,0.33600993639534876,0.20000104700045204,-0.8495166818450113,6,-1.4688625099520518,967.2,4.0,48.5
0.21192644596308774,0.33919021609232847,U8,MN8014,17.46818508683341,4.0004690139158114,WPG,SSPG,0.1098215763444863,0.3372457900437409,0.20024660002273512,-0.863976607539152,1,-1.4601969224327807,964.8,3.9,48.2
0.213565881325874,0.33983705172057105,U8,MN8014,17.478739610585627,4.000121787269668,WPG,SSPG,0.10939283350237877,0.33886528875176586,0.20176435120690606,-0.8685549302474791,7,-1.4672162769561865,967.1,4.0,48.1
0.21281516709335135,0.3394896486254414,U8,MN8014,17.446845938066406,4.009569867680097,WPG,SSPG,0.10903875234980875,0.3376968456715176,0.2006415871630437,-0.8652038471530625,1,-1.3793146101082225,970.3,4.0,48.3
0.21219160776070867,0.3406289711877628,U8,MN8014,17.526658771022568,4.000349704822174,WPG,SSPG,0.108993381715045,0.33863370146527,0.20160681888329077,-0.8738588454226166,1,-1.4522350583753916,965.5,3.9,48.1
0.212403749331051,0.33975437358047056,U8,MN8014,17.52401779522807,4.000095598886375,WPG,SSPG,0.1089928523143515,0.33906126298794537,0.20192450711457094,-0.8625718311753202,6,-1.4683772244066002,965.1,3.9,48.2
0.21193995409026634,0.3373378563511168,U8,MN8014,17.493048494596206,4.001538543710237,WPG,SSPG,0.10945233670363463,0.3375113096889068,0.20127771387523669,-0.8627367377598877,5,-1.4430847987825555,968.9,3.9,48.2
0.21255791949388322,0.33960072208103387,U8,MN8014,17.50335176727073,4.000009479725383,WPG,SSPG,0.10988527139010562,0.33855086837643356,0.20221937162345976,-0.8654987243251175,6,-1.450484520666114,966.8,4.0,48.2
0.21318510571724966,0.339189845916255,U8,MN8014,17.478915663911437,4.000016700316552,WPG,SSPG,0.10952529007642403,0.33849036119668025,0.200233346648485,-0.8666725075912125,6,-1.4660125211956423,964.6,4.0,48.1
0.2140915169948942,0.33912800774118296,U8,MN8014,17.47189808630211,4.000213059085506,WPG,SSPG,0.1094371765523856,0.34024092500877134,0.20067624078130075,-0.8729156664145802,1,-1.4639011993947744,960.5,4.0,48.0
0.2134847670109898,0.34008504929199823,U8,MN8014,17.45475485969284,4.000018685718583,WPG,SSPG,0.10972864125606371,0.33851884044814046,0.20009219798256617,-0.8650367174666561,4,-1.467143919167615,965.3,4.0,48.2
0.21322773087472519,0.33858440192509603,U8,MN8014,17.498352361948992,4.000026802334179,WPG,SSPG,0.10961355478532135,0.33895725563905854,0.20039957108017833,-0.8574421578876471,0,-1.4793522139332627,964.4,4.0,48.2
0.21311290833823093,0.3403934709694644,U8,MN8014,17.520278849606626,4.000207228646524,WPG,SSPG,0.10971502196795338,0.3391794482606314,0.20040783499079165,-0.8666407988891984,1,-1.4692083136037173,964.4,4.0,48.2
0.21323569488853653,0.34105253059452634,U8,MN8014,17.45682775506488,4.000323156562712,WPG,SSPG,0.10949485715396451,0.33855113701510736,0.2003034906708267,-0.8655510354994186,5,-1.4803429482275376,967.3,4.0,48.2
0.21372199934432304,0.34053005647893775,U8,MN8014,17.501631485695746,4.000558535413438,WPG,SSPG,0.10946229389444848,0.3391975617028057,0.20052921312523175,-0.8676706674447717,6,-1.4647651294466364,965.5,4.0,48.2
0.21435054802546044,0.34203199150637986,U8,MN8014,17.519058968256303,4.000011418825333,WPG,SSPG,0.10964709949658666,0.34026121104379004,0.20171000912666956,-0.8766455011453784,4,-1.475432300912031,963.6,4.0,48.1
0.21385538011249988,0.34073696629849504,U8,MN8014,17.526628180633832,4.000851019884946,WPG,SSPG,0.10945483454838793,0.3398869042642704,0.20126648801368793,-0.8754569906293574,3,-1.4646177780886749,961.4,4.0,48.0
0.21416349903919596,0.3406859784807537,U8,MN8014,17.527052879231444,4.000839476537609,WPG,SSPG,0.11007407773464031,0.34057886817699135,0.20081247069734273,-0.8761015478197991,6,-1.470944434017202,961.1,4.0,48.1
0.21413922516443604,0.3412515683376782,U8,MN8014,17.525415005162607,4.000025758644655,WPG,SSPG,0.10970945296647061,0.3393921764121497,0.2007221255301614,-0.8710971865669895,3,-1.4775028737797733,962.6,4.0,48.1
0.21472306392893992,0.3417330691529006,U8,MN8014,17.499700134501076,4.00052416570316,WPG,SSPG,0.1100901024081791,0.3406274873959632,0.20089608252577884,-0.8759405811190581,0,-1.4768351808515714,962.9,4.0,48.1
0.21419795440286346,0.34046265826693695,U8,MN8014,17.51165335252445,4.000208029890009,WPG,SSPG,0.10968383819049998,0.3404602037110268,0.20063327532485153,-0.8686147583438658,2,-1.470889440378139,966.1,4.0,48.2
0.21435241716191544,0.3417491698588956,U8,MN8014,17.52181115769901,4.0011670418040595,WPG,SSPG,0.10978073362445415,0.34034990447376207,0.20045865300190988,-0.8769876932858662,3,-1.4713891250092672,961.4,4.0,48.1
0.21440271192923774,0.34169641185323596,U8,MN8014,17.541824148266922,4.000739947554485,WPG,SSPG,0.10985908935295852,0.34078434710851363,0.2006314413158495,-0.8796619300060302,5,-1.4647881971515488,961.1,4.0,48.1
0.2138809758479833,0.3413422869698446,U8,MN8014,17.526517104800657,4.0022883489748295,WPG,SSPG,0.11000291957746976,0.340378098850414,0.20086455784484666,-0.8777205112786194,2,-1.467532226008343,960.3,4.0,48.1
0.21399832216084097,0.34167016260604655,U8,MN8014,17.521636463353836,4.00169753414515,WPG,SSPG,0.10976735493867198,0.3403188425982775,0.2009691374518105,-0.8755805117625207,7,-1.4661290417193786,960.3,4.0,48.1
0.21434098822638703,0.3420440999925435,U8,MN8014,17.529160811698397,4.001547130212194,WPG,SSPG,0.1097852921551635,0.34062503920852555,0.20128523474201604,-0.876145469786404,5,-1.4741626303756785,960.0,4.0,48.1
0.2140607903831938,0.3423161828081665,U8,MN8014,17.502336853598432,4.00127147285373,WPG,SSPG,0.109942538678567,0.34104683117962653,0.20073431362856284,-0.8795189057555335,1,-1.4678724500095424,958.3,4.0,48.0
0.21408992059598894,0.341184284721266,U8,MN8014,17.526344174750772,4.001170513212472,WPG,SSPG,0.10989485673245217,0.3405743959231317,0.20064995300254912,-0.8714086531967195,3,-1.4691453757813857,959.9,4.0,48.2
0.21439430429000947,0.3411731303423643,U8,MN8014,17.53049633343074,4.000949390805473,WPG,SSPG,0.10979330065699161,0.34083296070887065,0.20171617959747826,-0.8754837047713397,7,-1.462504506734641,961.5,4.0,48.1
0.21426774823732322,0.34159702417511784,U8,MN8014,17.527114272478503,4.000677031516109,WPG,SSPG,0.10982483092157691,0.3403888303234991,0.20120218273490298,-0.8724535452626575,7,-1.479498539425677,961.3,4.0,48.1
0.21396774764504592,0.34171058584904135,U8,MN8014,17.52486087233841,4.000529705238691,WPG,SSPG,0.10979552064215398,0.3401472964631135,0.201005934026021,-0.8742231565154588,1,-1.4724143626438337,961.3,4.0,48.2
0.2138943387855876,0.3417206567181991,U8,MN8014,17.515167441813716,4.000915797150311,WPG,SSPG,0.1098111950383,0.33977994658121835,0.2007571022075639,-0.8736109117346905,1,-1.4732179788616158,961.8,4.0,48.2
0.21416490851276881,0.3416522344760211,U8,MN8014,17.507637925971185,4.000789929796974,WPG,SSPG,0.10985409863624662,0.33987509698642726,0.20097564550206767,-0.8718914078632392,4,-1.4735274525360627,960.8,4.0,48.2
0.21398616306848497,0.3422728442346405,U8,MN8014,17.516779024594296,4.000774076322282,WPG,SSPG,0.10986214961292068,0.34016260197894166,0.20091510541002736,-0.8747174411453944,1,-1.4726999222139128,960.2,4.0,48.2
0.21440700725148273,0.3426237414379418,U8,MN8014,17.532134750902635,4.001578243297572,WPG,SSPG,0.11004489573804571,0.34090736024621743,0.20098850336935678,-0.8779646706079999,4,-1.4652812552064685,957.0,4.0,48.1
0.21425149649356345,0.3422063023885681,U8,MN8014,17.51397392326414,4.001689547301405,WPG,SSPG,0.11010543793042576,0.3406242417038676,0.20074427798283911,-0.8737960223601262,7,-1.4772461363642329,958.9,4.0,48.1
0.21366723479073685,0.34221964979062447,U8,MN8014,17.53061880095531,4.001803011373184,WPG,SSPG,0.10985147622812277,0.3396153447327584,0.20075118495000066,-0.8723973138065138,7,-1.4747701377778224,959.6,4.0,48.1
0.21376173172883767,0.34219298591433994,U8,MN8014,17.53419078903984,4.000482943374647,WPG,SSPG,0.1099219764428459,0.33990176692532237,0.20053266242832177,-0.872390108841473,7,-1.4738415227089199,960.2,4.0,48.1
0.21357177877211111,0.3423942766134925,U8,MN8014,17.524865258993948,4.00087744582728,WPG,SSPG,0.11005222752794797,0.3394361430552972,0.2001800548817899,-0.8699309259004394,6,-1.4742893248545883,961.1,4.0,48.1
0.21365199405658042,0.3415029324152286,U8,MN8014,17.53848535682453,4.001057579998042,WPG,SSPG,0.10997933700978434,0.3399500853238478,0.2004516538156288,-0.8721041993912134,0,-1.4675614202573648,960.4,4.0,48.1
0.2139813552626606,0.3418872950545028,U8,MN8014,17.516453443461014,4.001897052203044,WPG,SSPG,0.10996833369935516,0.33957773685975967,0.2004678283214031,-0.8741369811029449,0,-1.4751246082173246,960.3,4.0,48.1
0.2138453467279615,0.3417575816021744,U8,MN8014,17.515918999259625,4.001969403160209,WPG,SSPG,0.11015476647546477,0.339699588215517,0.20029923114514142,-0.8716547930105161,6,-1.4743825967064161,959.4,4.1,48.1
0.21372528863219972,0.3417398643180797,U8,MN8014,17.530865841187218,4.002114725056645,WPG,SSPG,0.11004500379811587,0.33944512082406003,0.20023499401203315,-0.8703714607505166,0,-1.4703587142661476,959.7,4.1,48.1
0.21408391874732535,0.34184299100835863,U8,MN8014,17.518465492667858,4.002317352104651,WPG,SSPG,0.11001707956532986,0.33996735025569497,0.20024622764187372,-0.872159857312401,3,-1.4740984639912664,959.7,4.1,48.1
0.21364914618413172,0.3416576652657613,U8,MN8014,17.52961358438906,4.001850362445673,WPG,SSPG,0.11001950781211337,0.3393036802029958,0.20025045439835543,-0.8662617145145246,5,-1.4810147988571138,960.8,4.1,48.2
0.21363046724065457,0.34156580807862247,U8,MN8014,17.533030828751997,4.0019935478908515,WPG,SSPG,0.10992223426148934,0.3390387176132298,0.20010630631957402,-0.8669157236249199,5,-1.4734771487718046,960.6,4.1,48.2
0.21328330821365019,0.3412565377887855,U8,MN8014,17.53593864782946,4.0019184381532975,WPG,SSPG,0.10988838826235844,0.33949749473384017,0.2001979616893734,-0.8687296682275184,4,-1.4672533828172991,960.1,4.1,48.1
0.21384221735903045,0.34151801136090804,U8,MN8014,17.528228986836943,4.0032354512883765,WPG,SSPG,0.11004131729297315,0.33982713879617693,0.2002692272736531,-0.8702470531168247,6,-1.4773144183711242,959.4,4.1,48.1
0.2138042420761451,0.3419536634177678,U8,MN8014,17.54102447477107,4.003208132931655,WPG,SSPG,0.10979236763206095,0.3396520784229775,0.20034092174466048,-0.8705554289236301,6,-1.4717910616844971,960.4,4.1,48.1
0.21372266335042098,0.3421020432144595,U8,MN8014,17.538819318042748,4.004078841547147,WPG,SSPG,0.10982869896309463,0.34011150868383055,0.200385974595401,-0.8742013053302926,4,-1.4717505350971098,958.2,4.1,48.0
0.21347614268914217,0.34161253707986766,U8,MN8014,17.525222391494506,4.00400544965566,WPG,SSPG,0.10992997297464435,0.34025894399011997,0.20038570981468484,-0.8712309497796519,5,-1.470427453996514,958.4,4.1,48.0
0.21345358128546,0.34087630441390965,U8,MN8014,17.52515591702982,4.001576276229967,WPG,SSPG,0.10983173624874454,0.3400566108468698,0.20046813425481536,-0.8689295502244861,3,-1.4714123271827262,960.8,4.0,48.1
0.21364438774566513,0.3415436452485837,U8,MN8014,17.512886546266976,4.003233629842645,WPG,SSPG,0.10988219307998547,0.3400253822887046,0.2002998565930972,-0.8719236948351508,6,-1.4739080206841404,959.9,4.0,48.0
0.21366523256100853,0.340637904951455,U8,MN8014,17.51423347853468,4.0026935292553265,WPG,SSPG,0.10990134731666976,0.33979944138799867,0.20024469214174725,-0.8688217653431023,0,-1.4743504670759382,960.3,4.1,48.1
0.2134817337690966,0.340906044803464,U8,MN8014,17.526064644947933,4.003058745137997,WPG,SSPG,0.10984327534587365,0.3400012018747597,0.20024662154288486,-0.8700832620755287,5,-1.464729833670317,959.2,4.1,48.1
0.2134135028889564,0.34062229784846176,U8,MN8014,17.52378199418461,4.003186067693889,WPG,SSPG,0.10997677408257059,0.3399199603086553,0.20028832253954917,-0.8695465030816738,0,-1.468775560535894,958.9,4.1,48.0
0.21378037441357434,0.3408309957423312,U8,MN8014,17.52946052485094,4.001953405545449,WPG,SSPG,0.10987993798872374,0.3398566444527742,0.20022053341887344,-0.8691701286878761,6,-1.4782593412182887,960.1,4.1,48.0
0.21325940831917284,0.3394629515165557,U8,MN8014,17.517898537663985,4.001821758536553,WPG,SSPG,0.10995064109675266,0.3393187750456233,0.20005388455623893,-0.8641528688851382,7,-1.471152026664642,961.1,4.1,48.1
0.21342073426653924,0.3405134310277994,U8,MN8014,17.540910360763775,4.002034388214662,WPG,SSPG,0.11002475762058775,0.33909379889935737,0.2000116201014037,-0.867075802021009,2,-1.4690971718224013,960.1,4.1,48.1
0.2133326991781708,0.34024170195822423,U8,MN8014,17.52738487969493,4.00071355172353,WPG,SSPG,0.1098980356630361,0.3388461450195106,0.20007956574455169,-0.8632178234592432,5,-1.4741258565194784,961.5,4.1,48.2
0.21335013485973686,0.34011815395805656,U8,MN8014,17.52898713721563,4.001992409871327,WPG,SSPG,0.11000018110106513,0.33881061898403,0.2000301739822705,-0.8634726529156769,1,-1.4803719112838394,960.4,4.1,48.1
0.2132931956471499,0.3404369095416656,U8,MN8014,17.542338028613326,4.001885968638144,WPG,SSPG,0.10995845613091601,0.3388107935744072,0.20000349226230033,-0.8666398111407677,2,-1.4689404087199183,959.7,4.1,48.1
0.21341453814378072,0.34023178996617104,U8,MN8014,17.539558969043576,4.001757016843242,WPG,SSPG,0.11006040729589953,0.3387150562019512,0.2000008915583388,-0.865883856221709,0,-1.4712605463373905,959.5,4.1,48.2
0.21361275625753254,0.340475328411727,U8,MN8014,17.542252969247535,4.002547934722108,WPG,SSPG,0.11009405847207773,0.3395166276454329,0.20015067939246942,-0.8660333337501717,1,-1.476908180106948,959.5,4.1,48.1
0.21393555772322068,0.34075551371855567,U8,MN8014,17.534045776652658,4.004459748651156,WPG,SSPG,0.11023875034735856,0.33992475351526646,0.20015361653798722,-0.8720287095477975,4,-1.4737968921233193,958.5,4.1,48.1
0.21368368980992428,0.3412763551833844,U8,MN8014,17.518570143749983,4.0046081890393666,WPG,SSPG,0.11025654661728776,0.34002249566602594,0.2002131783119031,-0.8714290640827157,3,-1.4750782987787758,957.9,4.1,48.0
0.21315710654678324,0.34015434643310244,U8,MN8014,17.535452189024237,4.003824592045686,WPG,SSPG,0.11024644174425328,0.339131299946357,0.20005225464906076,-0.8640587165959591,7,-1.4758032306181157,958.5,4.1,48.1
0.21347874905205766,0.3399266780417257,U8,MN8014,17.529314876095647,4.002336145386363,WPG,SSPG,0.110318296436196,0.33934928387694113,0.20000412802194506,-0.8633355518198996,3,-1.4757019609423168,959.4,4.1,48.1
0.2137044773041079,0.34116524873128734,U8,MN8014,17.544011658340985,4.00425996213008,WPG,SSPG,0.11026425318312713,0.3397263486803316,0.2000272836021601,-0.869748602890714,3,-1.4737342586696247,957.5,4.1,48.0
0.21347325135507703,0.3403455032737044,U8,MN8014,17.533978325936225,4.002500009679427,WPG,SSPG,0.11022044691037092,0.33915364645737245,0.2000568626097919,-0.8665959518876036,6,-1.4767931344469378,959.8,4.1,48.1
0.21317589056862965,0.34024184763608967,U8,MN8014,17.543634694092965,4.001797183824849,WPG,SSPG,0.11020748898181326,0.3391605572275842,0.2000216657774594,-0.8652153661845551,6,-1.474288600855031,960.2,4.1,48.1
0.2133901396927066,0.34009194805370424,U8,MN8014,17.537311062365248,4.001705571135052,WPG,SSPG,0.11021625878522878,0.33893892627405375,0.2000259486110559,-0.8657155242862818,5,-1.4782716800816118,960.6,4.1,48.1
0.21316354855724026,0.3398209761312471,U8,MN8014,17.538324254111174,4.001246096484268,WPG,SSPG,0.110172478024604,0.33880346774497333,0.2000049575091998,-0.8628439754622996,5,-1.4724091913464932,960.4,4.1,48.1
0.2133662215673934,0.339354094095181,U8,MN8014,17.53534820589037,4.001937550337744,WPG,SSPG,0.11020998099419901,0.338998846973559,0.20001814342361807,-0.8635862306380025,2,-1.478739811967598,960.3,4.1,48.1
0.2133648358176999,0.33965633119096744,U8,MN8014,17.53661775316037,4.001769947129919,WPG,SSPG,0.11013367254408785,0.33904061668054986,0.20002490607418308,-0.8632877724249689,4,-1.4710274160885728,960.0,4.1,48.1
0.2131436605448126,0.3392628509449772,U8,MN8014,17.543670698843236,4.001275867320357,WPG,SSPG,0.11005432933980927,0.33875404318958485,0.20000432883126024,-0.8631515273742071,5,-1.4780694828557195,961.1,4.1,48.1
0.21316557790415644,0.3391334140277808,U8,MN8014,17.549584939380328,4.001896781686551,WPG,SSPG,0.11007729184200168,0.33858067973439165,0.20000364447913313,-0.8601942211370958,7,-1.4735197438065448,960.4,4.1,48.2
0.2135354753567192,0.33947068687286724,U8,MN8014,17.540531909103677,4.002949189557813,WPG,SSPG,0.11012341720324106,0.3391921856002402,0.2000312773392093,-0.8635649548172989,1,-1.4742055995259786,959.5,4.1,48.1
0.21334379767209968,0.33892433291209967,U8,MN8014,17.536949784474285,4.001880566327108,WPG,SSPG,0.11014136139782774,0.33859389269774975,0.20001110713840153,-0.8613632890921162,6,-1.474655663691994,960.9,4.1,48.1
0.21339611860777424,0.3391555131494635,U8,MN8014,17.52479878802641,4.002492790103509,WPG,SSPG,0.1102680672577111,0.339150763081681,0.20006775754657705,-0.8633980944517373,6,-1.47848172371312,960.2,4.1,48.1
0.21321509803693783,0.3395288179125207,U8,MN8014,17.529418958113325,4.00158322383506,WPG,SSPG,0.1100744459921574,0.3385878117662365,0.2000530728967343,-0.8622456414765348,6,-1.481986294828861,961.9,4.1,48.1
0.2133135415720019,0.3392491086211721,U8,MN8014,17.528616388626872,4.0010473440147605,WPG,SSPG,0.11008282004572659,0.3385097952356826,0.2000008906875991,-0.8617972168017887,7,-1.476029998609718,962.0,4.1,48.2
0.21326088869997178,0.3394310807442409,U8,MN8014,17.525792189864568,4.001116365081114,WPG,SSPG,0.11009268908770334,0.3385980055388796,0.20000485303934354,-0.8643230727236715,2,-1.4773402897886783,961.3,4.1,48.1
0.21334229101112656,0.33983180164884164,U8,MN8014,17.52982915976007,4.000981516336529,WPG,SSPG,0.11007072850461147,0.33847725574258275,0.20002492056559426,-0.8648619671632078,1,-1.4801660065729472,961.7,4.1,48.1
0.21342083114360863,0.33949978203299,U8,MN8014,17.524964378105512,4.001006530967279,WPG,SSPG,0.11023687773795254,0.3386716235726047,0.20000041430769958,-0.8631448445981846,0,-1.481843224229932,962.0,4.1,48.1
0.21339338544959163,0.3399017034192632,U8,MN8014,17.528961617115606,4.0016254434043095,WPG,SSPG,0.11016500459066189,0.3386119495150279,0.2000006946930945,-0.8631655711103692,6,-1.4824497375772978,961.6,4.1,48.1
0.21333683544034632,0.3399139775790336,U8,MN8014,17.54064797759061,4.001084412979665,WPG,SSPG,0.11001672106260124,0.3384412829006905,0.20000032522302905,-0.86269355432281,7,-1.4831639039635185,962.0,4.1,48.1
0.21327403293701064,0.3396975121616788,U8,MN8014,17.534940625465936,4.001370418746989,WPG,SSPG,0.11002460875403218,0.3384487801912746,0.20000105599438156,-0.8625075793729028,4,-1.4804537841723153,962.4,4.1,48.1
0.21327617834797682,0.3397686889858254,U8,MN8014,17.54680096428497,4.001108512573089,WPG,SSPG,0.11000275793563602,0.33829738267233866,0.20000075457347388,-0.861369831808296,5,-1.471148163572968,962.2,4.1,48.2
0.21320137796047733,0.3396076513818978,U8,MN8014,17.539674975747765,4.001462679432413,WPG,SSPG,0.11002633193423056,0.33835653368397706,0.2000002756399708,-0.8614793653470697,0,-1.476114989281097,962.7,4.1,48.1
0.21350919853389455,0.34001253874469833,U8,MN8014,17.5363297444896,4.00170042346023,WPG,SSPG,0.11007120497186576,0.3387698036088701,0.2000041067260882,-0.8639923183663761,4,-1.4717355985210983,961.6,4.1,48.1
0.2132511167983602,0.33936246479133864,U8,MN8014,17.539178540844446,4.001550679603848,WPG,SSPG,0.11007580839309515,0.3383483237509902,0.20000002506318731,-0.8613225832921345,3,-1.4827619747715879,962.7,4.1,48.1
0.21327361523740035,0.33969092808111795,U8,MN8014,17.543833636252124,4.001631224728623,WPG,SSPG,0.11001836620743852,0.33849081689414495,0.2000004827439359,-0.8606640769511276,4,-1.4730127317098205,962.5,4.1,48.2
0.21323354417004992,0.33969801177506864,U8,MN8014,17.53829206674977,4.001008225990239,WPG,SSPG,0.11008076148106376,0.3384225734852694,0.20000005219621098,-0.8614118682804945,5,-1.4774477383777835,963.0,4.1,48.2
0.2132132334840876,0.339651116808914,U8,MN8014,17.545426914771717,4.001264460581243,WPG,SSPG,0.11004290688163806,0.3383214882894107,0.20000772593112617,-0.8599996389070694,4,-1.4748811089714202,963.1,4.1,48.2
0.2132053984577408,0.3396359513431015,U8,MN8014,17.546797983819,4.001313331179611,WPG,SSPG,0.11008639302670664,0.3383467074410176,0.20000023026104316,-0.8604742764546471,2,-1.4788705599393275,962.8,4.1,48.2
0.21309967681189645,0.3396217230394222,U8,MN8014,17.544140414310615,4.001121392257237,WPG,SSPG,0.1100426309857706,0.3382661655766611,0.2000009639711099,-0.8607381963995978,1,-1.4789623102170495,963.3,4.1,48.2
0.21299934584208952,0.33974699436663247,U8,MN8014,17.540428938211093,4.000672624557331,WPG,SSPG,0.11000117648992752,0.33792898152860806,0.2000022304273009,-0.8595294188854995,6,-1.482249034315812,964.4,4.1,48.2
0.21291252535728905,0.3395586983649791,U8,MN8014,17.53682468600161,4.000880029430946,WPG,SSPG,0.10997740469119993,0.3381217423328355,0.2000033976413992,-0.8601337624975222,7,-1.4799820759156397,963.8,4.1,48.2
0.21296416045267252,0.3393825279214918,U8,MN8014,17.540475359138995,4.00049935755464,WPG,SSPG,0.10991505404222557,0.3378369412147165,0.20000417223244393,-0.8581769235719341,0,-1.4834296313054445,964.8,4.1,48.2
0.21289677550048425,0.33960940865767963,U8,MN8014,17.543092213336568,4.000505786465465,WPG,SSPG,0.10995892074086194,0.3379587821887971,0.2000035107236244,-0.8592269383290698,2,-1.4811892486099065,964.1,4.1,48.2
0.21301851292227314,0.33971180380593713,U8,MN8014,17.54622429185587,4.000497963393062,WPG,SSPG,0.10992756493122419,0.3380993640099897,0.20000093381289985,-0.8599789881003844,2,-1.4728030934646128,964.1,4.1,48.2
0.21305526436463784,0.3396195433125433,U8,MN8014,17.542199274784792,4.000603830368668,WPG,SSPG,0.10991074846281451,0.33796582143991005,0.20000569013827327,-0.8585919917997179,7,-1.476894229769938,964.4,4.1,48.2
0.21313862547614928,0.3395577307515728,U8,MN8014,17.542434590559758,4.000901068222356,WPG,SSPG,0.10996560152859129,0.3381653481859475,0.20000015690907816,-0.8600570138629114,2,-1.4782373201917096,963.9,4.1,48.2
0.21323959889227787,0.3396135744581574,U8,MN8014,17.53918471221747,4.000655210407765,WPG,SSPG,0.10996816673558701,0.338171528718332,0.20000352408205405,-0.8599381930930426,5,-1.4807775270054453,964.1,4.2,48.2
0.2133400413782558,0.3397509072283994,U8,MN8014,17.547253979959397,4.00088943656119,WPG,SSPG,0.10992656776863335,0.33841583394260955,0.20000287668892786,-0.8619629533178033,3,-1.4761203385175055,963.3,4.1,48.2
0.2133500924453379,0.3398963765896239,U8,MN8014,17.54599615104422,4.000618448239105,WPG,SSPG,0.10985972649923259,0.33822652760265637,0.20001019011041066,-0.8619850962683585,2,-1.483260499159254,963.9,4.1,48.2
0.21325677950342173,0.33979766899239466,U8,MN8014,17.547371223709106,4.000695203592908,WPG,SSPG,0.10989756320862548,0.3382947878298548,0.2000058284245469,-0.8616502750710405,6,-1.4806571278273477,963.4,4.1,48.2
0.21348346622092962,0.33991838304532546,U8,MN8014,17.547534875575145,4.000389730027997,WPG,SSPG,0.10984745263081347,0.33833401183936546,0.20001034393006678,-0.8627309690632474,6,-1.482357730591458,963.8,4.1,48.2
0.21340461270293618,0.33975597496629256,U8,MN8014,17.549375717726186,4.000852740287684,WPG,SSPG,0.109939725378389,0.3382855447611845,0.20002615247488725,-0.8621648027546479,0,-1.4745983279098311,963.0,4.2,48.2
0.21322429949546887,0.3396567979307049,U8,MN8014,17.5437293052156,4.00030291498489,WPG,SSPG,0.10987531509443937,0.33813002650064017,0.20002997124850636,-0.8602576514020368,4,-1.4824692200696727,964.1,4.1,48.2
0.2134115274161179,0.33989151596167416,U8,MN8014,17.538115558517767,4.000625061054604,WPG,SSPG,0.10990859572518445,0.3382183716936208,0.20003402217584373,-0.8610698139218419,6,-1.4807507002361184,964.2,4.1,48.2
0.21338313338376602,0.3398715530411856,U8,MN8014,17.543254192872872,4.000329785089476,WPG,SSPG,0.10992928445430256,0.33823907476354675,0.20002338191980837,-0.861462045203137,3,-1.4824933553134123,963.9,4.1,48.2
0.21353426866510872,0.3402160633442329,U8,MN8014,17.53894701731066,4.000803569893088,WPG,SSPG,0.10995216323012968,0.33851947717012365,0.20001957430527023,-0.8635466566094602,5,-1.4781837245081437,963.2,4.1,48.2
0.21339296739787297,0.3400697918385491,U8,MN8014,17.541566043906172,4.0005795846553225,WPG,SSPG,0.10991334080352758,0.33839324409259974,0.2000391083617225,-0.8619293995180637,4,-1.4801563310187191,963.4,4.2,48.2
0.21329475686064217,0.3404429703413663,U8,MN8014,17.54149521990555,4.000499701508799,WPG,SSPG,0.10988781394514073,0.33830025700778416,0.20003045853860793,-0.8628896878934533,1,-1.480230387479498,963.6,4.2,48.2
0.21325729969144103,0.3401634962673083,U8,MN8014,17.534887004712456,4.0005195476606845,WPG,SSPG,0.10995250790262315,0.3382225157399428,0.20001941052307298,-0.8616177687096609,3,-1.482093327841195,963.6,4.1,48.2
0.2132996807770985,0.3400644470264373,U8,MN8014,17.539114445269274,4.000523433237843,WPG,SSPG,0.10987956813892838,0.3381091349183726,0.20002566148920736,-0.861472213266412,6,-1.4785682466783339,964.0,4.2,48.3
0.21334453407979717,0.3401271188897498,U8,MN8014,17.540675715216928,4.0005689068306864,WPG,SSPG,0.10990408114083876,0.33825812488501217,0.20001561050587188,-0.861616717851503,4,-1.4803190454139532,963.8,4.2,48.2
0.21339136078216028,0.34019658242655504,U8,MN8014,17.539977022297762,4.000664957550372,WPG,SSPG,0.1099146008753348,0.33828307868841245,0.20001175628076434,-0.8622039633518087,0,-1.4829534221497287,963.7,4.2,48.2
0.21341915156126567,0.340074822922364,U8,MN8014,17.54773760916855,4.000849489587104,WPG,SSPG,0.10986786909236929,0.3382746026134608,0.20002753178371782,-0.861739353665325,7,-1.4843129229747838,963.6,4.2,48.2
0.21327808323008546,0.3400984063134193,U8,MN8014,17.544715597551292,4.000605063556487,WPG,SSPG,0.10993114477740032,0.33819833753814255,0.20002180900466268,-0.8616472840398796,4,-1.4759132956918286,964.1,4.1,48.2
0.21333990078664294,0.34006928420788396,U8,MN8014,17.547141077912208,4.000637308082869,WPG,SSPG,0.1099740435303547,0.3382517409359575,0.2000288270335087,-0.8620149462006383,7,-1.4813456757430679,963.7,4.1,48.2
0.2133964428042841,0.3401954312697088,U8,MN8014,17.543544213213515,4.00066819581041,WPG,SSPG,0.10996076393109902,0.33834379617444227,0.20001544352233924,-0.8625859902938726,1,-1.4798095334828378,963.4,4.1,48.2
0.2133795760019609,0.3401083360647567,U8,MN8014,17.547584112778758,4.000697820485135,WPG,SSPG,0.10996494449914528,0.3382606903659833,0.2000236567066163,-0.8616169521868503,3,-1.4805550261809728,963.5,4.1,48.2
0.2132480033259086,0.33987250130931457,U8,MN8014,17.546166854173244,4.0006127340649416,WPG,SSPG,0.10994737519189268,0.33816909492665426,0.20002817826641492,-0.8608928071164085,5,-1.482267161488961,963.8,4.1,48.2
0.213265994245024,0.33992920395035026,U8,MN8014,17.54460246491152,4.000768183990782,WPG,SSPG,0.10990853076861032,0.33812480863064953,0.20003329101812553,-0.8603842339020908,1,-1.4841009077737297,964.0,4.2,48.2
0.21337639646880707,0.3398997092989898,U8,MN8014,17.538202291889057,4.0005275673487946,WPG,SSPG,0.10997783179003723,0.33822056255261274,0.2000330970070345,-0.8613011995434565,5,-1.48074380719906,964.2,4.1,48.2
0.21333799763175232,0.3398302594176233,U8,MN8014,17.537714709904506,4.000756778001853,WPG,SSPG,0.10999602018512938,0.338280811500421,0.20003386529721814,-0.8610124301275529,1,-1.4798107660557722,963.8,4.1,48.2
0.21328793450681383,0.3398813473943225,U8,MN8014,17.534143321797586,4.00056406802041,WPG,SSPG,0.10999839525879226,0.3381706163928593,0.20003351930004298,-0.8609560232317284,0,-1.4825174641458734,964.2,4.1,48.2
0.21324214386371315,0.3398754431168155,U8,MN8014,17.534599303394742,4.000471263564809,WPG,SSPG,0.11000412274879738,0.338167905122892,0.2000265690687716,-0.8608709107436437,4,-1.4831381456678283,964.0,4.1,48.2
0.21322736190218997,0.33972438649895204,U8,MN8014,17.5413585475197,4.000422097731834,WPG,SSPG,0.10992303645125778,0.33807482438042713,0.20003293977415554,-0.85997285679156,2,-1.4840685148227433,964.2,4.1,48.2
0.2132147881622803,0.33990348371680373,U8,MN8014,17.541801419555306,4.000447374981545,WPG,SSPG,0.109901094354661,0.3381126335079977,0.20003372640945555,-0.8606755611016806,4,-1.4807243737252733,964.2,4.1,48.2
0.21325888196077575,0.33995659738970174,U8,MN8014,17.54292070321326,4.000681789043353,WPG,SSPG,0.10992643898347641,0.3381902904840625,0.2000334140144521,-0.8611540085437223,1,-1.482790613885074,964.0,4.2,48.2
0.2132461765303234,0.33999990217318243,U8,MN8014,17.537849239847063,4.000702878788159,WPG,SSPG,0.10996850263731928,0.3382447325693163,0.20002336728246492,-0.8612067473669301,3,-1.4814049426262326,963.5,4.1,48.2
0.2132407760264743,0.33999456580762705,U8,MN8014,17.542062331866738,4.000567379580672,WPG,SSPG,0.10993353765475705,0.3381866953468778,0.20003903953644284,-0.8608331899288455,6,-1.483474422715732,963.8,4.2,48.2
0.21327493687921237,0.3399618940933627,U8,MN8014,17.539830747041666,4.000867766477279,WPG,SSPG,0.10992359205631075,0.33819725989812943,0.20003109344045386,-0.8608078263418343,3,-1.4840962172105705,963.8,4.2,48.2
0.2132136973338481,0.33984542544877183,U8,MN8014,17.540643681025117,4.000879516560174,WPG,SSPG,0.1099316503457898,0.3381700817572269,0.20003335636931371,-0.8602714715697065,3,-1.4831869276312535,963.6,4.1,48.2
0.21315592624873464,0.3398007096084654,U8,MN8014,17.544594931274844,4.000876408559756,WPG,SSPG,0.10990584242035437,0.3381197835561714,0.20003348193186787,-0.8595165917993454,5,-1.484472063080096,963.6,4.2,48.2
0.21324680386894382,0.34007962397988933,U8,MN8014,17.542520416647456,4.0011276881305875,WPG,SSPG,0.10988799444375003,0.3382284369659941,0.20002240661391293,-0.8610236121453959,3,-1.4811435537882964,963.3,4.1,48.2
0.2132084837916326,0.33985008474784506,U8,MN8014,17.541169947713506,4.00068347515755,WPG,SSPG,0.1099127993211732,0.3381135983918273,0.20004956094421464,-0.8599394223048565,2,-1.48442281986601,963.8,4.1,48.2
0.21319496898203316,0.33975119333876425,U8,MN8014,17.53968662589206,4.000910103604174,WPG,SSPG,0.10989978223669769,0.33819909380119506,0.20003981530664677,-0.8599957971647315,0,-1.4811816331086405,963.6,4.1,48.2
0.21322660554129574,0.33974435356513816,U8,MN8014,17.542485762322734,4.000995888339029,WPG,SSPG,0.10994712698502776,0.3381833498011573,0.20003693609486864,-0.8601097949473316,2,-1.483160683245071,963.6,4.1,48.2
0.21327665313001345,0.33998186216849235,U8,MN8014,17.54187701530971,4.0009803749149,WPG,SSPG,0.10991373608039812,0.3382235127933861,0.2000321410364834,-0.8608333258019327,2,-1.4837183175964324,963.6,4.2,48.2
0.2132182069978092,0.33985514276872075,U8,MN8014,17.541067121103648,4.000932365663254,WPG,SSPG,0.10993275411221903,0.3381817980282842,0.20003790730415644,-0.8603202747691898,0,-1.4811508789161785,963.7,4.1,48.2
0.21322927842992934,0.339843401193809,U8,MN8014,17.54040148988875,4.001055239781133,WPG,SSPG,0.10993111671034286,0.33820399458941575,0.20004008774317328,-0.8602940449374458,0,-1.4843111015865986,963.4,4.1,48.2
0.2132274346905543,0.339834381256032,U8,MN8014,17.54277456892531,4.000961760191203,WPG,SSPG,0.10993031847730686,0.33819364387004397,0.2000255321374947,-0.8604167719625196,3,-1.4825367818561155,963.5,4.1,48.2
0.21329333054723315,0.33978453521766017,U8,MN8014,17.540308786916835,4.001138797789911,WPG,SSPG,0.10994867092998825,0.33830546717486076,0.20002799983608335,-0.8606296065763435,6,-1.4820382446453308,963.2,4.1,48.2
0.2132015842348591,0.3397786830456649,U8,MN8014,17.542138004602553,4.001026569886924,WPG,SSPG,0.10993684856075019,0.3381888070741832,0.20003182581452109,-0.8599232737019755,3,-1.4825617949497385,963.4,4.1,48.2
0.2131751423126173,0.33977546848513185,U8,MN8014,17.542802682331363,4.000981736176244,WPG,SSPG,0.10991820266903687,0.3381867290006362,0.200028694660709,-0.8600405635114979,1,-1.4837283678108193,963.3,4.1,48.2
0.21322571668482043,0.3398100610261855,U8,MN8014,17.543281238218533,4.001097427763869,WPG,SSPG,0.10992933772591654,0.33822180922831346,0.2000400242198824,-0.860338457449969,0,-1.4839789282472484,963.3,4.1,48.2
0.21321982233909584,0.33983265468440715,U8,MN8014,17.542597291871427,4.001037942717112,WPG,SSPG,0.10991260673123124,0.3382062911373552,0.20003614226730185,-0.8602288645979829,6,-1.4839359481729275,963.3,4.1,48.2
0.21328037640112602,0.3399724925059609,U8,MN8014,17.544112961436188,4.001109093004853,WPG,SSPG,0.10990296582301634,0.3382651046765808,0.20003533976408644,-0.8607200668739267,2,-1.4841021566589898,963.0,4.1,48.2
0.21324994257977328,0.33990998225715324,U8,MN8014,17.542314489375208,4.001089484491398,WPG,SSPG,0.10989858097641213,0.3382129555232772,0.20003268246694858,-0.8602023232222873,4,-1.4835768549554338,963.2,4.1,48.2
0.2132679383629366,0.3398457351264125,U8,MN8014,17.544456588378747,4.001124008997754,WPG,SSPG,0.10990239969964335,0.3382283609172416,0.20002724174656944,-0.860285097678186,2,-1.4833202026567172,963.2,4.1,48.2
0.21322076430819084,0.33987976523790675,U8,MN8014,17.54658858349219,4.000987944631852,WPG,SSPG,0.1098742920289405,0.3381205872778451,0.20002995375935917,-0.8600353528826981,3,-1.4846835411830313,963.5,4.1,48.2
0.21326942099987456,0.34006415654893185,U8,MN8014,17.546644626364937,4.0010575962134105,WPG,SSPG,0.10986652159699464,0.338185257799343,0.2000283668281648,-0.8606160505110876,3,-1.4840211847138267,963.2,4.1,48.2
0.21315412392929858,0.33996915930162347,U8,MN8014,17.5455601678713,4.001076187707867,WPG,SSPG,0.10986997478505106,0.338102386449127,0.20002453504504067,-0.8598718107062698,3,-1.4827820988887357,963.4,4.1,48.2
0.2131587765080198,0.3399565741782072,U8,MN8014,17.546516792710648,4.001152601466004,WPG,SSPG,0.10984697242232078,0.3380928234388732,0.20002771041540512,-0.8597669379765233,3,-1.4833419067150047,963.4,4.1,48.2
0.2131691579720995,0.34000475185364354,U8,MN8014,17.546028039636184,4.001051162008555,WPG,SSPG,0.10985432186534104,0.33807243570466855,0.20002484518252378,-0.859841917147621,1,-1.48341559698369,963.5,4.1,48.2
0.21313019842780437,0.3398784629223786,U8,MN8014,17.543418522051216,4.001050222249713,WPG,SSPG,0.10989677049162222,0.3380520216719796,0.2000293244545046,-0.859615317014073,0,-1.4839319974875274,963.7,4.1,48.2
0.21317857010441213,0.3398934612144667,U8,MN8014,17.542284818718592,4.001018831376886,WPG,SSPG,0.1099101311175487,0.3381160357659233,0.20002307947376374,-0.8601997007351456,1,-1.484115080670568,963.6,4.1,48.2
0.2132562512823658,0.33990351996442125,U8,MN8014,17.540671954979686,4.001105494043823,WPG,SSPG,0.10991050046401324,0.33819325580567805,0.20002642741531412,-0.8605102552481391,6,-1.4818829936542812,963.6,4.1,48.2
0.21324724990034732,0.33997981651308345,U8,MN8014,17.542418263119547,4.001064782006144,WPG,SSPG,0.1098977208654805,0.3381574687205525,0.20002155213294676,-0.8605898563615425,7,-1.482696471989593,963.6,4.1,48.2
0.21320783175920846,0.33982158632046605,U8,MN8014,17.54287667897446,4.00088438276668,WPG,SSPG,0.10989865400069276,0.3380778942415374,0.20002438697364447,-0.8600636761123734,3,-1.4847110805607784,963.9,4.1,48.2
0.2131775487316276,0.33980786403339625,U8,MN8014,17.5430707685708,4.000873513660184,WPG,SSPG,0.10989517545802074,0.3380788911203098,0.20002142638734774,-0.8597857755372464,0,-1.4833785984193035,963.8,4.1,48.2
0.213217912749107,0.33988259002711574,U8,MN8014,17.543620909217108,4.000983185528236,WPG,SSPG,0.10989711382526374,0.33813879388112317,0.20001983263176887,-0.8601842843715081,4,-1.483954095591674,963.5,4.1,48.2
0.21321782899397626,0.33983563953256085,U8,MN8014,17.54056272475531,4.000865284025008,WPG,SSPG,0.10990718828553557,0.3381153379874727,0.20002280389300833,-0.8602454491204158,4,-1.4845427483622409,963.8,4.1,48.2
0.21322530541838874,0.339885288981761,U8,MN8014,17.541836758370067,4.000891965703434,WPG,SSPG,0.10989979492049429,0.3381192902900419,0.20001911181766996,-0.8602651717817013,5,-1.4840945461463733,963.7,4.1,48.2
0.21320821791584021,0.3398819975718943,U8,MN8014,17.541880303552183,4.000802628377731,WPG,SSPG,0.109904912359332,0.33812130226286014,0.20001986219729928,-0.8603113209570199,4,-1.48383771198265,963.7,4.1,48.2
0.21321669928345377,0.3399244555300611,U8,MN8014,17.542506202020043,4.000821116502079,WPG,SSPG,0.10989847824227686,0.3380928266930499,0.20002020786737082,-0.8603827361542686,6,-1.4845958110892,963.8,4.1,48.2
0.21318932396293377,0.33995717124339775,U8,MN8014,17.54022842033711,4.000828153259765,WPG,SSPG,0.10990625891938005,0.33807427704837134,0.20002436316140182,-0.8603009093818759,2,-1.4840422330618228,963.9,4.1,48.2
0.21320298749306626,0.33990020611970523,U8,MN8014,17.540130742073778,4.000828907202643,WPG,SSPG,0.10990501156714211,0.33810266442856424,0.20002330018742598,-0.8602916174499754,3,-1.4843817655863614,963.8,4.1,48.2
0.21320904769197216,0.3399284279568707,U8,MN8014,17.540027475506555,4.000754626544343,WPG,SSPG,0.10990841014492075,0.3380837743309281,0.20001900346942322,-0.8602874068809637,3,-1.4838489847816643,963.9,4.1,48.2
0.21323768640827562,0.33992208074127617,U8,MN8014,17.539187503762655,4.000867522758359,WPG,SSPG,0.10990700675409085,0.33814398920128463,0.2000187788214999,-0.8604888868328094,2,-1.4837292284682633,963.7,4.1,48.2
0.21323518533109975,0.3398981282237911,U8,MN8014,17.540189116520665,4.000713338785993,WPG,SSPG,0.10990128391262438,0.3380740438413867,0.20002285156252397,-0.8602344474281838,4,-1.4846598784958882,964.0,4.1,48.2
0.21322325883250534,0.33991094226987156,U8,MN8014,17.539199899230546,4.0007451819697035,WPG,SSPG,0.10991526578319699,0.3380919482863447,0.20002172434763196,-0.8603382374795762,6,-1.4847591087267809,963.9,4.1,48.2
0.2132349072105405,0.3399267485700921,U8,MN8014,17.539340635085566,4.0007128990503835,WPG,SSPG,0.10989767301496478,0.3380610124562758,0.2000258935034205,-0.8601500705858556,1,-1.4852805010941932,964.0,4.1,48.2
0.21323092095129711,0.33989550754371567,U8,MN8014,17.53946144103963,4.000715355731333,WPG,SSPG,0.10990157296222308,0.3380881015452567,0.20002074067711564,-0.8603519167899035,7,-1.4841137574886236,964.0,4.1,48.2
0.21321579177499245,0.339898785555427,U8,MN8014,17.538397613427303,4.000732702839984,WPG,SSPG,0.10990539990651813,0.33805682773196244,0.20001915791020825,-0.8602324747957442,4,-1.484516746667186,964.1,4.1,48.2
0.21323167337352877,0.33993343493179373,U8,MN8014,17.53781748840794,4.000744624912137,WPG,SSPG,0.10990622916348075,0.33808551800356973,0.20002358821747782,-0.8602835086579068,7,-1.483972144979214,964.0,4.1,48.2
0.2132014147433422,0.33987014185850145,U8,MN8014,17.53787609866228,4.000714876826231,WPG,SSPG,0.10990589218248824,0.33803918652137366,0.20002322912554216,-0.8600421531780776,2,-1.484249037653326,964.2,4.1,48.2
0.21318816318896502,0.33981911816913735,U8,MN8014,17.537370331616486,4.000755300972206,WPG,SSPG,0.10991099885491781,0.3380680749702683,0.2000203430336456,-0.8599775170271814,3,-1.4832640769871723,964.1,4.1,48.2
0.21322009361537136,0.3398980034724212,U8,MN8014,17.53666193517725,4.000703484731527,WPG,SSPG,0.10991085221154645,0.33807745714940357,0.20002214092059392,-0.8602546035783059,1,-1.483797781187448,964.1,4.1,48.2
0.2132126575019793,0.33985625699454125,U8,MN8014,17.5366752901564,4.000665790476487,WPG,SSPG,0.10991018721190632,0.33800666035570026,0.20002563952212754,-0.8599336278628095,2,-1.4849350742736647,964.4,4.1,48.2
0.21319149718888905,0.3397864748009159,U8,MN8014,17.53668451943671,4.000595224096755,WPG,SSPG,0.10990786950122908,0.3379805506440566,0.20002744835477504,-0.8596853893965709,6,-1.4853759464641474,964.5,4.1,48.2
0.21322800071604275,0.3398106347265337,U8,MN8014,17.537235518359672,4.000670772620138,WPG,SSPG,0.10991824988402382,0.3380555042413366,0.20002429663424975,-0.860057529546474,6,-1.4837760706543168,964.3,4.1,48.2
0.21322065134016654,0.33975477621720634,U8,MN8014,17.537054831655922,4.000695277993973,WPG,SSPG,0.10992808728489538,0.3380623553864186,0.20002256048139924,-0.8599060745640121,5,-1.4845355676110916,964.2,4.1,48.2
0.2131990957132075,0.3397787132457829,U8,MN8014,17.535965560481696,4.0006862057379875,WPG,SSPG,0.10992393376782716,0.3380226973729782,0.20002157856939673,-0.859831625315572,4,-1.4839786635607712,964.4,4.1,48.2
0.2131625115559764,0.339775750043364,U8,MN8014,17.535129386137548,4.000638022189082,WPG,SSPG,0.1099205791907462,0.33800064753500386,0.20001941783583221,-0.8597430910343314,6,-1.484561369933802,964.4,4.1,48.2
0.21316025531229138,0.33971881010772587,U8,MN8014,17.534534081360306,4.0007343882684445,WPG,SSPG,0.10993358234064558,0.33800314678830046,0.2000193733756109,-0.8595885284172323,7,-1.48472682691356,964.4,4.1,48.2
0.21316122607514318,0.3397478034763253,U8,MN8014,17.535494370551998,4.000728961455843,WPG,SSPG,0.10992390995043137,0.33799787738409787,0.20002203396974436,-0.8595762250596681,5,-1.4844315118672355,964.4,4.1,48.2
0.21313669949710767,0.33966854159966026,U8,MN8014,17.535776021492747,4.000741157156058,WPG,SSPG,0.10992433445937286,0.33798972685780054,0.20001977132599633,-0.8593339874392482,5,-1.484337257118673,964.4,4.1,48.2
0.21314735452207395,0.3397573012391725,U8,MN8014,17.536664508312988,4.000777699723011,WPG,SSPG,0.1099079630925439,0.3379865463922146,0.20002248104620132,-0.8594562895983929,3,-1.4851731087323543,964.3,4.1,48.2
0.2131225959033426,0.33974342945699004,U8,MN8014,17.534538651290482,4.0007446640060556,WPG,SSPG,0.1099219914080483,0.33795553627352937,0.20002406418963503,-0.8593566569629691,5,-1.4850013442552399,964.5,4.1,48.2
0.2131330530491268,0.33979335313298015,U8,MN8014,17.536016142877234,4.0007028508713995,WPG,SSPG,0.10990949965739283,0.3379521867496397,0.20002541074280947,-0.8594543136472711,3,-1.484741008762514,964.5,4.1,48.2
0.2131529202765916,0.33980662504479786,U8,MN8014,17.536139323607134,4.000780162596089,WPG,SSPG,0.10990982214893127,0.3379976094814286,0.20002864483794267,-0.8595180168850236,7,-1.4843965590127812,964.3,4.1,48.2
0.2131490937302762,0.3397682189549881,U8,MN8014,17.537064129822955,4.000720842238542,WPG,SSPG,0.10991486215488075,0.3379716872808536,0.20002835432036362,-0.8593360558149568,7,-1.4845393500633612,964.4,4.1,48.2
0.2131230611115113,0.3397350339948634,U8,MN8014,17.5371103868923,4.000693131715594,WPG,SSPG,0.10992016185338133,0.33795648385581073,0.20002793835980487,-0.8591902900456333,2,-1.4849284519750707,964.4,4.1,48.2
0.2131255428183887,0.33974951256440244,U8,MN8014,17.536684960266328,4.00062162488355,WPG,SSPG,0.10992504545436381,0.3379377531425707,0.20002563483236557,-0.8592364719877106,5,-1.4852012031610027,964.5,4.1,48.2
0.213098803479197,0.33972115000620645,U8,MN8014,17.53815521215543,4.000567421915938,WPG,SSPG,0.10990668059996164,0.337895825518384,0.20002459652379614,-0.8589681502658459,5,-1.4851201844013513,964.6,4.1,48.2
0.21309655111297932,0.3397423727409237,U8,MN8014,17.538712201774263,4.000589712344461,WPG,SSPG,0.10990095497003209,0.33790274211838983,0.20002677417585601,-0.8590626028524119,3,-1.4845584314886118,964.6,4.1,48.2
0.21313286742252957,0.33979174364527803,U8,MN8014,17.539597140206414,4.000577807608573,WPG,SSPG,0.10990696207262385,0.3379357965631029,0.2000269069435614,-0.859292166157947,2,-1.4840945916480877,964.5,4.1,48.2
0.21307535337031863,0.33978443488831,U8,MN8014,17.53880231910565,4.000634840887962,WPG,SSPG,0.10989547992348839,0.33788807927863884,0.200029138515682,-0.8590717824134024,3,-1.484631834513257,964.6,4.1,48.2
0.21309719121875087,0.33980934300081894,U8,MN8014,17.53937731192378,4.0005621527920185,WPG,SSPG,0.10989938224514076,0.33788937148364395,0.20002742207242027,-0.8592227320779577,3,-1.4852012142933688,964.6,4.1,48.2
0.21308195075038072,0.3398320903247962,U8,MN8014,17.539447930606634,4.000592467841842,WPG,SSPG,0.10988793293373891,0.3378757123589459,0.20002651351033263,-0.8591792579797225,5,-1.4851381961050283,964.6,4.1,48.2
0.2130648050655962,0.3397838551653533,U8,MN8014,17.54063812746293,4.000504847259884,WPG,SSPG,0.10989392121090345,0.33784453065929976,0.2000324593376542,-0.8590773127097159,4,-1.4851504202049366,964.8,4.1,48.2
0.21309752335993182,0.33985538388325676,U8,MN8014,17.541182219552937,4.000566904908154,WPG,SSPG,0.10988174362889612,0.33786523979397287,0.20003255539811557,-0.8592125644348364,4,-1.484741255718662,964.7,4.1,48.2
0.21308289010731934,0.33982193745564937,U8,MN8014,17.5410205647564,4.000524116202983,WPG,SSPG,0.10988269902385088,0.33786222743635785,0.2000319851015013,-0.8591778371606124,7,-1.4851079870853443,964.7,4.1,48.2
0.21310129105106373,0.339816382885635,U8,MN8014,17.54011703440681,4.000719383300096,WPG,SSPG,0.10988703402466493,0.3379346296954454,0.20002714155511703,-0.8594193422018548,2,-1.4848494040280755,964.4,4.1,48.2
0.213096079432084,0.33984545207785394,U8,MN8014,17.542590991733384,4.000623867840067,WPG,SSPG,0.10986527265230175,0.33790478209157343,0.2000246680939553,-0.8594352444494779,3,-1.4843456544796165,964.5,4.1,48.2
0.2131095913893116,0.33984823600110575,U8,MN8014,17.541928934176344,4.000540651978656,WPG,SSPG,0.10988485889509042,0.33789967889149847,0.2000300140275469,-0.859533788343994,1,-1.485063900080176,964.6,4.1,48.2
0.2130819024664282,0.33984935296387336,U8,MN8014,17.543077897431566,4.000571415368341,WPG,SSPG,0.109881892871846,0.33789628124342463,0.2000281604954888,-0.8593353466627781,1,-1.484156256917224,964.5,4.1,48.2
0.21310629669979303,0.3398707544216389,U8,MN8014,17.5424821313297,4.000555525350442,WPG,SSPG,0.10988708258354882,0.3379069564073998,0.2000307536054771,-0.8595161155158424,2,-1.485016047156698,964.5,4.1,48.2
0.21307155130546246,0.3398697015044633,U8,MN8014,17.543090341020495,4.000552399419957,WPG,SSPG,0.10986973233966515,0.3378567212705284,0.20003494709693112,-0.8591678490696203,1,-1.4852139643763635,964.6,4.1,48.2
0.21309308764637425,0.3398513426361999,U8,MN8014,17.542350595259826,4.000580874950833,WPG,SSPG,0.10987320128903919,0.3378798184648304,0.20003362982834827,-0.8592562640606254,4,-1.4847608589651244,964.6,4.1,48.2
0.2131224467411636,0.3398916806363064,U8,MN8014,17.54267605358696,4.00055947147982,WPG,SSPG,0.10988265728272492,0.33791621680980694,0.20003156928606347,-0.8594630027163921,3,-1.4852884751364908,964.4,4.1,48.2
0.21308396966497078,0.33987581496121966,U8,MN8014,17.54205619941815,4.000577395499603,WPG,SSPG,0.10987011326355464,0.33788146130426844,0.20003108217644663,-0.8592720159585163,7,-1.4852507429457198,964.5,4.1,48.2
0.21309502947209685,0.33986077849846585,U8,MN8014,17.54209833298433,4.000561301949936,WPG,SSPG,0.10987443391244414,0.33788174066289944,0.2000353345622013,-0.8592969881661016,3,-1.484942970007932,964.6,4.1,48.2
0.21312028461636834,0.3398698257690083,U8,MN8014,17.541572184942492,4.000545969594177,WPG,SSPG,0.10988083915260241,0.33791031083196527,0.20003535353114552,-0.8594186238709587,7,-1.4852585782444674,964.5,4.1,48.2
0.21312214176675823,0.33984579648325475,U8,MN8014,17.54143272725077,4.000608319015891,WPG,SSPG,0.1098852513059154,0.3379279750733115,0.2000349788649725,-0.8593114120886164,6,-1.4849863436404398,964.4,4.1,48.2
0.213118481662727,0.3398309781349983,U8,MN8014,17.540851950423633,4.0005943955433105,WPG,SSPG,0.1098830071541615,0.3379168010558182,0.2000316561255887,-0.8593709601237189,5,-1.4850649127520352,964.5,4.1,48.2
0.21311984534674938,0.33981979340551904,U8,MN8014,17.539669705652166,4.00057288824444,WPG,SSPG,0.10989393721815935,0.33791657665384073,0.20003314548312032,-0.8594655774582894,2,-1.4850884274291012,964.6,4.1,48.2
0.2131431809712021,0.3398502544691958,U8,MN8014,17.54013197876609,4.000615008672833,WPG,SSPG,0.10989374614468225,0.33793958525043766,0.20003226338618785,-0.8595469398233999,5,-1.484698002615529,964.5,4.1,48.2
0.21313945875515258,0.33985096917737295,U8,MN8014,17.539145258972717,4.000612784441351,WPG,SSPG,0.10989643926837234,0.33794364333937793,0.20003060200222197,-0.8596357946766806,7,-1.4849711871352138,964.5,4.1,48.2
0.21314204635765358,0.33983729677439467,U8,MN8014,17.53962128400741,4.0005467666493955,WPG,SSPG,0.10989634109167437,0.3379187776192931,0.2000345776647916,-0.8594885178751996,4,-1.4854421419152306,964.6,4.1,48.2
0.21314188669648945,0.33983010190663826,U8,MN8014,17.540659154030905,4.000576134555186,WPG,SSPG,0.109887736718558,0.3379134167357043,0.20003303011614754,-0.8594756330063332,2,-1.4854863078540017,964.6,4.1,48.2
0.21317159329598795,0.33982186867632425,U8,MN8014,17.53883586905514,4.000631586060536,WPG,SSPG,0.10990359239960007,0.33795821212195704,0.2000303084075875,-0.859606815990385,1,-1.485084297437325,964.5,4.1,48.2
0.21314275092471258,0.33987102853588413,U8,MN8014,17.5403687887509,4.000638699555538,WPG,SSPG,0.10989093394748767,0.3379271949837571,0.20003334084666477,-0.859502817091424,0,-1.485109998049147,964.5,4.1,48.2
0.21315257528475884,0.3398806944568835,U8,MN8014,17.5396403689935,4.000618433214415,WPG,SSPG,0.10988707119641883,0.3379321037079022,0.20003346088984164,-0.8595805118869801,7,-1.4854986379971322,964.5,4.1,48.2
0.21313243613888522,0.33984759792145836,U8,MN8014,17.53890013767365,4.000625381822164,WPG,SSPG,0.10989018887784899,0.33791093634296365,0.20003439007058765,-0.8594020871553736,1,-1.4853541187849668,964.6,4.1,48.2
0.21315260157700244,0.3398547102524604,U8,MN8014,17.5399319116354,4.000624373595894,WPG,SSPG,0.10989706323998608,0.3379263377544793,0.20003452513695896,-0.859557780324094,2,-1.484995912688854,964.6,4.1,48.2
0.21312513817230644,0.3398564775200823,U8,MN8014,17.54031843508642,4.0006097673747165,WPG,SSPG,0.10988912956982774,0.33789801146594456,0.20003514155509833,-0.8593778427525325,3,-1.4855474167649625,964.6,4.1,48.2
0.2131117592463303,0.33985768709263303,U8,MN8014,17.54145027054758,4.000622950521436,WPG,SSPG,0.10988290883703139,0.33789635771076354,0.20003291064388962,-0.8593320717502637,4,-1.4843793633861555,964.6,4.1,48.2
0.21312378906316157,0.33984192952464476,U8,MN8014,17.54017714330796,4.000602115985972,WPG,SSPG,0.10989029202430917,0.3379122931879655,0.20003392218339183,-0.8594403878399611,3,-1.4848439052483435,964.6,4.1,48.2
0.21311137166705313,0.33982379997125106,U8,MN8014,17.54165793527517,4.00056888586769,WPG,SSPG,0.10988157152629446,0.337892521744925,0.2000332325946622,-0.8592703970261808,6,-1.4850186095200488,964.6,4.1,48.2
0.21311688589414818,0.3397995882347039,U8,MN8014,17.540497279920274,4.000579918279182,WPG,SSPG,0.10989337186573025,0.3378998918200654,0.20003195580483443,-0.8592814007887547,5,-1.4853972503587478,964.6,4.1,48.2
0.2131199707859202,0.33983679919842047,U8,MN8014,17.541989583817617,4.000586422306755,WPG,SSPG,0.10987876013910401,0.33788999011404464,0.20003277907561298,-0.8593106116985995,6,-1.4853124335109378,964.6,4.1,48.2
0.2131360587942286,0.33980491229809623,U8,MN8014,17.540577504633546,4.000581934150222,WPG,SSPG,0.10988954536762066,0.33790563871847373,0.2000312287920975,-0.859328382043218,0,-1.4855060814444023,964.6,4.1,48.2
0.21311139060337378,0.3398045578223277,U8,MN8014,17.54284510510754,4.0005481539040515,WPG,SSPG,0.10987904114755345,0.33788768016785153,0.20003426992275922,-0.8591900988468515,2,-1.4850378586054713,964.6,4.1,48.2
0.21312513793388937,0.33980783353352917,U8,MN8014,17.542221923076912,4.0006029868146555,WPG,SSPG,0.1098833179740551,0.337920409689605,0.2000313128845855,-0.8593458933284623,4,-1.484740066944969,964.5,4.1,48.2
0.21312792208539394,0.33976881376955675,U8,MN8014,17.5407313721689,4.0005691114564295,WPG,SSPG,0.10989304152280382,0.3378896747996942,0.20003316979612318,-0.8592204996767335,7,-1.4855141988896552,964.7,4.1,48.2
0.2131382898359272,0.3397952235710146,U8,MN8014,17.540474938844074,4.000620349139746,WPG,SSPG,0.10989901708996863,0.3379160615495538,0.20003163640942243,-0.859335868140451,7,-1.4849437661209173,964.6,4.1,48.2
0.213146931140262,0.33983028914095015,U8,MN8014,17.541148668740867,4.000628769085666,WPG,SSPG,0.10989127191231456,0.3379314454689782,0.20003142286965858,-0.8594377626083747,4,-1.4848482993920094,964.5,4.1,48.2
0.21314750231843593,0.33978771051563206,U8,MN8014,17.539098394374548,4.000617779416336,WPG,SSPG,0.10990099464654723,0.3379246674168145,0.20003213063643807,-0.859355206957613,4,-1.4852433947864299,964.6,4.1,48.2
0.21314553368240455,0.3397749151921355,U8,MN8014,17.539403960826647,4.000626221207299,WPG,SSPG,0.1098996196333269,0.337924027915824,0.20003441463883095,-0.8593270910338591,6,-1.4854443202153575,964.6,4.1,48.2
0.21316076590493627,0.33977014579240905,U8,MN8014,17.539936717758387,4.000620302584515,WPG,SSPG,0.10989976006849936,0.3379350862331483,0.2000325643123721,-0.8594183770610381,0,-1.4851852932974623,964.6,4.1,48.2
0.21314932734269226,0.339739606181571,U8,MN8014,17.539283363828055,4.000622917215293,WPG,SSPG,0.10990185770656516,0.33792296171632724,0.20003537862616474,-0.859304911042795,1,-1.4849582444803602,964.7,4.1,48.2
0.21313326990616233,0.33975755516065154,U8,MN8014,17.53978396666365,4.000586651907972,WPG,SSPG,0.10989522524898747,0.3379025649380457,0.20003431950568867,-0.8592524458412534,0,-1.4853746808959194,964.7,4.1,48.2
0.2131374958293622,0.3397402968661202,U8,MN8014,17.538898208478923,4.000600435550198,WPG,SSPG,0.10990325614462138,0.33791450814892154,0.2000330281562767,-0.859285828825695,5,-1.4851834440435798,964.7,4.1,48.2
0.213164624012152,0.339768102811819,U8,MN8014,17.537874326964392,4.00062189556112,WPG,SSPG,0.10990256105234207,0.33793443590646954,0.20003152235685714,-0.8595197225110535,3,-1.4852445595754187,964.7,4.1,48.2
0.21316730967209085,0.33975036339445347,U8,MN8014,17.538552250387973,4.000598907640381,WPG,SSPG,0.1099063312513803,0.3379363396540939,0.20003042051366157,-0.8595131579200891,5,-1.4851438232661351,964.7,4.1,48.2
0.2131663039778952,0.33974154809316326,U8,MN8014,17.53818489507711,4.000631817914162,WPG,SSPG,0.10990437064949476,0.33793314846801725,0.20003098207221748,-0.859386183570362,2,-1.484973224432407,964.7,4.1,48.2
0.2131718909220569,0.3398161800678828,U8,MN8014,17.539627262061636,4.0006428918642145,WPG,SSPG,0.10990177483927185,0.3379512292666702,0.2000303941252312,-0.8595629344529193,2,-1.485302792970053,964.5,4.1,48.2
0.21317004307207793,0.3397599107184036,U8,MN8014,17.53824549320622,4.000646602998101,WPG,SSPG,0.10991173533843068,0.3379448912616979,0.20003111875951418,-0.8594537426491923,1,-1.485474405797948,964.6,4.1,48.2
0.2131980236266079,0.3397800879679965,U8,MN8014,17.5377987705249,4.0007103883976844,WPG,SSPG,0.10992304981547002,0.33799695453605105,0.2000282197885516,-0.859695312041916,7,-1.4853775752883092,964.4,4.1,48.2
0.21317678153538178,0.3397603750254686,U8,MN8014,17.53822302606543,4.000673613407241,WPG,SSPG,0.10991417546362411,0.33796757466972194,0.20002795158104025,-0.859558220039007,6,-1.4853986302319253,964.5,4.1,48.2
0.21317252412325471,0.3397683158026845,U8,MN8014,17.538855664183735,4.00068017508206,WPG,SSPG,0.10991890250236047,0.3379726603172039,0.20002943412135793,-0.8594739355618298,7,-1.4854582571045754,964.4,4.1,48.2
0.2131679767113182,0.3397701765201898,U8,MN8014,17.539288434274816,4.000674718317554,WPG,SSPG,0.10992354393455636,0.3379773688056706,0.2000290791413924,-0.8595619728198938,7,-1.485227478346447,964.4,4.1,48.2
0.21318228619692706,0.3397956482366825,U8,MN8014,17.539344445551738,4.000717587496185,WPG,SSPG,0.1099192488080966,0.33799429090888805,0.20002991706800194,-0.8596050707211035,0,-1.485307727668225,964.3,4.1,48.2
0.2131999559590518,0.33979226120240263,U8,MN8014,17.53737428441137,4.000734545219348,WPG,SSPG,0.10993620419431721,0.3380137439593579,0.2000261292471057,-0.8597173315930734,7,-1.4851758586854285,964.3,4.1,48.2
0.21315513413674378,0.3397449957701256,U8,MN8014,17.538044862746077,4.000710611590812,WPG,SSPG,0.10992990058306329,0.3379761555386868,0.20003217303963824,-0.8593906364230046,4,-1.4851573644612976,964.4,4.1,48.2
0.21315231139933116,0.3397701450591789,U8,MN8014,17.53911534066178,4.000717037039345,WPG,SSPG,0.10993069797347468,0.33797869172211165,0.2000264119953943,-0.8594338280451935,6,-1.4851064837386634,964.3,4.1,48.2
0.21318261929999827,0.33982022895672964,U8,MN8014,17.540305248486263,4.000790855839856,WPG,SSPG,0.109931596125587,0.3380334211562372,0.20002673427724063,-0.8596314605507784,7,-1.4850611030669345,964.0,4.1,48.2
0.21314405505356065,0.33980193673492853,U8,MN8014,17.541813875801523,4.0007500662807995,WPG,SSPG,0.10991490213097552,0.33797086202571835,0.20002848741904483,-0.8593731900749777,2,-1.4851804713586496,964.2,4.1,48.2
0.21316075125420356,0.33982989822263393,U8,MN8014,17.54118367415367,4.0007670369645645,WPG,SSPG,0.10991917183131875,0.3379984772252229,0.20002771282276707,-0.8595038905821988,4,-1.484949733804271,964.1,4.1,48.2
0.21317996236193384,0.3398258754166309,U8,MN8014,17.541099160654078,4.0007793771632105,WPG,SSPG,0.10992265026557449,0.33801270624967295,0.2000251801640586,-0.8596391348846439,4,-1.484938286069987,964.1,4.1,48.2
0.21320164548408405,0.33979770686470084,U8,MN8014,17.5381375469296,4.000764127388622,WPG,SSPG,0.10994045768364538,0.33802951246052554,0.2000259397732369,-0.8597614444220529,3,-1.4850936267697001,964.2,4.1,48.2
0.21315931334045762,0.33984291310821146,U8,MN8014,17.540998782208277,4.000723646677881,WPG,SSPG,0.10991691353196864,0.3379820191036227,0.2000310469398985,-0.8595403258338866,4,-1.4852999917540881,964.2,4.1,48.2
0.21317031777857845,0.33982291745626025,U8,MN8014,17.540379736116087,4.0007492500505935,WPG,SSPG,0.10992345548227204,0.33799779911920147,0.20002913300628067,-0.8596010554245389,1,-1.4850303034210715,964.2,4.1,48.2
0.21318716856275335,0.339836340985789,U8,MN8014,17.541132533188936,4.000769826668454,WPG,SSPG,0.10993480290273319,0.33803571735581706,0.200026905218069,-0.8597526492738086,6,-1.4851236480500045,964.0,4.1,48.2
0.21321509253605286,0.33982693410915366,U8,MN8014,17.53947736734972,4.0008122336562275,WPG,SSPG,0.10993776346570702,0.3380562135643398,0.20002558565249395,-0.859839606752225,5,-1.4852701310683152,964.0,4.1,48.2
0.21320277362118314,0.33982257439978664,U8,MN8014,17.538958746363207,4.000803821380917,WPG,SSPG,0.1099416662991963,0.33804309664355703,0.2000271824077897,-0.8597841344965768,2,-1.4847498689440908,964.1,4.1,48.2
0.21322025383544166,0.33982898399533656,U8,MN8014,17.53863819685341,4.000798834520327,WPG,SSPG,0.10993870882066319,0.3380514728244906,0.20002816092716078,-0.859879069221376,1,-1.4851517777148402,964.1,4.1,48.2
0.21320583893504422,0.3398366241462994,U8,MN8014,17.538995397660514,4.0007889695589105,WPG,SSPG,0.10993735916792602,0.3380421916055855,0.2000287822072181,-0.8598244470963406,0,-1.485007732727217,964.1,4.1,48.2
0.21322409046692808,0.3398459680417073,U8,MN8014,17.538554432821435,4.0008340485686285,WPG,SSPG,0.10993919126045573,0.33806892235103697,0.2000256857165376,-0.859971579550896,5,-1.485128601191251,964.0,4.1,48.2
0.2132239149048714,0.3398338913151965,U8,MN8014,17.53791868145193,4.000828440920166,WPG,SSPG,0.10993991177204296,0.3380600768307206,0.20002823830102268,-0.859941818180515,6,-1.485024067015031,964.1,4.1,48.2
0.2132127118306563,0.33983229816583455,U8,MN8014,17.53906511044174,4.000798808567274,WPG,SSPG,0.10993686207111594,0.3380430322031245,0.2000277972753113,-0.859844836278122,7,-1.4852354950867692,964.1,4.1,48.2
0.21322530477529636,0.3398461103591353,U8,MN8014,17.53766087461986,4.000809412962656,WPG,SSPG,0.10993827680578064,0.33805737360590365,0.200027299830092,-0.859967003790104,4,-1.485215162773283,964.1,4.1,48.2
0.21321942774014263,0.33983052024272176,U8,MN8014,17.53871710898548,4.000770694548876,WPG,SSPG,0.10993959429097294,0.33803621194338235,0.20003076759498167,-0.8598546097430575,1,-1.4851074510042999,964.2,4.1,48.2
0.21324161234537806,0.3398341364941654,U8,MN8014,17.5371230133727,4.000772213286023,WPG,SSPG,0.10994218932213942,0.33806184270087514,0.20002972679695505,-0.8600520095146779,1,-1.4850404273675561,964.2,4.1,48.2
0.21321952021015633,0.3398295447639884,U8,MN8014,17.537747963156445,4.000757582858785,WPG,SSPG,0.10993358136837553,0.3380281913554925,0.20003259595462236,-0.8598933820506954,4,-1.4851831638888093,964.3,4.1,48.2
0.2132145899986023,0.339820235606234,U8,MN8014,17.538867291235338,4.000726824100632,WPG,SSPG,0.10992911378467327,0.33801958092272083,0.20003418132090886,-0.859827854572608,5,-1.4853614135297857,964.3,4.1,48.2
0.21322118501257611,0.3398026550391003,U8,MN8014,17.53798907000326,4.000739146891291,WPG,SSPG,0.10993387265813515,0.33802948398970994,0.20003189636882393,-0.859860866345217,0,-1.4853354262822727,964.3,4.1,48.2
0.21322741679009938,0.3397974699364242,U8,MN8014,17.537637910290798,4.000737255237745,WPG,SSPG,0.109933935992558,0.33802594851484974,0.20003425464731822,-0.8598983219450883,6,-1.4850848254982356,964.4,4.1,48.2
0.21322323195547693,0.33981283229271775,U8,MN8014,17.537649217074247,4.000733383195833,WPG,SSPG,0.10993216514465334,0.33802515617995016,0.2000323206317646,-0.8599314732042065,1,-1.4847330548383777,964.4,4.1,48.2
0.21321735390798932,0.3398059958766343,U8,MN8014,17.538566407298518,4.000736844754513,WPG,SSPG,0.10993226159054147,0.33803142559588234,0.2000324110492771,-0.8598895242774942,3,-1.4849957497735637,964.3,4.1,48.2
0.21321444941003964,0.3398173406847599,U8,MN8014,17.53868115025105,4.000732322768206,WPG,SSPG,0.1099240032078117,0.33802323497603126,0.20003100661389492,-0.8598908293040162,6,-1.4852570118188932,964.3,4.1,48.2
0.21322246171442213,0.33982442923024864,U8,MN8014,17.538670395833158,4.000713588521512,WPG,SSPG,0.1099174789252313,0.33801575253875094,0.2000337073397353,-0.8599083707797941,7,-1.4849357494280007,964.4,4.1,48.2
0.21320912999466457,0.33982212568096026,U8,MN8014,17.53810752595524,4.0006843463970325,WPG,SSPG,0.10991620424468465,0.337992388296704,0.20003514146334722,-0.859869154319209,0,-1.4853920116485657,964.5,4.1,48.2
0.21319902759926362,0.33978204304023335,U8,MN8014,17.538115881412097,4.000702950409051,WPG,SSPG,0.10991865724079997,0.33798960153936425,0.20003525600409422,-0.8597113753219475,4,-1.4852284576177919,964.5,4.1,48.2
0.2132045032765295,0.33978067032497195,U8,MN8014,17.538025887773244,4.000703617925645,WPG,SSPG,0.10992025645415485,0.3379960820717899,0.20003278513883774,-0.8597751260780806,7,-1.4850289722427021,964.5,4.1,48.2
0.2131982816129472,0.33979654979666873,U8,MN8014,17.53849347693879,4.000709957929896,WPG,SSPG,0.1099183333910551,0.337997424857636,0.20003092321676808,-0.8597596087317604,2,-1.4853934946991139,964.4,4.1,48.2
0.21319681235246582,0.3398074284685556,U8,MN8014,17.53794281023851,4.000657724662891,WPG,SSPG,0.10990722485587934,0.33797007268062057,0.20003541262022728,-0.8597711181933653,4,-1.4854205966160503,964.6,4.1,48.2
0.21321790433710336,0.3398100525829366,U8,MN8014,17.53762606236967,4.000691028581433,WPG,SSPG,0.10991596699659882,0.3380021693118053,0.20003512691378675,-0.8598964664776058,6,-1.4853493826835358,964.5,4.1,48.2
0.21320286340189715,0.3397867649720874,U8,MN8014,17.537859323386016,4.000678145000352,WPG,SSPG,0.10991754629580605,0.3379923686322427,0.200034897671778,-0.8597697996656276,7,-1.4854130062588027,964.5,4.1,48.2
0.2132297332663805,0.33981214438254775,U8,MN8014,17.537708801377075,4.000692623386126,WPG,SSPG,0.10992316241257802,0.3380237751532434,0.20003520082475273,-0.85995216077098,0,-1.4854363062177196,964.4,4.1,48.2
0.21320807020518923,0.33981176904408916,U8,MN8014,17.53876312210092,4.000656597471682,WPG,SSPG,0.10990974260452883,0.3379919021145089,0.2000368778491174,-0.8598362476187732,6,-1.4853430434327208,964.5,4.1,48.2
0.21321409712592296,0.33982916015451375,U8,MN8014,17.53831422675172,4.000661672567681,WPG,SSPG,0.10991294284063138,0.3379961589247859,0.20003710276494152,-0.8598948283724963,0,-1.4853039037907028,964.5,4.1,48.2
0.21322296047605316,0.3398067318707104,U8,MN8014,17.53740785768266,4.000658505823872,WPG,SSPG,0.10991519364995737,0.3379951734725919,0.20003678529041427,-0.8599376987738907,3,-1.4852557451795168,964.6,4.1,48.2
0.21321737436937832,0.3398154105328062,U8,MN8014,17.53736363300859,4.000654413117705,WPG,SSPG,0.10991758596883591,0.3379895158205047,0.20003852791540772,-0.8599117592375997,6,-1.4854416216183868,964.6,4.1,48.2
0.21321579007760721,0.33979566667572525,U8,MN8014,17.537096634977665,4.000680613931598,WPG,SSPG,0.10991318870474331,0.33799010251243944,0.20003762774459768,-0.8598614449071096,6,-1.4854601376030825,964.6,4.1,48.2
0.21321241345319938,0.3397700932671326,U8,MN8014,17.536887663600616,4.000658566211695,WPG,SSPG,0.10992115818330572,0.3379795429391712,0.20003874000529748,-0.8597792969887681,6,-1.4850968637759365,964.7,4.1,48.2
0.21323076541360486,0.3397906344123979,U8,MN8014,17.536385986590844,4.000676440682875,WPG,SSPG,0.10993233077486018,0.33801080964327923,0.2000384509844606,-0.8599225477149539,1,-1.4848158701032954,964.6,4.1,48.2
0.21321915480850834,0.3397901503891639,U8,MN8014,17.537018798999704,4.0006611352962205,WPG,SSPG,0.10992160829436551,0.33798904442760747,0.20004003121172306,-0.8597894578207088,1,-1.4855672940018536,964.6,4.1,48.2
0.2132159242729935,0.3397842128510557,U8,MN8014,17.536045884380858,4.0006471608814165,WPG,SSPG,0.10992031785120598,0.337980174055775,0.20004061244099536,-0.8597954568314476,5,-1.4854126557758516,964.7,4.1,48.2
0.21323674689755817,0.3398035911259601,U8,MN8014,17.53634967017107,4.0006724105893925,WPG,SSPG,0.10992078713237943,0.3380032745216794,0.20003799001742797,-0.859942197215145,7,-1.485494957570225,964.6,4.1,48.2
0.21322798830994344,0.33981723135455866,U8,MN8014,17.537167159008547,4.000642225258218,WPG,SSPG,0.10991641427039775,0.3379789527409042,0.20004198261421252,-0.8598900359929561,5,-1.4854819242675923,964.7,4.1,48.2
0.2132292438513345,0.3398179838915206,U8,MN8014,17.53680297739679,4.0006209754837885,WPG,SSPG,0.10991950689083754,0.33797946506872645,0.20004076987024458,-0.8599030545202221,4,-1.4855575593061605,964.7,4.1,48.2
0.21322787416479574,0.3397994379937608,U8,MN8014,17.53647747638805,4.000654475420699,WPG,SSPG,0.1099292996615223,0.3379979049107208,0.20003959212064382,-0.8598886324091419,2,-1.4855886485474485,964.6,4.1,48.2
0.21322531073943993,0.33979429946663353,U8,MN8014,17.53642901488145,4.000651464851361,WPG,SSPG,0.10993276892571655,0.3379969129544354,0.20003798761514963,-0.8598745398192109,6,-1.4854982142656752,964.6,4.1,48.2
0.21322275695191406,0.3397939268441252,U8,MN8014,17.536655419236176,4.000643159573058,WPG,SSPG,0.10993241195467002,0.3379927322335299,0.20003734989081687,-0.8598428606588915,7,-1.4854760193141026,964.6,4.1,48.2
0.21320654646709292,0.33977572740189543,U8,MN8014,17.535934229425997,4.000596914570167,WPG,SSPG,0.10992940086456465,0.33795692805893907,0.20003951389694197,-0.8597330954189462,5,-1.485565777919362,964.8,4.1,48.2
0.2131956781193598,0.33977180436239773,U8,MN8014,17.536875857330802,4.000612677568162,WPG,SSPG,0.10993289178471097,0.3379596976557605,0.20003960153612474,-0.8596339363397965,4,-1.4855707530160736,964.7,4.1,48.2
0.2131969376330202,0.3397545867827766,U8,MN8014,17.536813527997595,4.000586654309112,WPG,SSPG,0.10992594295659974,0.33794968893828725,0.20004034098186776,-0.8596181432566903,3,-1.4854409028493194,964.8,4.1,48.2
0.2132067422742765,0.3397692013616346,U8,MN8014,17.536210459865714,4.000591137267305,WPG,SSPG,0.10992918396231816,0.33795805967496917,0.20004152670369565,-0.8597001189994266,4,-1.4854842882498946,964.8,4.1,48.2
0.21323659483385463,0.33977625749242873,U8,MN8014,17.535577656294087,4.000640133524659,WPG,SSPG,0.10993508157423382,0.3379942281694338,0.20003924073964008,-0.8598790247800309,1,-1.4854613674598482,964.7,4.1,48.2
0.21322644536123592,0.33975035757336847,U8,MN8014,17.53560141500515,4.000581787039102,WPG,SSPG,0.1099353885584014,0.33797445897275974,0.20003952237123154,-0.8597853927349672,4,-1.4855248915139896,964.8,4.1,48.2
0.21320539541567246,0.33975540904954465,U8,MN8014,17.535891392582265,4.0006171618775275,WPG,SSPG,0.10992606533276894,0.3379587332996959,0.2000400485324608,-0.8596773594346883,3,-1.4855141841600155,964.8,4.1,48.2
0.21322274600354627,0.3397699532242012,U8,MN8014,17.535789138539847,4.000603936523365,WPG,SSPG,0.1099299403136422,0.3379674286338306,0.20004007219402523,-0.8597770277874277,6,-1.4855712679894069,964.8,4.1,48.2
0.21320992234451833,0.3397691850900047,U8,MN8014,17.535914806482076,4.00061196759809,WPG,SSPG,0.10992245710014464,0.3379612991564982,0.200037849742123,-0.8597248330906686,3,-1.4851989419037217,964.8,4.1,48.2
0.21321034583346546,0.33976851174938194,U8,MN8014,17.536614268308043,4.000597367714512,WPG,SSPG,0.10991896286082281,0.33795135440563134,0.20003958355910414,-0.859684420922103,2,-1.4857934055670867,964.8,4.1,48.2
0.2132131055146927,0.33977219100470835,U8,MN8014,17.53649696416744,4.000597914068113,WPG,SSPG,0.10992140707769787,0.33795566338658384,0.200038812928536,-0.8597197166323879,2,-1.485592204990823,964.8,4.1,48.2
0.21319399375264214,0.33977206927807596,U8,MN8014,17.537870348829095,4.000579763757782,WPG,SSPG,0.1099133171938082,0.33793508044622217,0.20003975654831865,-0.8595906119383372,4,-1.4857117652883804,964.8,4.1,48.2
0.21319397523280711,0.33975342217701876,U8,MN8014,17.537963932874327,4.000586075357129,WPG,SSPG,0.10991197372499109,0.33793806750386507,0.20003693620098903,-0.8596119706353841,5,-1.4856812138626339,964.8,4.1,48.2
0.21319464470259863,0.33974882208684815,U8,MN8014,17.537136691510455,4.0005649207368545,WPG,SSPG,0.10992000596303507,0.337931154224151,0.20003923120495254,-0.8596043949034201,1,-1.48545195594731,964.9,4.1,48.2
0.21319419334996978,0.3397749756086462,U8,MN8014,17.538194177749517,4.000567002815446,WPG,SSPG,0.1099145759118284,0.33793690441629165,0.20003955333007897,-0.8596316370145556,6,-1.4856130714474194,964.8,4.1,48.2
0.21320267922094144,0.33976575140725007,U8,MN8014,17.537746248718797,4.00054148356951,WPG,SSPG,0.1099135176577061,0.33793398051011386,0.20004234686093997,-0.8596638518938648,2,-1.4855010416237562,964.9,4.1,48.2
0.213223374032692,0.33978432722372515,U8,MN8014,17.53671950605992,4.000535014562062,WPG,SSPG,0.1099146102065208,0.3379504153797703,0.20004334433265625,-0.8598051914400809,1,-1.4855401141743254,964.9,4.1,48.2
0.21321005317819752,0.3397575395125174,U8,MN8014,17.53702984115261,4.0005257916429535,WPG,SSPG,0.10991226986178149,0.3379247982484469,0.20004621670751657,-0.8596659478213649,1,-1.4859170886255857,965.0,4.1,48.2
0.21321924719926327,0.3397756170077205,U8,MN8014,17.536590043508248,4.000491934953935,WPG,SSPG,0.10990784004699541,0.3379187425954623,0.20004773310991605,-0.8597355221749984,2,-1.4856391847096262,965.1,4.1,48.2
0.2132083834169252,0.33976143900074207,U8,MN8014,17.535873936073344,4.000514048912165,WPG,SSPG,0.10990800885617175,0.3379144485388733,0.20004687578560076,-0.859683056573315,0,-1.4858747513273798,965.1,4.1,48.2
0.21322018920435487,0.33977796095062024,U8,MN8014,17.536906230177035,4.000520477972327,WPG,SSPG,0.10990623946935918,0.33793390601840784,0.2000442821561917,-0.8598092678180942,0,-1.48570319912848,965.0,4.1,48.2
0.21321523802504827,0.33979702641718856,U8,MN8014,17.53754962685889,4.00046939510072,WPG,SSPG,0.10989881118002504,0.3379161447002377,0.20004734221618978,-0.8598231947419858,3,-1.4854748298604772,965.1,4.1,48.2
0.21321952328335053,0.33978013369036286,U8,MN8014,17.536457724201323,4.000472473503037,WPG,SSPG,0.1099004482016504,0.33790828919728855,0.20004864430790528,-0.8597673175766045,3,-1.4853965200577264,965.2,4.1,48.2
0.21322774022989566,0.33979108093546734,U8,MN8014,17.536437287550946,4.000441542373673,WPG,SSPG,0.10990377087233315,0.3379082433822819,0.2000504337593888,-0.8598148156831353,5,-1.4858767958524677,965.2,4.1,48.2
0.21323391927028362,0.33981811381398586,U8,MN8014,17.536524922078293,4.000468567768394,WPG,SSPG,0.10990452440632784,0.33792562756611344,0.20004911942141965,-0.8599356568101559,5,-1.4859317488226687,965.1,4.1,48.2
0.21322182848476953,0.33979989946506295,U8,MN8014,17.536857727405646,4.00047347913071,WPG,SSPG,0.10991248561933573,0.3379217790377983,0.2000493218975137,-0.8598394134417079,2,-1.485621829278669,965.1,4.1,48.2
0.2132078763104502,0.3397841731005119,U8,MN8014,17.537094915818297,4.0005081072469775,WPG,SSPG,0.109913672391209,0.3379219413105477,0.2000425296629984,-0.859757245156948,1,-1.485759981602321,965.0,4.1,48.2
0.21322257029764458,0.33978932214680546,U8,MN8014,17.536575627359845,4.00051980470587,WPG,SSPG,0.10991467068543256,0.3379371203605076,0.2000452446056835,-0.859866470480365,5,-1.4858044994476494,965.0,4.1,48.2
0.21319192486401778,0.3397846911915568,U8,MN8014,17.537812101170243,4.00044399752163,WPG,SSPG,0.10989884713835478,0.3378807241770613,0.20004884598014058,-0.8596504926620122,6,-1.4858353306451395,965.2,4.1,48.2
0.2131907143651731,0.33978346508652646,U8,MN8014,17.538573599264872,4.000465620572365,WPG,SSPG,0.10989940706218435,0.33789520827371117,0.20004663237208906,-0.8596221366390967,2,-1.485279614617406,965.1,4.1,48.2
0.2131928373979092,0.33981523184984214,U8,MN8014,17.538419235711068,4.0004509230942595,WPG,SSPG,0.10989612113487293,0.33788930068821976,0.2000498384235361,-0.859669094558812,7,-1.4858481315351746,965.1,4.1,48.2
0.2132011753861025,0.3398096515236071,U8,MN8014,17.537928106457727,4.000470785791497,WPG,SSPG,0.10990224924543474,0.33789740194842244,0.20004951585392902,-0.8596982901784442,4,-1.485796212433124,965.1,4.1,48.2
0.2132119817499404,0.33979701829797876,U8,MN8014,17.53704458262405,4.000481415101153,WPG,SSPG,0.10990553151677546,0.33791198552833873,0.20004820652079944,-0.8597356918390483,2,-1.4854707869116748,965.1,4.1,48.2
0.21319501049908635,0.33978169600426267,U8,MN8014,17.53713314293491,4.000482000087497,WPG,SSPG,0.10990557040555374,0.3378955103362516,0.20004691834676885,-0.8596154165833797,7,-1.4859181164012565,965.1,4.1,48.2
0.21319547449524917,0.3397908041049108,U8,MN8014,17.537433555096705,4.000513576686,WPG,SSPG,0.10990667513921917,0.33790990486032596,0.2000442098081549,-0.8596663619593429,6,-1.4858220665633812,965.0,4.1,48.2
0.2132095183505067,0.3398117501217738,U8,MN8014,17.536941579433634,4.000477226029359,WPG,SSPG,0.10990559040195652,0.33790672787877973,0.20004733429959984,-0.8597970949486217,7,-1.4859147705553077,965.1,4.1,48.2
0.2132129796645454,0.3398100563490485,U8,MN8014,17.53647095857503,4.000458635972777,WPG,SSPG,0.10989916530740604,0.3378976073853477,0.2000497626903825,-0.8598157375289176,2,-1.4859537850562266,965.2,4.1,48.2
0.21322195536137395,0.3398216587146227,U8,MN8014,17.536207978065896,4.000492201069558,WPG,SSPG,0.10990612713171768,0.33792154776257044,0.20004745789756193,-0.8599172426446496,4,-1.4857313357679498,965.1,4.1,48.2
0.21321888922263174,0.33982664287378317,U8,MN8014,17.536435400381706,4.000481577368067,WPG,SSPG,0.10990444279936668,0.3379179484329867,0.20004889879264068,-0.8599092944729801,5,-1.4858676544530152,965.1,4.1,48.2
0.21320314858721146,0.3398110459165459,U8,MN8014,17.536389746709695,4.000494839009371,WPG,SSPG,0.10990713043558806,0.3379057821451492,0.20004488326928305,-0.8598005664237649,4,-1.4858290284535531,965.1,4.1,48.2
0.21321018392971502,0.3397926579155049,U8,MN8014,17.535166053726087,4.000482771453667,WPG,SSPG,0.10990183027609866,0.33789073230684236,0.2000481275683094,-0.8597839936548509,2,-1.4855520999327947,965.3,4.1,48.2
0.21318676321885557,0.3397463365055731,U8,MN8014,17.53519457426613,4.000493345526288,WPG,SSPG,0.1099062275768006,0.33787446514923086,0.20004649254076118,-0.8595833473453444,6,-1.485945381790506,965.3,4.1,48.2
0.21320932953596575,0.3397936318681148,U8,MN8014,17.535046691053655,4.000448390062858,WPG,SSPG,0.10990125334450428,0.3378744251447306,0.20005061232590174,-0.8597884201797398,3,-1.485863572752958,965.4,4.1,48.2
0.2131749361503381,0.33976479976891455,U8,MN8014,17.53581144800245,4.000451572943179,WPG,SSPG,0.10989560666340525,0.3378488469911854,0.2000488766935505,-0.8595573595196373,2,-1.485950431740136,965.4,4.1,48.2
0.2131735587077864,0.3397623071940945,U8,MN8014,17.536369027844913,4.000523026389775,WPG,SSPG,0.10990342476453906,0.33787254553931056,0.20004364760914842,-0.8595379873882699,2,-1.485870287764957,965.2,4.1,48.2
0.2131800391469746,0.33977692269302373,U8,MN8014,17.536852322260916,4.000480749775864,WPG,SSPG,0.10988994479372824,0.33786143826182946,0.2000473063819998,-0.8595444092351663,0,-1.4855160767647142,965.3,4.1,48.2
0.21318814516057044,0.33975713654918577,U8,MN8014,17.53582126452774,4.00047761555316,WPG,SSPG,0.109895379491635,0.3378558671736047,0.20004876223744142,-0.8595409187087972,2,-1.4857284860371394,965.4,4.1,48.2
0.2131779360163747,0.3397668347491517,U8,MN8014,17.5354654856256,4.000466530792821,WPG,SSPG,0.1098926645516223,0.3378470061271718,0.2000475932254494,-0.8595080645136146,2,-1.485852551385907,965.4,4.1,48.2
0.2131718808913403,0.33976180079393686,U8,MN8014,17.536740229075377,4.000406956805668,WPG,SSPG,0.10988840595099658,0.3378268807728865,0.20005301541041867,-0.8594733393724809,0,-1.4860167091588412,965.5,4.1,48.2
0.21318296182124635,0.3397445791996446,U8,MN8014,17.535687339082706,4.000427965354226,WPG,SSPG,0.10989900630683029,0.33784100249734866,0.20004856703832252,-0.859504240995344,0,-1.4855724179411638,965.5,4.1,48.2
0.21318772943580672,0.33969771541381044,U8,MN8014,17.5339060193125,4.000427096548433,WPG,SSPG,0.10991030608935926,0.3378451672618186,0.2000508121346166,-0.8594647265559265,6,-1.4854914611465002,965.6,4.1,48.2
0.21317239908038327,0.3397369916935685,U8,MN8014,17.53433380797093,4.000464574671017,WPG,SSPG,0.10989948046171483,0.33783215680103784,0.20004597398108806,-0.8594265540624504,2,-1.4860023549018653,965.5,4.1,48.2
0.21318868212592879,0.3396877893979496,U8,MN8014,17.533408421814503,4.000489395899592,WPG,SSPG,0.10991194510421712,0.33787376579630735,0.20004396532037894,-0.8595061601651823,6,-1.485802431170578,965.4,4.1,48.2
0.2131799968700839,0.3396949877366732,U8,MN8014,17.533484414727717,4.000533435992761,WPG,SSPG,0.10992067802695375,0.33788826628471347,0.20003990771289926,-0.8595007112812182,0,-1.4850723936070729,965.3,4.1,48.2
0.21317694557468228,0.3396613042887344,U8,MN8014,17.53250352605231,4.000425352487622,WPG,SSPG,0.10990650916156766,0.3378344141185216,0.20004936566574183,-0.8594624529365489,5,-1.485870388293403,965.7,4.1,48.2
0.21316644676267663,0.33963118926095714,U8,MN8014,17.533236442815372,4.000395059766718,WPG,SSPG,0.10990454889536039,0.3378106411769096,0.2000531129748095,-0.8592930994919218,5,-1.4859701489598525,965.8,4.1,48.2
0.21315076030364719,0.33959229605487345,U8,MN8014,17.53173551988652,4.000384646586612,WPG,SSPG,0.10989861974103673,0.33779072857572484,0.20004701875945702,-0.8591619627444418,5,-1.485890483430273,965.9,4.1,48.2
0.2131506345966446,0.3396628657544035,U8,MN8014,17.534120706165183,4.00036705964613,WPG,SSPG,0.10989604555731786,0.3377882905479201,0.2000506270920721,-0.8592334202230413,2,-1.4859624102639533,965.8,4.1,48.2
0.21314292933087317,0.3396252808421897,U8,MN8014,17.533369441987933,4.000373475636662,WPG,SSPG,0.10989128049278898,0.33778043721451434,0.20004976584649709,-0.8591893847477811,3,-1.4857403680589343,965.9,4.1,48.2
0.21317337409953446,0.339643482625657,U8,MN8014,17.531639723177776,4.000382955832316,WPG,SSPG,0.10990064547094339,0.3378072750138047,0.20005112832539462,-0.8594310881956182,1,-1.4860353662878811,965.9,4.1,48.2
0.21319027299568594,0.33967512885015005,U8,MN8014,17.53276041624723,4.000358924164553,WPG,SSPG,0.10991101267496554,0.3378395180484026,0.2000518351654332,-0.8595287591675062,3,-1.4860429354308842,965.7,4.1,48.2
0.21317571901589355,0.33965417776295387,U8,MN8014,17.532289488348052,4.000304145228445,WPG,SSPG,0.10989311448252458,0.3377937920583667,0.20005702931391306,-0.8594356120996337,2,-1.486006617323806,966.0,4.1,48.2
0.2131848176464569,0.33965600403546015,U8,MN8014,17.53305734181176,4.000375384813821,WPG,SSPG,0.10991203319242354,0.33783912159130275,0.20005164546951235,-0.8594719215088998,1,-1.485850260234626,965.7,4.1,48.2
0.21321948916104985,0.3396823357948543,U8,MN8014,17.532083242616785,4.000378627073381,WPG,SSPG,0.10990852950633861,0.3378685480146306,0.20005447383336436,-0.8597167084736219,2,-1.4857296162062905,965.7,4.1,48.2
0.21320994958656123,0.3396944369516114,U8,MN8014,17.532953217086572,4.00039858202649,WPG,SSPG,0.10990627521662276,0.3378576382082567,0.20005050278857203,-0.859667127472125,1,-1.4852036050064044,965.7,4.1,48.2
0.21320455867008148,0.3396835209296118,U8,MN8014,17.53287986521473,4.000365487190876,WPG,SSPG,0.10990650807055957,0.33783701841666847,0.20005604599144158,-0.8595998774589775,0,-1.4858517991154248,965.8,4.1,48.2
0.2131963394078881,0.33967399847621477,U8,MN8014,17.532913835348893,4.00040795923127,WPG,SSPG,0.10990452340554335,0.3378424162802297,0.20005071305908662,-0.859517961931352,2,-1.485743534470327,965.7,4.1,48.2
0.21320145346662886,0.33967400380900187,U8,MN8014,17.53311698386583,4.000375209490962,WPG,SSPG,0.10990334813616073,0.3378334195986517,0.20005429279230558,-0.8595845469471638,1,-1.4859551275560534,965.8,4.1,48.2
0.21320192527650747,0.3396291208097414,U8,MN8014,17.53062613409223,4.0003700822031645,WPG,SSPG,0.10991068364651267,0.33783417618783923,0.20005426383105762,-0.8595484723241359,6,-1.4860876114076476,965.9,4.1,48.2
0.213217203544536,0.3396696185017853,U8,MN8014,17.53128955370466,4.000382876699005,WPG,SSPG,0.10990556137617274,0.3378528137910032,0.2000542393756524,-0.8596913428594096,5,-1.4860450910337768,965.8,4.1,48.2
0.21321229336779685,0.3396652716436926,U8,MN8014,17.530793816528703,4.000397836495697,WPG,SSPG,0.10991504941360686,0.33784998271928196,0.20005325791961062,-0.8596592041629098,2,-1.4861455610484793,965.8,4.1,48.2
0.2132322997055312,0.3396478817623517,U8,MN8014,17.53051920941815,4.0003716799187705,WPG,SSPG,0.10991191600599745,0.33785279636994586,0.20005467058141865,-0.85973922207163,0,-1.4861260062661952,965.9,4.1,48.2
0.2132360933549547,0.339628015154669,U8,MN8014,17.5293832681517,4.000370093316913,WPG,SSPG,0.10992823952161448,0.33786256462645453,0.20005478149261166,-0.8597204032285336,4,-1.4860662176013584,965.9,4.1,48.2
0.2131947454897441,0.3396025115151001,U8,MN8014,17.5305679773548,4.00040376345939,WPG,SSPG,0.10992441115393259,0.3378430345847497,0.20004979476438356,-0.8594427483273951,6,-1.4860255071650688,965.8,4.1,48.2
0.21321449844693782,0.33960841511483625,U8,MN8014,17.52951166188773,4.000373570946451,WPG,SSPG,0.1099302968232738,0.3378481037460541,0.20005316563604675,-0.8595646514017324,7,-1.4860185313111742,965.9,4.1,48.2
0.21319247533061875,0.33961252713645596,U8,MN8014,17.529978812857983,4.000392360432054,WPG,SSPG,0.10991832932757853,0.33782737364983056,0.20005157902873336,-0.8594410006145142,4,-1.486105449658174,965.9,4.1,48.2
0.21321365318396082,0.3396019462980099,U8,MN8014,17.52945535745983,4.000376224500508,WPG,SSPG,0.10992831432924902,0.3378457095136044,0.2000524911286217,-0.8595402929343354,1,-1.4861574822637493,965.9,4.1,48.2
0.21321293384667123,0.3395983141186996,U8,MN8014,17.52989948846902,4.00037260476736,WPG,SSPG,0.10991943736829665,0.3378430723454703,0.2000524272437393,-0.8595189135359077,7,-1.4861542299403254,965.9,4.1,48.2
0.21322256638053763,0.3396150177293072,U8,MN8014,17.529660389641784,4.0003797239132215,WPG,SSPG,0.10992077376802262,0.3378517657170487,0.2000540274117802,-0.8595961470752371,7,-1.4859927124011953,965.9,4.1,48.2
0.21321051882932607,0.3395691201024762,U8,MN8014,17.528248966992564,4.0003502237169934,WPG,SSPG,0.1099238122626219,0.3378219342112122,0.2000547214015747,-0.8594656194148882,0,-1.486239690681252,966.1,4.1,48.2
0.2131984356529347,0.33955101280968203,U8,MN8014,17.527984842477228,4.000371336162379,WPG,SSPG,0.10992273870678565,0.33781730492692336,0.2000519076710747,-0.8593478778703431,5,-1.4857952204257252,966.1,4.1,48.2
0.2131915815723505,0.3395465404479659,U8,MN8014,17.52829043318505,4.000376595041361,WPG,SSPG,0.10992127901489099,0.33780806138955777,0.20005152981852012,-0.8592907885350114,0,-1.4860403924694179,966.1,4.1,48.2
0.21318454257607228,0.3395431061182644,U8,MN8014,17.52822409126926,4.000389480224922,WPG,SSPG,0.10991802077828886,0.337800443633738,0.20004863421644337,-0.8592223109831723,0,-1.4859345443427348,966.1,4.1,48.2
0.21318832359684792,0.3395575843201393,U8,MN8014,17.52855133049514,4.0003033861435835,WPG,SSPG,0.10990010849575324,0.33777336384574475,0.20005657781988218,-0.859283286741203,0,-1.4863369309396397,966.3,4.1,48.2
0.2131924615019598,0.33954401661007644,U8,MN8014,17.527478344573424,4.0003255918422065,WPG,SSPG,0.10990864978068762,0.3377869600824694,0.20005138511771373,-0.8592863014551803,7,-1.4854186734001278,966.3,4.1,48.2
0.21317650410079123,0.3395550877117393,U8,MN8014,17.52800762244498,4.000361338310396,WPG,SSPG,0.1099114701652503,0.33778927258962405,0.20004679192747385,-0.8592143408745763,0,-1.4863318320433958,966.1,4.1,48.2
0.21317519360495962,0.3395269818357521,U8,MN8014,17.52675439029636,4.000333718688982,WPG,SSPG,0.10991208054495187,0.33776986002082976,0.20005120947099111,-0.8591739500456282,4,-1.4864021646765124,966.3,4.1,48.2
0.21320177581551056,0.3395321132888873,U8,MN8014,17.526455155146785,4.000380040213046,WPG,SSPG,0.10992157045533978,0.3378164936576572,0.20004641220288547,-0.8593346721535755,1,-1.486332483613495,966.1,4.1,48.2
0.21319962214464105,0.3395312027740089,U8,MN8014,17.526352858570018,4.000403534056505,WPG,SSPG,0.10992609443903531,0.33782676911322906,0.20004396472758318,-0.8592801721765054,4,-1.4862533442634671,966.0,4.1,48.2
0.21318319660366034,0.3395199213089289,U8,MN8014,17.52759418142416,4.000335463920622,WPG,SSPG,0.10991096871488945,0.33778236506654397,0.20004795874551415,-0.8591650301600642,5,-1.486416969826493,966.2,4.1,48.2
0.21318962515060363,0.33953241688781133,U8,MN8014,17.526811068064198,4.000292775098571,WPG,SSPG,0.10990611795838726,0.3377672605153443,0.20005369697667957,-0.8592594171055467,3,-1.4862437542001405,966.4,4.1,48.2
0.21321094750887642,0.33951731101796156,U8,MN8014,17.52786358440905,4.00030668421633,WPG,SSPG,0.10992872011644458,0.33780803967324163,0.2000537741534422,-0.8593236099984746,4,-1.4863552412845316,966.2,4.1,48.2
0.21320245181955833,0.3395225996577568,U8,MN8014,17.5275625726598,4.00034350070506,WPG,SSPG,0.10992124998910499,0.33781185774624667,0.20004613865805906,-0.8592986361742087,7,-1.486332782186361,966.1,4.1,48.2
0.21319481189433115,0.3395418911744657,U8,MN8014,17.529260334479304,4.000259639902125,WPG,SSPG,0.10990173986166055,0.3377733650469053,0.20005276826871943,-0.8592549218389985,2,-1.486074555330024,966.3,4.1,48.2
0.21322713154858136,0.33958201753357337,U8,MN8014,17.527920541791097,4.000310912415032,WPG,SSPG,0.10991656217366305,0.3378257560981651,0.20005152785274927,-0.8595225171266375,2,-1.4862669755683449,966.1,4.1,48.2
0.2132190113155065,0.3395866301722777,U8,MN8014,17.529497374229,4.000287955219139,WPG,SSPG,0.10990886453459375,0.3378219394124607,0.20005517639096246,-0.8595122207519752,7,-1.4859892168885356,966.1,4.1,48.2
0.21323693353486128,0.33959291135899017,U8,MN8014,17.529018050663545,4.000271233780272,WPG,SSPG,0.10990966801359695,0.3378191542247113,0.2000605314319591,-0.859602116068883,6,-1.48641800705337,966.2,4.1,48.2
0.2132599685209482,0.3396297719854968,U8,MN8014,17.528776514344074,4.000315726954598,WPG,SSPG,0.10991832296173763,0.33786145049544547,0.20005867868796356,-0.8597999241173895,5,-1.4864495312572554,966.0,4.1,48.2
0.213250294895893,0.339593435046729,U8,MN8014,17.52828304387364,4.000293242979382,WPG,SSPG,0.10991819936927537,0.3378444822422208,0.20005699856550296,-0.8596485227002028,2,-1.4861333731271245,966.1,4.1,48.2
0.21325971989095402,0.3395596103277202,U8,MN8014,17.52705953472799,4.000315530309824,WPG,SSPG,0.10993466016713319,0.3378588504669436,0.20005569572525075,-0.8596842842521083,4,-1.4863604099641314,966.1,4.1,48.2
0.21327740341510099,0.33958815758369665,U8,MN8014,17.526880029761347,4.000325888796392,WPG,SSPG,0.10992325932201805,0.33786346796530276,0.20005713689566815,-0.8597423542360431,1,-1.486386978238917,966.1,4.1,48.2
0.2132652103490222,0.3395893574216714,U8,MN8014,17.528007000308655,4.000361564656667,WPG,SSPG,0.10991990172950647,0.3378656186810806,0.20005636115566816,-0.8597046538962853,1,-1.4865440710497886,966.0,4.1,48.2
0.21330397213005484,0.33962493248813197,U8,MN8014,17.52778335554868,4.000368896095132,WPG,SSPG,0.10993120550070756,0.3379093655980572,0.20005613424972615,-0.8600066265754673,7,-1.4862806958933525,965.9,4.1,48.2
0.21328398744122307,0.33963574793738693,U8,MN8014,17.528050985318217,4.000367080393023,WPG,SSPG,0.10992854454231146,0.33789556726614545,0.20005810198425686,-0.8599317496450944,5,-1.4863567385324234,965.9,4.1,48.2
0.21328596658576163,0.33960312249333435,U8,MN8014,17.52719546611431,4.0003379812749085,WPG,SSPG,0.109942814840045,0.33788472848601564,0.20005850522249566,-0.8598512185179424,0,-1.486507208833448,966.0,4.1,48.2
0.21328450589903533,0.33955533018210154,U8,MN8014,17.5261248464489,4.000356789470806,WPG,SSPG,0.10994101210492105,0.33787451751044245,0.20005578552665373,-0.8597381316802137,4,-1.4864044329492696,966.1,4.1,48.2
0.21329072517719808,0.33958719273381177,U8,MN8014,17.526107780082867,4.000303519870545,WPG,SSPG,0.10993646760996253,0.3378605318959232,0.20005815073546146,-0.8598414419633297,5,-1.486619652339444,966.2,4.1,48.2
0.21329746174426786,0.33961463376596357,U8,MN8014,17.525626540669872,4.000316613895306,WPG,SSPG,0.10993594587760033,0.3378675589777688,0.20005610536432036,-0.8599491019247595,5,-1.4618280270478845,966.1,4.1,48.2
0.21330632860339152,0.3395923938445176,U8,MN8014,17.525919345425564,4.000369855551948,WPG,SSPG,0.1099547999490703,0.3379140522120156,0.20005048042392176,-0.8599562644266279,1,-1.4864520232001581,965.9,4.1,48.2
0.21334250349842265,0.3396128533551986,U8,MN8014,17.526095833797285,4.000313998074839,WPG,SSPG,0.10996489838824744,0.3379436279125869,0.20005713115073612,-0.8602079989438537,1,-1.486472537440008,965.9,4.1,48.2
0.21332566222749216,0.33965594021070783,U8,MN8014,17.52734461109872,4.0003603787956505,WPG,SSPG,0.10995126097950134,0.3379528349647416,0.20005171260429458,-0.8602319850674796,7,-1.4863070149223727,965.7,4.1,48.2
0.21334742021969966,0.3396561570075835,U8,MN8014,17.526790359829114,4.0003007982702865,WPG,SSPG,0.10993741422511888,0.33792364872461333,0.20006031510489689,-0.8602723844229916,0,-1.4865198530493213,966.0,4.1,48.2
0.21335071055483668,0.3396617963449123,U8,MN8014,17.52674299718958,4.0003572133342296,WPG,SSPG,0.10996059875995151,0.3379720202886858,0.20005566252534046,-0.8603272120824221,4,-1.4863162681998716,965.7,4.1,48.2
0.21331782053875717,0.33965914386975676,U8,MN8014,17.527899906533868,4.000339134341447,WPG,SSPG,0.1099437233341207,0.33792808293551063,0.20005255433186872,-0.8601264639279225,3,-1.4860525240536369,965.8,4.1,48.2
0.2133465567184807,0.3396844518225889,U8,MN8014,17.52711995174103,4.000387339962007,WPG,SSPG,0.10994990096259247,0.3379704461985783,0.20005141512327482,-0.8603681001034161,6,-1.4855813567091847,965.7,4.1,48.2
0.2133349191678683,0.33967868982093224,U8,MN8014,17.52854322915352,4.000377734141974,WPG,SSPG,0.10994425064018865,0.3379512680691889,0.2000535229622117,-0.8602531154542667,1,-1.4860936142243109,965.7,4.1,48.2
0.21332242589657543,0.33964093132583295,U8,MN8014,17.527571575264933,4.000377983792151,WPG,SSPG,0.1099478682484809,0.33794718455511846,0.2000497468605967,-0.8601490075521248,7,-1.486267255634953,965.7,4.1,48.2
0.21332594707706348,0.33959369209526147,U8,MN8014,17.525510079097938,4.0003949419064515,WPG,SSPG,0.10996168844152845,0.3379486207956804,0.20004923517770967,-0.8600710913540672,7,-1.4860069626401415,965.8,4.1,48.2
0.21331408580607655,0.33962134948147515,U8,MN8014,17.526154399904605,4.000393570649405,WPG,SSPG,0.1099454418959737,0.33793563790594666,0.20005175330281502,-0.8600427412885926,1,-1.4860845499795818,965.8,4.1,48.2
0.21334111704029707,0.3396637287508618,U8,MN8014,17.526552177801545,4.000344730527209,WPG,SSPG,0.10994033925193616,0.33794135623075666,0.2000587462596415,-0.8602635630036807,3,-1.4858737231946595,965.9,4.1,48.2
0.213334887193234,0.3396278844820618,U8,MN8014,17.526303460384668,4.000343797573429,WPG,SSPG,0.1099454703515898,0.3379353466499495,0.2000583153995687,-0.8601837783044036,4,-1.4865691432207928,965.9,4.1,48.2
0.2133271869788475,0.3395851895630492,U8,MN8014,17.526211275265922,4.000345977114496,WPG,SSPG,0.10996138729817376,0.33793511553975175,0.20005647093181525,-0.8600731028825458,1,-1.4864549891178882,965.9,4.1,48.2
0.21333388242063217,0.33960406121812414,U8,MN8014,17.525584365306784,4.000374138680564,WPG,SSPG,0.10996119000726876,0.33793699232772706,0.20005407160880834,-0.8601378179944407,1,-1.4864810313195775,965.9,4.1,48.2
0.2133278782648915,0.3395847850136998,U8,MN8014,17.524517919902387,4.00033684958761,WPG,SSPG,0.10996314019840608,0.3379261236265066,0.20005421934962717,-0.8600908480346195,0,-1.4863782040071865,966.0,4.1,48.2
0.2133394244813255,0.3396081956033293,U8,MN8014,17.524668092088902,4.000312321232585,WPG,SSPG,0.10995442839697367,0.33792040351015135,0.20005700796179324,-0.8601989483564324,5,-1.486171757420271,966.1,4.1,48.2
0.21333983617493316,0.3396109305439825,U8,MN8014,17.52389210022134,4.000331242090701,WPG,SSPG,0.10995034375925125,0.33791823813630956,0.20005621646266766,-0.8601876306763662,4,-1.4864566461717228,966.1,4.1,48.2
0.21337012502916536,0.339623800612135,U8,MN8014,17.52510893296432,4.000332951942495,WPG,SSPG,0.10996453638414819,0.33796559592240366,0.2000585341100594,-0.8603691920293758,1,-1.4865077733129297,965.9,4.1,48.2
0.21336268775044864,0.33959416174891854,U8,MN8014,17.524143248671994,4.000309724770163,WPG,SSPG,0.10996475459856485,0.3379375425331107,0.20005909163115004,-0.8602764809902789,3,-1.4864355404525735,966.1,4.1,48.2
0.21336707652545397,0.33960341005481764,U8,MN8014,17.524419407029548,4.0003302227582305,WPG,SSPG,0.10996337956636659,0.3379520310164021,0.20005876226208824,-0.8603173010614908,4,-1.4866023737907028,966.0,4.1,48.2
0.21337013593892767,0.33959837492192596,U8,MN8014,17.524781955228438,4.000280210296234,WPG,SSPG,0.10996204755591886,0.3379419007041374,0.20006240854065185,-0.8603238811673273,7,-1.4865336947000145,966.1,4.1,48.2
0.21337348050943736,0.33963611805560723,U8,MN8014,17.524730665284594,4.000325758481748,WPG,SSPG,0.10996206037311726,0.33795233203376884,0.20005988390741022,-0.8604111482686828,3,-1.4866406154411518,966.0,4.1,48.2
0.21339242403156788,0.339644973837561,U8,MN8014,17.524932961738315,4.0002867251621,WPG,SSPG,0.10996726741529919,0.33796793014908083,0.20006278020176585,-0.860538390596177,7,-1.4865574279068987,966.0,4.1,48.2
0.21338942416965007,0.339627802365737,U8,MN8014,17.52381222361988,4.0003041230645575,WPG,SSPG,0.10997379247027327,0.3379717165490133,0.20006220142934678,-0.86049115881622,5,-1.4865425685928155,966.0,4.1,48.2
0.21341494575212594,0.3396302825589851,U8,MN8014,17.523146499391984,4.000248650396812,WPG,SSPG,0.10997323665677028,0.3379644857657765,0.20006799284564883,-0.8606422748934535,0,-1.4867244216197246,966.2,4.1,48.2
0.213381828996754,0.3395824830452808,U8,MN8014,17.522545397333772,4.0002972766000395,WPG,SSPG,0.1099747477841527,0.33795523745061273,0.20005926563977,-0.8603645545518338,7,-1.4867542599984365,966.1,4.1,48.2
0.2133880129308198,0.3395948975404083,U8,MN8014,17.524054174804732,4.000273773663402,WPG,SSPG,0.10997244412898903,0.33795778465149945,0.20006298506442247,-0.8604253747127504,6,-1.4866168794488779,966.1,4.1,48.2
0.2134075534884134,0.3395820404300889,U8,MN8014,17.522147560013273,4.000293710389191,WPG,SSPG,0.10997946210739501,0.33797001423384504,0.20006271857963695,-0.8605169715049361,1,-1.4861176789981254,966.2,4.1,48.2
0.21338783480555104,0.3395714679489358,U8,MN8014,17.52314739643655,4.000311542266874,WPG,SSPG,0.10998859331550564,0.3379797413408867,0.2000598857819789,-0.8604070334154257,0,-1.486465516464218,966.0,4.1,48.2
0.21340581063095437,0.3396042001163058,U8,MN8014,17.522616274606545,4.000303112312849,WPG,SSPG,0.10998523496180188,0.33799130592544735,0.2000624791478361,-0.8605678866107684,5,-1.4866582985758932,966.0,4.1,48.2
0.21341972257553327,0.33958637835855027,U8,MN8014,17.521797407121692,4.000278020360069,WPG,SSPG,0.10999148525188682,0.33798991598335953,0.20006346258216384,-0.8605981213522977,7,-1.4866982770611852,966.1,4.1,48.2
0.21341080546995322,0.339576847718004,U8,MN8014,17.52157667649856,4.000271309247679,WPG,SSPG,0.1099908857670652,0.3379718356131886,0.20006310694353344,-0.8605362181478743,1,-1.4865219068960513,966.2,4.1,48.2
0.2134121134499922,0.3395547921825056,U8,MN8014,17.52062844191537,4.0002627347868325,WPG,SSPG,0.1099916998137218,0.33796453484232264,0.20006480052520578,-0.8604951336579935,2,-1.4864956436746688,966.3,4.1,48.2
0.21343987487671176,0.3395948726811811,U8,MN8014,17.521547211367555,4.000261809849981,WPG,SSPG,0.10998992751599966,0.3379926907402978,0.20006837647554337,-0.8607195317525619,0,-1.4867011703894342,966.2,4.1,48.2
0.21341358296199658,0.33957510189891166,U8,MN8014,17.521384849161503,4.000298888233407,WPG,SSPG,0.109993896757342,0.33798882334808794,0.20006219570640418,-0.8605380133383004,2,-1.4865156463297637,966.1,4.1,48.2
0.2134325949161282,0.3395632786761134,U8,MN8014,17.520781838894003,4.000297670820508,WPG,SSPG,0.11000205198448341,0.33800427451617754,0.20006266505965645,-0.8606343968832917,1,-1.4867625830158797,966.1,4.1,48.2
0.21342515745948593,0.3396390394148669,U8,MN8014,17.523102129881707,4.000303216366101,WPG,SSPG,0.10998763407526772,0.33801587867396915,0.20006073305832547,-0.8607498269469871,5,-1.4864624285623655,965.9,4.1,48.2
0.21341294350476128,0.3395792425551174,U8,MN8014,17.521840808149935,4.000325328595281,WPG,SSPG,0.10999430788941059,0.3380009708470397,0.20005886739352544,-0.8605687206467582,1,-1.4864600270902883,966.0,4.1,48.2
0.21341931058461505,0.3396334140505771,U8,MN8014,17.52383088570647,4.000309522323446,WPG,SSPG,0.10998579483950066,0.33800988944268157,0.2000578106181243,-0.8606821597162572,4,-1.4860061635357482,965.9,4.1,48.2
0.21340003557106918,0.33960062048477624,U8,MN8014,17.523638309714663,4.000296072092153,WPG,SSPG,0.10998279278746892,0.3379802336892807,0.20005724423900587,-0.86051832219519,7,-1.4864259947031027,966.0,4.1,48.2
0.21338974887834955,0.33960001017310554,U8,MN8014,17.52350543425007,4.000304592893121,WPG,SSPG,0.10998979284333715,0.3379732401316884,0.20005517646244253,-0.8604543243148627,6,-1.486241976255144,966.0,4.1,48.2
0.21340419203185185,0.33963479105759975,U8,MN8014,17.52426829804225,4.000289617073195,WPG,SSPG,0.1099845413089856,0.3379935759314183,0.20005973176757008,-0.8606003009583356,7,-1.486550985987666,965.9,4.1,48.2
0.21337987215729068,0.33962171645352784,U8,MN8014,17.523770005281662,4.000309716344415,WPG,SSPG,0.10997678715395245,0.3379628239512205,0.20005814302327082,-0.8604400854100024,7,-1.486538042564856,966.0,4.1,48.2
0.21340439881466466,0.3396388275071381,U8,MN8014,17.524012879597773,4.000287602617052,WPG,SSPG,0.10997299491867787,0.337979811042486,0.20006195672249358,-0.8606047827248996,4,-1.4866137900606926,966.0,4.1,48.2
0.2133946417091749,0.3396358864994847,U8,MN8014,17.52448104059878,4.000281429968398,WPG,SSPG,0.10996920555227584,0.33796877893528615,0.200061119009332,-0.8605276507584211,2,-1.4866796005620504,966.0,4.1,48.2
0.21337211784559101,0.3395878164807805,U8,MN8014,17.523715017595578,4.000287402362263,WPG,SSPG,0.10997000139912508,0.33794227655640413,0.20005631170469867,-0.860316481081686,5,-1.486558160071226,966.1,4.1,48.2
0.21338932705719152,0.33959916374042454,U8,MN8014,17.523138098613863,4.000289555203546,WPG,SSPG,0.10997718769711795,0.33795516175054174,0.2000572352028303,-0.8604446594789842,2,-1.4867261029058394,966.1,4.1,48.2
0.21337306795207958,0.3395706266080693,U8,MN8014,17.522607118978986,4.000275249826207,WPG,SSPG,0.10997583121681526,0.33793477055618676,0.20005704011845096,-0.8602943846055747,4,-1.4865267244824736,966.2,4.1,48.2
0.2133973075325129,0.33960505672290636,U8,MN8014,17.52290058101088,4.000291272466275,WPG,SSPG,0.10997490428971633,0.33796215294913556,0.20005841922121245,-0.8605060138271554,5,-1.486765876398385,966.1,4.1,48.2
0.21341474570747127,0.3395990958387865,U8,MN8014,17.522224352973197,4.000286892481415,WPG,SSPG,0.10998804816446167,0.3379814371320946,0.2000584854733027,-0.8606134460113871,6,-1.4865481120026711,966.1,4.1,48.2
0.21341825246514104,0.33962994481640485,U8,MN8014,17.523420393386708,4.000302807002204,WPG,SSPG,0.10998245793746242,0.33799375103211654,0.20006013824207838,-0.8606771588565293,0,-1.4864219319280227,966.0,4.1,48.2
0.21340602060054945,0.33961672326318504,U8,MN8014,17.524041544092277,4.000287513398998,WPG,SSPG,0.10998073222051856,0.33797903699385795,0.20005895608132468,-0.860566752404319,1,-1.4866816135482601,966.0,4.1,48.2
0.21340393358696338,0.33964990002455825,U8,MN8014,17.524966059641976,4.000291213480998,WPG,SSPG,0.10997345916046289,0.33798749614313117,0.20005715894940698,-0.8606284154311596,6,-1.4864661421415661,965.9,4.1,48.2
0.21342344781248104,0.3396692117084806,U8,MN8014,17.525208095198863,4.000281807749837,WPG,SSPG,0.10997641814160694,0.33800456228183823,0.2000609697187752,-0.8607764528243992,4,-1.4862393846675612,965.9,4.1,48.2
0.21344088198387368,0.3396779478926256,U8,MN8014,17.5244109982991,4.0002572564659165,WPG,SSPG,0.10997833054465993,0.33800530300694676,0.20006601487374745,-0.8608981905709333,6,-1.4865592148236164,966.0,4.1,48.2
0.21342580333022082,0.3396376835207864,U8,MN8014,17.523640775023136,4.000259562049355,WPG,SSPG,0.10998117218406248,0.3379836556075678,0.20006371237941503,-0.8607441346270898,4,-1.486631436069489,966.1,4.1,48.2
0.2134201405913171,0.33965851454001295,U8,MN8014,17.52431478755959,4.000237723888331,WPG,SSPG,0.10997382277449147,0.3379745645863577,0.20006461646926707,-0.8607514649017971,7,-1.4867459331085762,966.1,4.1,48.2
0.21342678107777055,0.3396386424816632,U8,MN8014,17.52331670876928,4.000235618344038,WPG,SSPG,0.10997525861687041,0.3379721374857497,0.200065134360826,-0.8607500433906038,2,-1.4865365348879376,966.2,4.1,48.2
0.21341502599085463,0.33965110352227634,U8,MN8014,17.523967131491673,4.000240853123737,WPG,SSPG,0.10996977688437792,0.3379619169666568,0.2000665510508554,-0.8607148499550499,3,-1.4865477284698407,966.2,4.1,48.2
0.21341724830520586,0.3396575126020874,U8,MN8014,17.52442221579961,4.000220935898872,WPG,SSPG,0.10996506570132651,0.3379601562703912,0.20006715394582128,-0.8607382016247576,6,-1.4866753511662623,966.2,4.1,48.2
0.21342100315670717,0.3396450105804718,U8,MN8014,17.523615152153123,4.0002359029233565,WPG,SSPG,0.1099755641283155,0.3379667675637895,0.20006695888087156,-0.86074568085251,4,-1.4867645179194042,966.2,4.1,48.2
0.21341153865035384,0.3396454916138757,U8,MN8014,17.52345598251363,4.000237043161552,WPG,SSPG,0.10997260210134446,0.33795813462820806,0.2000648032531479,-0.8606822119440676,7,-1.4867337679474417,966.2,4.1,48.2
0.21340992107071483,0.33962882910919684,U8,MN8014,17.52310950735157,4.000232584607287,WPG,SSPG,0.10997000882494054,0.33794454258972184,0.20006538777044316,-0.8606419611512508,1,-1.4867752535141143,966.3,4.1,48.2
0.2134014565909963,0.33961504917103486,U8,MN8014,17.523470299543703,4.00022853074006,WPG,SSPG,0.10997101965104776,0.3379411862250881,0.2000646205615903,-0.8605734214178613,6,-1.4865042488434685,966.3,4.1,48.2
0.21339189554806942,0.3396126878660398,U8,MN8014,17.523568583726714,4.000227133570028,WPG,SSPG,0.10996741973694799,0.33793082960012544,0.20006390849095035,-0.8605207446522296,1,-1.4868016920900526,966.3,4.1,48.2
0.21341493960847766,0.33964804356288897,U8,MN8014,17.523954591054114,4.000209934238524,WPG,SSPG,0.10996604717617697,0.3379470141142528,0.20006862023622637,-0.8607228679023219,3,-1.4867851583834693,966.3,4.1,48.2
0.2134278941447922,0.33965685402740203,U8,MN8014,17.523571426938616,4.0002267333658,WPG,SSPG,0.10997320782135322,0.33797080638313287,0.20006677133799552,-0.8608174771805305,4,-1.486787307411392,966.2,4.1,48.2
0.2134256121503298,0.33966301411069927,U8,MN8014,17.523965541833057,4.000227280502252,WPG,SSPG,0.10997115235411867,0.33796882814745044,0.20006852406920714,-0.8608018038497867,1,-1.4866918398757658,966.2,4.1,48.2
0.21341342999868024,0.3396595614853174,U8,MN8014,17.52415941474971,4.000234397779549,WPG,SSPG,0.10996592379459985,0.3379600892570803,0.2000665806057593,-0.8607284299470548,7,-1.486507248090895,966.2,4.1,48.2
0.2134255147047156,0.3396720082800219,U8,MN8014,17.524164172695997,4.000230807760496,WPG,SSPG,0.10996759207663465,0.3379710540392468,0.20006857191103794,-0.860825682842402,7,-1.486372777496145,966.2,4.1,48.2
0.21343466842024333,0.33966677592756767,U8,MN8014,17.523778778007852,4.00020048715977,WPG,SSPG,0.10996617345235782,0.3379617951653245,0.20007187075095328,-0.860862481017415,2,-1.4868311660552358,966.3,4.1,48.2
0.21342663085365882,0.3396492491593118,U8,MN8014,17.523650264502436,4.000206059264294,WPG,SSPG,0.10996893335165847,0.33795681861060234,0.2000705212671489,-0.8607772574120547,3,-1.4868194405932176,966.3,4.1,48.2
0.21343081604858413,0.3396480510011667,U8,MN8014,17.523784037491104,4.000221277999793,WPG,SSPG,0.109974419980137,0.33797386650805855,0.20006889043725767,-0.8607943796704923,3,-1.4867510140640565,966.2,4.1,48.2
0.2134248713078198,0.3396481272711465,U8,MN8014,17.524093949455246,4.000221569752198,WPG,SSPG,0.10997195258545969,0.3379693011764429,0.20006787399425982,-0.8607634482777347,0,-1.4865982176428858,966.2,4.1,48.2
0.21343574065020024,0.3396477381167682,U8,MN8014,17.523448799364505,4.000222113593001,WPG,SSPG,0.10997787298710623,0.33797968707038334,0.20006949604990443,-0.8608261930576042,6,-1.4867405993878897,966.2,4.1,48.2
0.21343527041163438,0.33965207772137196,U8,MN8014,17.523554275786957,4.000220690889969,WPG,SSPG,0.10997562038894146,0.33797849696867954,0.20006971088121717,-0.8608342693958784,4,-1.4867762175481687,966.2,4.1,48.2
0.21342777562276138,0.33962901792969763,U8,MN8014,17.52349997523782,4.000234225888651,WPG,SSPG,0.10997865175100938,0.3379762811137317,0.2000673297711751,-0.8607476538193845,7,-1.4865131674655707,966.2,4.1,48.2
0.2134311205545738,0.33963832335230115,U8,MN8014,17.523653509101138,4.000220805373797,WPG,SSPG,0.10997784279535802,0.33797424707484114,0.2000688678138889,-0.860767597030266,0,-1.4868099244994646,966.2,4.1,48.2
0.21342764143527435,0.33965111544442683,U8,MN8014,17.524197609686794,4.000218007890384,WPG,SSPG,0.1099730930464903,0.3379698413593897,0.2000693694579409,-0.8607778694622221,0,-1.4867564109104539,966.2,4.1,48.2
0.21342168907861533,0.33964188477852486,U8,MN8014,17.524076540147785,4.00022982807402,WPG,SSPG,0.1099709593371655,0.33796726995876936,0.200067385478053,-0.8607247224033059,1,-1.4865437959116825,966.2,4.1,48.2
0.2134256535329764,0.33963078102030064,U8,MN8014,17.52352143946395,4.0002312971614735,WPG,SSPG,0.10997469216715793,0.3379718555524519,0.2000674301550697,-0.8607294579639554,1,-1.4867080344056447,966.2,4.1,48.2
0.2134152021248427,0.33963949212058286,U8,MN8014,17.52420309462032,4.000224420428789,WPG,SSPG,0.10996916071128418,0.337960089436164,0.20006775614220457,-0.8606840618641532,7,-1.4868032982888248,966.2,4.1,48.2
0.21342178512486334,0.3396414311741679,U8,MN8014,17.523861931814164,4.000228322107537,WPG,SSPG,0.1099707746277013,0.33796645846547874,0.20006681404089074,-0.860734172665047,6,-1.486715883441061,966.2,4.1,48.2
0.213420480383815,0.3396616385191288,U8,MN8014,17.524610905821675,4.000215456300213,WPG,SSPG,0.1099649618184117,0.337960726517207,0.2000681502593363,-0.8607534944855859,4,-1.4867477304343861,966.2,4.1,48.2
0.21342891454033755,0.3396637189392847,U8,MN8014,17.524769150524506,4.000207626777957,WPG,SSPG,0.10997002764640204,0.33796758900528806,0.20007014001406653,-0.8608060122841746,5,-1.486773124276013,966.2,4.1,48.2
0.21343930870271793,0.3396555040264496,U8,MN8014,17.523931991536692,4.000217638856378,WPG,SSPG,0.10997244590202475,0.3379782396470618,0.20006926010492,-0.8608437784470766,2,-1.486723520060817,966.2,4.1,48.2
0.21343584062825388,0.33966397749838245,U8,MN8014,17.524156259739435,4.000212609745594,WPG,SSPG,0.10997077568163836,0.33797403783445046,0.20006944925818637,-0.8608426391537851,6,-1.4867589682770461,966.2,4.1,48.2
0.2134332318549985,0.3396670046004255,U8,MN8014,17.524701892110368,4.000208143098467,WPG,SSPG,0.10996620734396662,0.3379718943749925,0.2000696594940592,-0.8608251850618769,2,-1.4865278320055797,966.2,4.1,48.2
0.21344775723170678,0.33966817479065187,U8,MN8014,17.524153299628352,4.000199735315178,WPG,SSPG,0.10997456930090715,0.33798457491293665,0.2000707836430461,-0.8609286978377518,3,-1.4867088344270343,966.2,4.1,48.2
0.2134326329863188,0.3396526160101672,U8,MN8014,17.52454814991399,4.000203906170417,WPG,SSPG,0.1099711215346728,0.33797053966239826,0.20006963725804355,-0.8607999299967249,4,-1.486841050739434,966.2,4.1,48.2
0.21342767338911567,0.3396643147460337,U8,MN8014,17.524852420840737,4.000212081710351,WPG,SSPG,0.10996917361992997,0.3379709749376275,0.2000689842330308,-0.8607959180410876,7,-1.4862097996428254,966.2,4.1,48.2
0.2134276003772334,0.3396728383617533,U8,MN8014,17.52465533774851,4.000207781079349,WPG,SSPG,0.10996694778956928,0.3379690604479256,0.200070054172206,-0.8608172055034328,7,-1.48650538883917,966.2,4.1,48.2
0.21343151041948685,0.33966743354908635,U8,MN8014,17.524536212662888,4.000206305131814,WPG,SSPG,0.10996899593458276,0.3379693435288534,0.20006976315171593,-0.860827427305315,6,-1.4867896918471022,966.2,4.1,48.2
0.21343961115128443,0.33967482519290615,U8,MN8014,17.52450878910465,4.000201841078006,WPG,SSPG,0.10996892735772432,0.33797534199641033,0.2000719008489931,-0.8608809699737743,1,-1.4868557351699145,966.2,4.1,48.2
0.2134349180018163,0.3396637356288645,U8,MN8014,17.524209895630364,4.0002077966351965,WPG,SSPG,0.1099710065938534,0.3379735310157626,0.20007007045232536,-0.8608399412143283,7,-1.4868058559784174,966.2,4.1,48.2
0.2134327207269214,0.33966317626592046,U8,MN8014,17.524408591626052,4.0002062308631015,WPG,SSPG,0.10996976583080614,0.3379713806305815,0.2000700896139091,-0.8608272404890972,3,-1.486803083040039,966.2,4.1,48.2
0.21342891846628148,0.33965103468483615,U8,MN8014,17.524367134444585,4.0002078197686,WPG,SSPG,0.10997171142368778,0.33796908743912757,0.200069365799065,-0.8607741966750425,7,-1.4867792869190684,966.2,4.1,48.2
0.21345143646686732,0.33966924352522665,U8,MN8014,17.52408873013379,4.000201595357211,WPG,SSPG,0.10997657269466071,0.33798875323022803,0.20007208597101414,-0.8609349932573428,2,-1.4865888132982086,966.2,4.1,48.2
0.2134418383673248,0.3396872244116512,U8,MN8014,17.524894767990425,4.0002120841752316,WPG,SSPG,0.10997240476715667,0.33798930271050587,0.20007025880556809,-0.8609218150313719,1,-1.4867821924545286,966.1,4.1,48.2
0.21345331526142783,0.3396827372329442,U8,MN8014,17.52411096253395,4.0001998010509165,WPG,SSPG,0.1099731955408714,0.337988726882504,0.20007277488939043,-0.8609815996507687,4,-1.4867050805190907,966.2,4.1,48.2
0.2134505537564584,0.339679525556426,U8,MN8014,17.524114576873586,4.00019733564919,WPG,SSPG,0.10997392069380005,0.3379873195327442,0.20007258294337701,-0.860964194346643,0,-1.486695995409164,966.2,4.1,48.2
0.2134496131834073,0.33967031839987283,U8,MN8014,17.52399246470423,4.000198879908536,WPG,SSPG,0.10997517028437986,0.3379859595298598,0.20007230176633378,-0.8609348739998147,5,-1.486825302260808,966.2,4.1,48.2
0.2134418175163818,0.3396674525835747,U8,MN8014,17.524051507457393,4.000200408577794,WPG,SSPG,0.10997355179213951,0.3379804330118447,0.20007112825241563,-0.8608921102982626,0,-1.4867726068152471,966.2,4.1,48.2
0.213443446857297,0.33967632542857823,U8,MN8014,17.524254185931653,4.000196554129039,WPG,SSPG,0.10997163539128615,0.33797900595070257,0.2000710987882794,-0.8609177873323539,0,-1.4868468982292722,966.2,4.1,48.2
0.2134507850906382,0.33967760106693495,U8,MN8014,17.523960786169937,4.000197967331126,WPG,SSPG,0.10997332953847888,0.33798584987452707,0.2000715619249312,-0.860961223964219,7,-1.4868217556981804,966.2,4.1,48.2
0.21345104257858266,0.3396759324772295,U8,MN8014,17.52383872520776,4.000198945904792,WPG,SSPG,0.10997666197527342,0.33798819995800955,0.20007181032789087,-0.8609646249474853,5,-1.4867374075644122,966.2,4.1,48.2
0.2134494534421711,0.3396816080322865,U8,MN8014,17.52425834608397,4.00019258712562,WPG,SSPG,0.1099734536929112,0.33798351711303753,0.20007180461262677,-0.8609597663409754,1,-1.4868191656388152,966.2,4.1,48.2
0.21344905932760413,0.3396831760406387,U8,MN8014,17.524365798088816,4.00019734251903,WPG,SSPG,0.1099752280450719,0.33798714026215226,0.20007203401515064,-0.8609603386612068,6,-1.4864256221404233,966.2,4.1,48.2
0.21344840267640533,0.3396792667177816,U8,MN8014,17.52432938708808,4.00019224375667,WPG,SSPG,0.10997407776166754,0.3379827856439113,0.2000716946097131,-0.8609517431453636,5,-1.4868207985451587,966.2,4.1,48.2
0.2134448227216136,0.3396665360955832,U8,MN8014,17.5239357597955,4.0002015519283125,WPG,SSPG,0.10997761052769528,0.33798240064737295,0.20007062932922118,-0.8609097159154123,0,-1.486805284708609,966.2,4.1,48.2
0.2134515357288101,0.3396866422057817,U8,MN8014,17.524274789992027,4.000197288049253,WPG,SSPG,0.10997409824096788,0.33798838872951953,0.20007166755457367,-0.8609919649594908,6,-1.4865060792255242,966.2,4.1,48.2
0.21344611209298323,0.3396685003525769,U8,MN8014,17.524103422836394,4.000200198501972,WPG,SSPG,0.10997714751958942,0.3379840240931381,0.2000711121964301,-0.8609195255874396,2,-1.4866963716810204,966.2,4.1,48.2
0.21344673795714136,0.339666706883762,U8,MN8014,17.52408558608216,4.000197924469121,WPG,SSPG,0.10997692002206713,0.33798303626756,0.20007034499514717,-0.8609210171819329,5,-1.4867892697593525,966.2,4.1,48.2
0.21344964774070266,0.33967388171847795,U8,MN8014,17.52422709969739,4.000195304994164,WPG,SSPG,0.10997706939235877,0.3379857084966606,0.200070933377265,-0.8609504134231347,5,-1.4866612050983665,966.2,4.1,48.2
0.2134434254946761,0.33967674489167404,U8,MN8014,17.524361908416374,4.00019464046772,WPG,SSPG,0.10997212290592148,0.3379780697884255,0.20007052595564195,-0.8609153520920227,2,-1.4868166952964472,966.2,4.1,48.2
0.21345346026773612,0.3396828444935508,U8,MN8014,17.524242808477368,4.0001875072513355,WPG,SSPG,0.10997706472742722,0.3379868754041969,0.20007225833663345,-0.860989455830443,6,-1.4868344040290467,966.2,4.1,48.2
0.21345004727988037,0.3396819303158386,U8,MN8014,17.52421943601729,4.000190912069486,WPG,SSPG,0.10997506199192908,0.3379847882899732,0.20007219046841077,-0.8609687122400346,1,-1.486818868909042,966.2,4.1,48.2
0.2134544281262053,0.3396818965046049,U8,MN8014,17.52400989268543,4.000190641132421,WPG,SSPG,0.10997838269835611,0.33798978719004424,0.20007273774765535,-0.8609993132606035,7,-1.4868045488983643,966.2,4.1,48.2
0.21345116034441836,0.33968698535701686,U8,MN8014,17.524295117765494,4.000191668942201,WPG,SSPG,0.10997528953660168,0.3379868464338328,0.20007163044078322,-0.8609885843483932,1,-1.4865986885334372,966.2,4.1,48.2
0.21345337238405554,0.3396951503678961,U8,MN8014,17.52450715168633,4.0001823352765555,WPG,SSPG,0.10997531413696676,0.3379859405616141,0.2000726589241947,-0.8610218923130929,0,-1.4868006407857735,966.2,4.1,48.2
0.21345107957561107,0.3396857608014715,U8,MN8014,17.52413674290826,4.000188869015297,WPG,SSPG,0.10997711592359921,0.33798590150939734,0.2000718627956406,-0.8609911534400763,6,-1.4868056943448202,966.2,4.1,48.2
0.2134545018181931,0.339699461991912,U8,MN8014,17.524378977357625,4.0001858180424295,WPG,SSPG,0.1099740554763795,0.33798772716712755,0.20007282150761938,-0.8610346195874846,6,-1.4867161828806026,966.2,4.1,48.2
0.21345996575062248,0.3397069759519834,U8,MN8014,17.524391979423406,4.000181757087967,WPG,SSPG,0.10997548460683604,0.33799202950814516,0.20007398651765315,-0.8610912767499793,2,-1.4867768337107137,966.2,4.1,48.2
0.2134582794213223,0.339693023775923,U8,MN8014,17.52429735361808,4.000187872604649,WPG,SSPG,0.10997613931546306,0.3379918849790839,0.20007251854228392,-0.8610443222422628,6,-1.4866426303234874,966.2,4.1,48.2
0.2134560352742588,0.33968243219106176,U8,MN8014,17.52384324672552,4.00019118493174,WPG,SSPG,0.10997894576418024,0.3379913353734918,0.20007157436348566,-0.8610194639043854,5,-1.486776517371835,966.2,4.1,48.2
0.2134570463068176,0.3396900880135237,U8,MN8014,17.524049878343924,4.000188331560006,WPG,SSPG,0.10997735357957725,0.3379910916338589,0.20007238332563887,-0.8610355780939262,5,-1.4867652870625907,966.2,4.1,48.2
0.2134580118801585,0.33969642716015586,U8,MN8014,17.524114317847147,4.000184128049482,WPG,SSPG,0.10997717800232112,0.3379909598343486,0.20007291138122185,-0.8610573584342088,6,-1.4868325585494624,966.2,4.1,48.2
0.21345827645485668,0.33969674251640336,U8,MN8014,17.524038163462926,4.000186136754977,WPG,SSPG,0.10997840528480016,0.3379936810022383,0.20007283785619967,-0.8610670940307802,6,-1.4866645993098668,966.2,4.1,48.2
0.21346280146139807,0.33970924931484686,U8,MN8014,17.52419870498923,4.00018068861602,WPG,SSPG,0.10997473554639828,0.33799472671984604,0.200073999325015,-0.8611188106094767,2,-1.4868051529854416,966.2,4.1,48.2
0.2134535099608082,0.3396939567296987,U8,MN8014,17.524337921450247,4.000185861950999,WPG,SSPG,0.10997587230372086,0.33798764532359404,0.20007305344423784,-0.8610295294499296,0,-1.486818926939259,966.2,4.1,48.2
0.21345667766526139,0.3396984842556722,U8,MN8014,17.524305446767194,4.00018483587032,WPG,SSPG,0.10997411797569265,0.3379890325894496,0.20007265401057195,-0.8610519049935337,4,-1.4867999664155285,966.2,4.1,48.2
0.21345410024001207,0.33970083204691726,U8,MN8014,17.52425605212271,4.000186120797556,WPG,SSPG,0.10997432024895773,0.33798802700353303,0.20007300779917142,-0.8610455452807114,1,-1.486778533214375,966.2,4.1,48.2
0.21344681775489277,0.3396935627590103,U8,MN8014,17.524447016212502,4.00018862776641,WPG,SSPG,0.1099722179016174,0.3379814644532164,0.20007226749870344,-0.860984047842144,1,-1.4868046956697558,966.2,4.1,48.2
0.213444888604447,0.33969466381399194,U8,MN8014,17.52433383765009,4.000191358645937,WPG,SSPG,0.10997154582704433,0.33798036495634554,0.2000716696012542,-0.8609807684522346,1,-1.4867915991275318,966.2,4.1,48.2
0.2134482494719248,0.3396908868213415,U8,MN8014,17.52428800907349,4.0001899551800415,WPG,SSPG,0.10997357467474514,0.3379836583270726,0.20007157366225745,-0.8609918588137605,1,-1.4867436936275809,966.2,4.1,48.2
0.21344901486077625,0.3396800671512041,U8,MN8014,17.523985040445744,4.000193439257572,WPG,SSPG,0.1099753016285692,0.33798566580007383,0.2000717487815221,-0.8609720816766544,5,-1.486813380968206,966.2,4.1,48.2
0.21344550329862083,0.33967856025959275,U8,MN8014,17.524297858292606,4.000190936402182,WPG,SSPG,0.10997435952343837,0.33798178962643477,0.2000716968111583,-0.8609434374058713,5,-1.4868040240682543,966.2,4.1,48.2
0.21344466239887797,0.33968407793605204,U8,MN8014,17.52436897037733,4.000190693970763,WPG,SSPG,0.10997210587230669,0.3379807198477554,0.20007182265540094,-0.8609516091426951,0,-1.4867970891002464,966.2,4.1,48.2
0.21344937588545884,0.33969043262743914,U8,MN8014,17.524334359073272,4.000190259787188,WPG,SSPG,0.10997239894033031,0.3379850750288901,0.2000724174440506,-0.860996217123726,3,-1.4867435708735446,966.2,4.1,48.2
0.21345329537459942,0.3396964764654051,U8,MN8014,17.524414955326193,4.000183168866227,WPG,SSPG,0.10997315912653469,0.33798719579697734,0.2000732255378976,-0.8610303655326927,0,-1.4867925783615075,966.2,4.1,48.2
0.21344957810566498,0.3396882404329501,U8,MN8014,17.524420389963304,4.000186863625338,WPG,SSPG,0.10997328592546594,0.33798599655116207,0.2000723894436505,-0.8609951711600291,3,-1.4866716632664794,966.2,4.1,48.2
0.21345149115750275,0.33968369408828936,U8,MN8014,17.524151405623737,4.000190068295851,WPG,SSPG,0.10997354686601224,0.33798745581542383,0.20007279437701758,-0.8609958301155821,4,-1.4868281037021127,966.2,4.1,48.2
0.21345484867468695,0.33970092761741216,U8,MN8014,17.524510021031958,4.000184808358134,WPG,SSPG,0.10997299028681348,0.33798999896776954,0.2000737067085321,-0.8610508030228303,7,-1.4866220515198254,966.2,4.1,48.2
0.21345296315188228,0.33969359563763035,U8,MN8014,17.524284620664517,4.000188733343778,WPG,SSPG,0.10997393285804699,0.3379896896264145,0.20007345902770549,-0.8610222593930742,6,-1.4866316651931726,966.2,4.1,48.2
0.21345807420485957,0.33969621410042916,U8,MN8014,17.524079846916557,4.000186483077115,WPG,SSPG,0.10997543890166349,0.33799327841552174,0.20007331494355407,-0.8610615017105523,0,-1.486700081034014,966.2,4.1,48.2
0.21345959408920903,0.33969589789215926,U8,MN8014,17.524093392898155,4.0001853774400224,WPG,SSPG,0.10997435964617618,0.3379931969807899,0.2000740103969105,-0.8610628131087715,3,-1.486825433360007,966.2,4.1,48.2
0.21345585538573847,0.3396919672844781,U8,MN8014,17.52394758861615,4.000190592236351,WPG,SSPG,0.1099739867650063,0.3379907707732216,0.20007292605657565,-0.8610321513320037,7,-1.4867843252580872,966.2,4.1,48.2
0.21345635534314134,0.33969919093494527,U8,MN8014,17.524169921986033,4.0001881030087265,WPG,SSPG,0.10997226205720464,0.3379906639126435,0.20007300692456711,-0.8610553428963841,6,-1.4867272373108342,966.2,4.1,48.2
0.2134608590120731,0.33969503572422316,U8,MN8014,17.523883887908276,4.000188406843278,WPG,SSPG,0.1099742456159864,0.33799500885847567,0.20007344679556568,-0.86107388734274,6,-1.4868062730789031,966.2,4.1,48.2
0.2134637487389225,0.33969984293623223,U8,MN8014,17.523970981850454,4.000186115839273,WPG,SSPG,0.10997514047208022,0.33799697403947393,0.20007375769739677,-0.8611002784800593,0,-1.4867691656195454,966.2,4.1,48.2
0.21345518543686565,0.3396921711943822,U8,MN8014,17.52408807050753,4.000188998538497,WPG,SSPG,0.10997312578132104,0.33798971958769,0.20007288709545204,-0.8610341695601689,0,-1.4868165839802412,966.2,4.1,48.2
0.2134647001157542,0.3397016360164751,U8,MN8014,17.523966930899896,4.000185333875714,WPG,SSPG,0.10997405723916565,0.3379975160046673,0.20007404348513746,-0.8611090860651451,7,-1.4867911664700255,966.2,4.1,48.2
0.21347102995983955,0.3397039550335764,U8,MN8014,17.523700676321603,4.000183076012703,WPG,SSPG,0.10997711298958401,0.3380036466161655,0.2000745414423458,-0.8611561694400943,7,-1.4867977209852334,966.2,4.1,48.2
0.21346969374674832,0.33970809984851275,U8,MN8014,17.524004179351543,4.000181735000574,WPG,SSPG,0.10997500137767949,0.3380012205627992,0.20007476794444254,-0.8611533791497874,5,-1.4867878119997577,966.2,4.1,48.2
0.21347371905942003,0.3397079898103876,U8,MN8014,17.523814408913296,4.000181877756496,WPG,SSPG,0.1099759454045775,0.3380041867751388,0.20007462082776944,-0.8611759050544028,2,-1.4868292840937443,966.2,4.1,48.2
0.21347331530942365,0.3396986164063389,U8,MN8014,17.523696527657748,4.000186903924548,WPG,SSPG,0.10997758412922741,0.33800513841818863,0.20007411669136294,-0.8611537655978971,4,-1.4867874683087177,966.2,4.1,48.2
0.2134751714242209,0.33970132566637323,U8,MN8014,17.523631861377787,4.000184705634382,WPG,SSPG,0.10997735146616427,0.33800696489446796,0.20007462170475626,-0.8611731410972235,7,-1.486806408995335,966.2,4.1,48.2
0.21347296363457474,0.33970457369206053,U8,MN8014,17.52384603769035,4.000188595716592,WPG,SSPG,0.10997595264845439,0.33800673577946067,0.20007454678697403,-0.8611637451597547,7,-1.4865500147936217,966.2,4.1,48.2
0.21347638566407173,0.33971044383061477,U8,MN8014,17.523828629814773,4.000180941992532,WPG,SSPG,0.10997544911478246,0.3380068840188794,0.2000749837600864,-0.8612008172832025,7,-1.4867900948501358,966.2,4.1,48.2
0.21346943971778648,0.3397011996633648,U8,MN8014,17.52382628504037,4.000186712340397,WPG,SSPG,0.10997450774448159,0.33800181069221713,0.20007417234998603,-0.8611373889128527,5,-1.4867818354092606,966.2,4.1,48.2
0.21347382818728677,0.3397061774483426,U8,MN8014,17.524046486864396,4.000182138067463,WPG,SSPG,0.10997368641333755,0.338005114591196,0.2000749239402034,-0.8611740278913043,6,-1.4867178307843112,966.2,4.1,48.2
0.21346885942930183,0.3396917190930901,U8,MN8014,17.523714159031247,4.0001899168559785,WPG,SSPG,0.10997581215455236,0.33800222372302124,0.20007406985295337,-0.8611162121540947,2,-1.4868282886597868,966.2,4.1,48.2
0.21346867820723447,0.33969209337579487,U8,MN8014,17.523628012774036,4.000189970052255,WPG,SSPG,0.10997568817910669,0.338002296752575,0.20007384020214594,-0.8611148906793072,4,-1.486809446569124,966.2,4.1,48.2
0.21346603469219405,0.3396857137981145,U8,MN8014,17.52366149349024,4.000193113917802,WPG,SSPG,0.10997537561419678,0.33800045713025195,0.20007383060902434,-0.8610836919178729,4,-1.4868301107256716,966.2,4.1,48.2
0.21346574679674407,0.33968100508093757,U8,MN8014,17.52349560576002,4.000197276813751,WPG,SSPG,0.10997615764948715,0.33800043689195647,0.2000731058460522,-0.8610701011017411,6,-1.486831621441505,966.2,4.1,48.2
0.2134686273527585,0.3396864127526653,U8,MN8014,17.52348954293962,4.0001965369389625,WPG,SSPG,0.10997616056079722,0.3380025218053176,0.20007303914383429,-0.8611032431954778,2,-1.4868114663737781,966.2,4.1,48.2
0.21347071554358454,0.3396838873280694,U8,MN8014,17.523402369764266,4.00019571635907,WPG,SSPG,0.10997731771857677,0.3380041722551823,0.20007335592958628,-0.8611040341429207,4,-1.4868390931572613,966.2,4.1,48.2
0.21347086944792437,0.339677862800654,U8,MN8014,17.523272546814553,4.000198627184283,WPG,SSPG,0.10997851725912561,0.3380056946911317,0.2000730260896328,-0.8610950817777735,4,-1.4867923178585922,966.2,4.1,48.2
0.21346689674166072,0.339673500580813,U8,MN8014,17.523369416922293,4.0002016261336415,WPG,SSPG,0.10997832036038795,0.3380030359044575,0.20007263672043296,-0.8610579626011837,7,-1.4867114725734272,966.2,4.1,48.2
0.2134642676868313,0.33968118344666975,U8,MN8014,17.5238374899818,4.000193688357593,WPG,SSPG,0.10997493658288474,0.33799812817595476,0.20007372776006271,-0.8610570093127033,3,-1.486850018217197,966.2,4.1,48.2
0.21346677555916144,0.3396795750757242,U8,MN8014,17.52359008253574,4.000196332126292,WPG,SSPG,0.10997659880983611,0.3380010343954859,0.20007343476942502,-0.8610690684719012,7,-1.4868267496015264,966.2,4.1,48.2
0.21346506751703687,0.33968195737673434,U8,MN8014,17.523694169339535,4.000195222200826,WPG,SSPG,0.10997525373411993,0.3379989596265933,0.20007345202063664,-0.8610629785518973,5,-1.4868433054910888,966.2,4.1,48.2
0.213467557465716,0.3396849807915692,U8,MN8014,17.523628651583945,4.000196259643821,WPG,SSPG,0.10997466354440313,0.3380013942849119,0.20007364187678225,-0.8610844735699783,6,-1.4868018226693955,966.2,4.1,48.2
0.21346278250433637,0.33967832467347336,U8,MN8014,17.52355070499617,4.000200076949959,WPG,SSPG,0.10997572715543805,0.337997567425439,0.20007297467122503,-0.8610415241276851,5,-1.4868560081464874,966.2,4.1,48.2
0.2134616054835133,0.33967590264901604,U8,MN8014,17.523552063150255,4.0002032100572436,WPG,SSPG,0.10997551773222458,0.33799709351122514,0.2000725647215072,-0.8610294644981591,5,-1.4868031713016574,966.2,4.1,48.2
0.21346015866303195,0.33967360709181305,U8,MN8014,17.523658906935147,4.000200139565416,WPG,SSPG,0.10997563156120142,0.3379957757002024,0.20007273788251337,-0.8610152812952121,1,-1.4868206438578646,966.2,4.1,48.2
0.21346047534159948,0.3396742258256241,U8,MN8014,17.523572059715548,4.000200358375764,WPG,SSPG,0.10997620861448809,0.3379961549952895,0.20007271883681765,-0.8610172259623645,0,-1.4868232184748695,966.2,4.1,48.2
0.21345350720825262,0.3396699454363061,U8,MN8014,17.52385430851198,4.0002018804933845,WPG,SSPG,0.10997426364771853,0.33798965843862283,0.2000723629129994,-0.8609629149975764,4,-1.4868363402314468,966.2,4.1,48.2
0.21345452706452483,0.3396676371082916,U8,MN8014,17.523616901755126,4.000204620561744,WPG,SSPG,0.10997503718793883,0.3379916795658928,0.20007225240952306,-0.8609640055539327,0,-1.4868106473856297,966.2,4.1,48.2
0.21345809021022266,0.3396690959877597,U8,MN8014,17.523462306772586,4.000204369400765,WPG,SSPG,0.10997556266952543,0.3379946339962556,0.2000724640264634,-0.8609896535859868,2,-1.4868464659791467,966.2,4.1,48.2
0.21345721491216826,0.3396676359900608,U8,MN8014,17.52353587387722,4.000203666537808,WPG,SSPG,0.10997531513577824,0.3379937523939574,0.2000723612722727,-0.8609800434007333,5,-1.4868372828223766,966.2,4.1,48.2
0.21345930718848008,0.339668673036201,U8,MN8014,17.523473357800317,4.000203118532279,WPG,SSPG,0.10997536934232098,0.33799522565469187,0.20007265222452802,-0.86099256574397,0,-1.486867614868089,966.2,4.1,48.2
0.21345523063373778,0.3396661759183227,U8,MN8014,17.523611738973486,4.000204169844493,WPG,SSPG,0.10997465589904236,0.33799155338988635,0.20007226332086703,-0.8609627992788783,0,-1.4868690796427426,966.2,4.1,48.2
0.2134547388685979,0.3396646172075828,U8,MN8014,17.523575860307204,4.000206983147033,WPG,SSPG,0.1099733587671709,0.3379909159043724,0.2000718578123058,-0.8609532248286984,5,-1.486861549312719,966.2,4.1,48.2
0.2134586627611897,0.33966118631282993,U8,MN8014,17.523381550676056,4.0002071584848515,WPG,SSPG,0.10997583294192861,0.33799497672439005,0.2000720673276814,-0.8609715202021968,4,-1.4868788745482835,966.2,4.1,48.2
0.21346301041572288,0.33966201916273964,U8,MN8014,17.52322653611384,4.000207448781788,WPG,SSPG,0.10997585889397515,0.3379985479970474,0.20007223617737002,-0.8609968164227881,2,-1.4868873329246668,966.2,4.1,48.2
0.2134546169075553,0.33966002342598806,U8,MN8014,17.52347164204365,4.000207359854769,WPG,SSPG,0.10997406281877778,0.3379918961942657,0.2000717928427717,-0.8609462121285464,5,-1.4868536511354797,966.2,4.1,48.2
0.21345485268111386,0.3396583740304751,U8,MN8014,17.523432281222384,4.0002095066215455,WPG,SSPG,0.1099742513879502,0.33799213624433344,0.20007166498212198,-0.860945404755951,5,-1.4868710677851418,966.2,4.1,48.2
0.21345955250006476,0.33966296641043364,U8,MN8014,17.523558960990023,4.000203130015778,WPG,SSPG,0.10997532565360493,0.33799565552495886,0.20007240007821764,-0.8609845139218423,4,-1.4868528511427268,966.2,4.1,48.2
0.21346028385132823,0.3396658706890229,U8,MN8014,17.523605942956173,4.000201691012162,WPG,SSPG,0.10997493165846911,0.337996191164491,0.20007281047496997,-0.8609913156117392,7,-1.4868257493439536,966.2,4.1,48.2
0.2134630292775842,0.339660201787916,U8,MN8014,17.523319605077603,4.0002037042791185,WPG,SSPG,0.1099760328455757,0.3379995243496785,0.20007301889152446,-0.8609941182341353,0,-1.4868587668941604,966.2,4.1,48.2
0.21346220467846486,0.33966511442493064,U8,MN8014,17.523528190943395,4.000200598557223,WPG,SSPG,0.10997470539044185,0.33799755681704513,0.20007304284310307,-0.861000535672854,2,-1.4868788247265865,966.2,4.1,48.2
0.21346815130253582,0.3396711153878331,U8,MN8014,17.523569355871338,4.000196503947184,WPG,SSPG,0.10997428444637342,0.338002124827698,0.20007395661524002,-0.8610472084725396,6,-1.4868637204852853,966.2,4.1,48.2
0.21346547264467147,0.3396668292029463,U8,MN8014,17.523506719243983,4.000200765765609,WPG,SSPG,0.10997552996651025,0.33800066841907245,0.20007316773513226,-0.8610212507694196,1,-1.4867988903255256,966.2,4.1,48.2
0.21346584815820566,0.33965808726955415,U8,MN8014,17.52320013878608,4.000206124734803,WPG,SSPG,0.1099764287252876,0.3380017881600847,0.20007302789994846,-0.8610052464868323,3,-1.4868904305100532,966.2,4.1,48.2
0.21346140947161973,0.33965773214818734,U8,MN8014,17.523315528464394,4.000206534461984,WPG,SSPG,0.10997753563727472,0.3379992592330359,0.20007284975711237,-0.860978709006161,5,-1.4867784070109735,966.2,4.1,48.2
0.21346077151078116,0.33964965536719877,U8,MN8014,17.523247928840174,4.000208954834289,WPG,SSPG,0.10997686120766131,0.3379987886135286,0.20007282297646972,-0.8609580769252444,7,-1.4868683816831378,966.2,4.1,48.2
0.21346382962690635,0.3396525529513373,U8,MN8014,17.523106630246836,4.0002114749468065,WPG,SSPG,0.1099776277256101,0.3380013459063841,0.20007243460945873,-0.8609819511888941,1,-1.4868237846618992,966.2,4.1,48.2
0.21346702043639795,0.3396567079168137,U8,MN8014,17.523124443040665,4.000205887291471,WPG,SSPG,0.10997812038641008,0.3380029169900804,0.20007282122276462,-0.8610098331816317,7,-1.4868871514880055,966.2,4.1,48.2
0.21346376287649577,0.33964874095567005,U8,MN8014,17.523045349115268,4.000210179676256,WPG,SSPG,0.10997860101000505,0.3380013153324765,0.20007226571078454,-0.8609738936842324,7,-1.486862425109189,966.2,4.1,48.2
0.21347460016774922,0.3396536881806903,U8,MN8014,17.52289448054298,4.000207574996247,WPG,SSPG,0.10997939500275711,0.3380099876365763,0.20007341830854908,-0.8610467862540889,2,-1.4868887732979754,966.2,4.1,48.2
0.21346989577048206,0.33965589264048474,U8,MN8014,17.523096307233896,4.0002079788382385,WPG,SSPG,0.10997722906482177,0.338006432795652,0.20007307515302378,-0.8610273819239466,2,-1.4868069260844514,966.2,4.1,48.2
0.21347689799031072,0.3396684885585483,U8,MN8014,17.52311790378991,4.000200349943626,WPG,SSPG,0.10997822937329133,0.33801105746596133,0.2000743132364104,-0.8610950545859075,6,-1.486845533794277,966.2,4.1,48.2
0.21347753485389762,0.3396663752644137,U8,MN8014,17.52305949528527,4.000201192349004,WPG,SSPG,0.10997825851062953,0.33801169705670364,0.20007417507521744,-0.8610947869024157,7,-1.4868567362909815,966.2,4.1,48.2
0.21347781299232532,0.33966607315768693,U8,MN8014,17.523014017276463,4.000201815217727,WPG,SSPG,0.1099780580706668,0.3380118066900467,0.2000741161903435,-0.8610959426415218,0,-1.4868792544880538,966.2,4.1,48.2
0.21348006295917885,0.33965892656176716,U8,MN8014,17.52295477100011,4.000202729241757,WPG,SSPG,0.10997896074083746,0.3380143247717665,0.20007431636005704,-0.861091275779189,0,-1.4868754188447149,966.2,4.1,48.2
0.21347436598644354,0.33966855818190494,U8,MN8014,17.52334218029257,4.000198561078946,WPG,SSPG,0.10997723767106748,0.3380079102490208,0.2000741001868467,-0.8610800830354706,5,-1.4868668218598575,966.2,4.1,48.2
0.2134751543397035,0.3396531968846447,U8,MN8014,17.522998380371632,4.000204214357389,WPG,SSPG,0.10997941399346647,0.3380101541002733,0.20007354697442048,-0.8610503788733275,6,-1.4868973738212201,966.2,4.1,48.2
0.21347976694677614,0.33965895753650954,U8,MN8014,17.523119758511726,4.000198685113223,WPG,SSPG,0.10997923177460132,0.3380135190924416,0.2000744707911099,-0.8610892006345653,4,-1.4868827608304276,966.2,4.1,48.2
0.21347579201776254,0.339654705358993,U8,MN8014,17.52303903242913,4.000202234141179,WPG,SSPG,0.10998041172076975,0.3380109227213035,0.20007385629202049,-0.8610566222415242,2,-1.4868660398905629,966.2,4.1,48.2
0.21347736147716878,0.3396521988725393,U8,MN8014,17.523003412164236,4.000202641533584,WPG,SSPG,0.1099810860340623,0.3380123202475618,0.20007382989955008,-0.8610628258084808,0,-1.486885912014701,966.2,4.1,48.2
0.21347527114138617,0.3396550657007867,U8,MN8014,17.523043154993232,4.000202192935197,WPG,SSPG,0.10997993597836744,0.3380103360534706,0.2000738286014293,-0.8610555690339389,6,-1.4868867407549313,966.2,4.1,48.2
0.21347869417436924,0.33965543777266716,U8,MN8014,17.52298220000751,4.000202548783201,WPG,SSPG,0.10997950523609688,0.33801290309728826,0.20007394753477856,-0.8610755150712027,0,-1.4868989471701628,966.2,4.1,48.2
0.21347562365357967,0.33966026467417754,U8,MN8014,17.52309212582371,4.0002020055863134,WPG,SSPG,0.10997801675182586,0.33800968040410917,0.20007363419559418,-0.8610683105744689,0,-1.4868901148835416,966.2,4.1,48.2
0.21347788907928958,0.3396558578245276,U8,MN8014,17.522992500681095,4.000203106774582,WPG,SSPG,0.10997863059996887,0.3380120714897784,0.20007385906140074,-0.8610710036904703,2,-1.4869028612016013,966.2,4.1,48.2
0.21347922990700152,0.33965165105088213,U8,MN8014,17.522964747551125,4.000203507124523,WPG,SSPG,0.10997951484044892,0.3380134813913228,0.20007368929972139,-0.8610721242613404,6,-1.4869033671541185,966.2,4.1,48.2
0.21347947644000942,0.33965534723317453,U8,MN8014,17.523001977429995,4.0002018043047105,WPG,SSPG,0.10997937797945015,0.3380133507965686,0.2000739928598923,-0.8610787353954348,0,-1.48689942082755,966.2,4.1,48.2
0.21347703281525837,0.33964815079934507,U8,MN8014,17.522963327255805,4.000205228594992,WPG,SSPG,0.10997971602986828,0.3380116996469296,0.2000735470955812,-0.8610472518868678,7,-1.486909887413546,966.2,4.1,48.2
0.21347470557405498,0.3396415610992632,U8,MN8014,17.522993551030176,4.00020738465948,WPG,SSPG,0.10997973759432722,0.33801045712204747,0.20007349926395804,-0.8610193704185384,6,-1.486907750315071,966.2,4.1,48.2
0.21347648731876281,0.3396560045821727,U8,MN8014,17.52318029632884,4.000201279839486,WPG,SSPG,0.10997903911540283,0.3380109301661318,0.20007390655983218,-0.8610639936884933,5,-1.4868576470724246,966.2,4.1,48.2
0.21347731050176033,0.33965322933647035,U8,MN8014,17.523003350546713,4.000203734254594,WPG,SSPG,0.1099804701275654,0.33801231779925256,0.20007369755348742,-0.8610647694353024,1,-1.4868623663212954,966.2,4.1,48.2
0.21347840731966142,0.339655031177736,U8,MN8014,17.52309095647872,4.000201884646206,WPG,SSPG,0.10997975812507535,0.3380127237242642,0.20007391708973707,-0.8610744402136423,1,-1.4868675131173053,966.2,4.1,48.2
0.21347649336133698,0.33965176501328687,U8,MN8014,17.523017777077563,4.000203830308459,WPG,SSPG,0.10998044713450017,0.33801155390033555,0.20007376669182847,-0.861056739016076,6,-1.4868913636121892,966.2,4.1,48.2
0.21347745406468072,0.33964966239927047,U8,MN8014,17.522882528802846,4.00020562667287,WPG,SSPG,0.10998071185558247,0.3380129633807988,0.2000737992702423,-0.8610588101338907,2,-1.4868987311597106,966.2,4.1,48.2
0.21348193559789033,0.33965749917143806,U8,MN8014,17.522965745157208,4.000200545081251,WPG,SSPG,0.10998082472707532,0.3380154433242505,0.20007415165192213,-0.8611014481020776,2,-1.4869025784002634,966.2,4.1,48.2
0.21348070734454283,0.3396515462326948,U8,MN8014,17.522857388358787,4.000203922836413,WPG,SSPG,0.1099815456657871,0.3380153252410931,0.20007379813642912,-0.8610824027368988,1,-1.4868920641869252,966.2,4.1,48.2
0.2134804081232919,0.3396540198265493,U8,MN8014,17.522798204103463,4.000205715425379,WPG,SSPG,0.10998121611919467,0.3380155627652946,0.20007359857116613,-0.8610883408766549,7,-1.4868485961190938,966.2,4.1,48.2
0.2134751504270716,0.3396521317474861,U8,MN8014,17.5230355217168,4.000203727532028,WPG,SSPG,0.10998097052968783,0.3380107447054634,0.2000736996321929,-0.8610528659708389,0,-1.4868828354986654,966.2,4.1,48.2
0.21347962100370033,0.3396536604982973,U8,MN8014,17.522904397472313,4.000203898111048,WPG,SSPG,0.1099814279849178,0.3380143772424322,0.2000739272555124,-0.8610803836649962,2,-1.4868851920166666,966.2,4.1,48.2
0.2134833090125409,0.33965665107467025,U8,MN8014,17.52291848991935,4.000201311875934,WPG,SSPG,0.10998124225757183,0.3380171171182856,0.2000746324560754,-0.8611074282894847,5,-1.486905045072623,966.2,4.1,48.2
0.21348284030368692,0.33965330788111403,U8,MN8014,17.52280305390864,4.000203527942559,WPG,SSPG,0.10998213597784418,0.3380174869893703,0.2000743454620733,-0.8610990052494968,1,-1.486891154310035,966.2,4.1,48.2
0.2134790899267761,0.3396478393961547,U8,MN8014,17.522752844721232,4.000207915897558,WPG,SSPG,0.1099821555578349,0.3380146122201016,0.20007347222096122,-0.8610641401327606,0,-1.4868830400271236,966.2,4.1,48.2
0.21348067890315967,0.33965153858652314,U8,MN8014,17.522805242886566,4.0002050970146135,WPG,SSPG,0.10998224281627275,0.3380153857138239,0.20007372913961832,-0.861080480420302,7,-1.4868861015262063,966.2,4.1,48.2
0.2134823221180219,0.33965127503085213,U8,MN8014,17.522778450962676,4.0002042466451915,WPG,SSPG,0.10998315642170729,0.3380171189144008,0.20007389218864763,-0.8610920515120833,0,-1.486877194981238,966.2,4.1,48.2
0.21348287456797083,0.33964888864154064,U8,MN8014,17.522733857626687,4.000204399638597,WPG,SSPG,0.10998348864787127,0.3380176193429418,0.20007393315840402,-0.8610889624996697,3,-1.4868984719618386,966.2,4.1,48.2
0.21348202767334135,0.3396453546757401,U8,MN8014,17.52274913265175,4.000205567194199,WPG,SSPG,0.10998365880010394,0.33801660168636105,0.20007363200916517,-0.8610728887530555,4,-1.486908997885223,966.2,4.1,48.2
0.21348354325986174,0.3396530539095687,U8,MN8014,17.522750313260733,4.0002030067102075,WPG,SSPG,0.10998345544931898,0.33801777870892746,0.20007404447277158,-0.8611015934266291,6,-1.4868977126328051,966.2,4.1,48.2
0.21348309973897978,0.33965015082659156,U8,MN8014,17.52274230503083,4.00020433104657,WPG,SSPG,0.10998351305658503,0.33801740980115363,0.20007375828839444,-0.8610921264075108,0,-1.4868979568015153,966.2,4.1,48.2
0.21348172072687113,0.3396434762735191,U8,MN8014,17.522679722733272,4.000206668156643,WPG,SSPG,0.10998446487399431,0.3380167661363122,0.20007340853398126,-0.861069675087643,0,-1.4869096194987819,966.2,4.1,48.2
0.2134827531871023,0.3396463727561885,U8,MN8014,17.522716933870587,4.00020666116104,WPG,SSPG,0.10998455673691016,0.3380177002314403,0.20007334375082395,-0.8610862273799156,6,-1.486876322315121,966.2,4.1,48.2
0.21348496610156642,0.3396515060507277,U8,MN8014,17.522768716716712,4.000202135637655,WPG,SSPG,0.10998409349807789,0.3380188129946569,0.20007398385928485,-0.861108197992762,7,-1.4869062415658618,966.2,4.1,48.2
0.21347738959692664,0.3396486050317487,U8,MN8014,17.522943722649423,4.000204364825,WPG,SSPG,0.10998352383704593,0.33801223874739783,0.200073251218996,-0.8610533226134671,1,-1.4868799572108955,966.2,4.1,48.2
0.21347650694101744,0.33964231247436755,U8,MN8014,17.522874287376204,4.000207521350744,WPG,SSPG,0.10998287881706692,0.3380118245169315,0.2000731229047447,-0.8610325791063534,1,-1.4869096546723313,966.2,4.1,48.2
0.21347785677442455,0.3396479010986966,U8,MN8014,17.522825350746338,4.000205434640449,WPG,SSPG,0.10998289990979562,0.33801285280717175,0.2000732470548152,-0.8610545208627144,5,-1.4869012596408986,966.2,4.1,48.2
0.21347721953823773,0.3396507031042932,U8,MN8014,17.52297115690441,4.000203910442103,WPG,SSPG,0.10998191412264435,0.33801131392901046,0.20007312906535643,-0.8610554080122439,6,-1.486906922581145,966.2,4.1,48.2
0.21347690000490635,0.33965266713373654,U8,MN8014,17.522941705301484,4.000204446877555,WPG,SSPG,0.10998173644986947,0.338011415949238,0.200073393316266,-0.8610588159052679,2,-1.486902611846407,966.2,4.1,48.2
0.21347853917041099,0.33964090708199746,U8,MN8014,17.52265572714783,4.000208841032351,WPG,SSPG,0.10998362236135845,0.33801428174429615,0.2000731923584356,-0.8610402202284699,3,-1.4869045899949143,966.2,4.1,48.2
0.2134854288629779,0.3396505515306272,U8,MN8014,17.52265047174481,4.000205028051202,WPG,SSPG,0.10998342756144003,0.3380188114459226,0.20007362547142896,-0.8611028706923697,6,-1.486915277813683,966.2,4.1,48.2
0.21348027264320688,0.3396567049407416,U8,MN8014,17.522927861234077,4.000202296964835,WPG,SSPG,0.10998131749537937,0.3380138690164829,0.2000737623278867,-0.8610870007629196,0,-1.4869034503117238,966.2,4.1,48.2
0.21348043584171622,0.33965329244023235,U8,MN8014,17.52287795786316,4.00020402258672,WPG,SSPG,0.10998152394837822,0.3380142258516491,0.20007346068822685,-0.8610796558302211,4,-1.486892083900992,966.2,4.1,48.2
0.21348070841141104,0.33965533236773515,U8,MN8014,17.522985892345673,4.000201919472246,WPG,SSPG,0.1099816215404121,0.33801409981364294,0.20007379188780786,-0.8610849113487168,3,-1.4868928936501664,966.2,4.1,48.2
0.213475961701844,0.33965352589083575,U8,MN8014,17.523100120739997,4.000203263766782,WPG,SSPG,0.10998015345973922,0.3380105688695714,0.20007364746668685,-0.8610542807355083,4,-1.486872845808227,966.2,4.1,48.2
0.2134808714085544,0.3396541075089183,U8,MN8014,17.52308338138279,4.0002012731427055,WPG,SSPG,0.1099805262896075,0.3380144816595272,0.2000742993649532,-0.8610822606100499,1,-1.4868834484389932,966.2,4.1,48.2
0.21348218036714695,0.33964885088668567,U8,MN8014,17.522883683858936,4.000203383562497,WPG,SSPG,0.10998213776543746,0.3380163907501578,0.20007398424074282,-0.8610782668856203,4,-1.4868754061606015,966.2,4.1,48.2
0.21348270894258287,0.33965264627811564,U8,MN8014,17.52296956202732,4.000202047660158,WPG,SSPG,0.10998095925478676,0.3380164666415862,0.20007442434421746,-0.8610904529740819,0,-1.4868886998787865,966.2,4.1,48.2
0.21348289849481394,0.3396558259030778,U8,MN8014,17.523025634190155,4.000200396079846,WPG,SSPG,0.1099807551739933,0.33801580216326255,0.20007428702780966,-0.861098714365167,0,-1.486906623641623,966.2,4.1,48.2
0.21347771619795122,0.33964980697145575,U8,MN8014,17.522996708263946,4.000203969735963,WPG,SSPG,0.10998068461549132,0.33801220682444755,0.2000736918564985,-0.8610548958447453,6,-1.486897155772004,966.2,4.1,48.2
0.21347668634432201,0.3396448293642548,U8,MN8014,17.522979854972142,4.0002059378618355,WPG,SSPG,0.10998066602459104,0.33801165156019874,0.20007356477890423,-0.8610371289935533,5,-1.4869076946062592,966.2,4.1,48.2
0.2134768059789168,0.3396437109226858,U8,MN8014,17.522932378247795,4.000207506887977,WPG,SSPG,0.1099803912393128,0.33801154401400324,0.2000734369916444,-0.8610327259191592,3,-1.4869222710302132,966.2,4.1,48.2
0.21347621227664018,0.33964633802132566,U8,MN8014,17.523026055670798,4.00020528704097,WPG,SSPG,0.10998024770096082,0.3380110846950787,0.20007366630357137,-0.8610359094692163,0,-1.486898875251022,966.2,4.1,48.2
0.21347982103524613,0.3396479781942091,U8,MN8014,17.52301720150409,4.000203301719026,WPG,SSPG,0.1099810718400822,0.3380140651148917,0.20007416375802428,-0.8610619625666035,3,-1.486906425687268,966.2,4.1,48.2
0.2134784300725266,0.33964678941872456,U8,MN8014,17.523005595253363,4.000205067922796,WPG,SSPG,0.10998042795807661,0.33801290322569477,0.2000738961828281,-0.8610497631207896,1,-1.48690126422097,966.2,4.1,48.2
0.21347851455509337,0.3396421213072141,U8,MN8014,17.52292318639614,4.00020624508231,WPG,SSPG,0.10998086215785452,0.33801340200204805,0.20007388630822964,-0.8610396713135439,1,-1.4869229001449202,966.2,4.1,48.2
0.21347792219638492,0.3396460605094216,U8,MN8014,17.523060018350385,4.000204343167159,WPG,SSPG,0.10998026870110053,0.338012401720304,0.20007411683208165,-0.8610437526480005,4,-1.4869114221232156,966.2,4.1,48.2
0.21347692259472045,0.3396410927422056,U8,MN8014,17.52295204426087,4.000207518175544,WPG,SSPG,0.10998042870654254,0.33801204659880824,0.200073712464688,-0.8610279782786495,1,-1.4869238950771582,966.2,4.1,48.2
0.21347856307330126,0.3396448154410323,U8,MN8014,17.522953035463914,4.000206062143457,WPG,SSPG,0.10998054065679957,0.33801316195575803,0.2000738566715111,-0.8610469982542688,0,-1.4869214209242987,966.2,4.1,48.2
0.21347957982694588,0.33964629645009164,U8,MN8014,17.522935943855746,4.000205740772512,WPG,SSPG,0.10998054161141513,0.3380138510738863,0.2000738794241913,-0.8610556080275464,2,-1.4869178362073487,966.2,4.1,48.2
0.21348022585650048,0.3396437571594157,U8,MN8014,17.522879482657565,4.000207180583102,WPG,SSPG,0.10998069483613337,0.3380147919502629,0.2000740184001053,-0.8610528505322474,1,-1.4869197340045837,966.2,4.1,48.2
0.2134782838073845,0.339644856341,U8,MN8014,17.522940478034855,4.00020644837543,WPG,SSPG,0.10998060739869009,0.3380130080603228,0.20007385696097396,-0.8610448475321915,3,-1.4869176324060014,966.2,4.1,48.2
0.2134813054015975,0.3396455599849468,U8,MN8014,17.52287700494331,4.000205869037516,WPG,SSPG,0.10998107707310445,0.33801551253088735,0.20007413145252778,-0.86106365046758,6,-1.4869252850983035,966.2,4.1,48.2
0.21348001014149126,0.339643893871856,U8,MN8014,17.522881834371162,4.000207153250813,WPG,SSPG,0.10998044740156643,0.33801451912172975,0.20007403256908185,-0.8610508208574825,0,-1.48692329782941,966.2,4.1,48.2
0.2134793474533809,0.339643942608069,U8,MN8014,17.52290137358175,4.000206629379437,WPG,SSPG,0.10998030505235477,0.33801385138015794,0.20007392172575988,-0.8610470959825969,2,-1.4869240155060481,966.2,4.1,48.2
0.21347887061186743,0.33964342779472645,U8,MN8014,17.522922711317474,4.000206320521688,WPG,SSPG,0.10998029981320788,0.3380134128816767,0.200073847382263,-0.861043754269745,4,-1.4869262409819068,966.2,4.1,48.2
0.21347959082155973,0.3396448146386354,U8,MN8014,17.52291370840171,4.000206393654711,WPG,SSPG,0.10998042157155834,0.3380139471635943,0.20007385680955042,-0.8610520902290415,4,-1.4869247107183678,966.2,4.1,48.2
0.21347877354429848,0.3396441025892273,U8,MN8014,17.52291858398339,4.000206918748236,WPG,SSPG,0.10998023970810081,0.3380135305746198,0.20007384967337496,-0.8610454785394905,2,-1.4869106642477963,966.2,4.1,48.2
0.21347875754437948,0.33964275744717615,U8,MN8014,17.52292217669342,4.000206359408106,WPG,SSPG,0.10998093682559723,0.33801348233027295,0.20007383461287337,-0.8610422109280966,0,-1.486920450049018,966.2,4.1,48.2
0.21347836591951835,0.33964370045867465,U8,MN8014,17.5229710589024,4.000205972840724,WPG,SSPG,0.10998057573360145,0.3380127862941941,0.200073804022717,-0.8610407386536693,6,-1.4869233827973165,966.2,4.1,48.2
0.21347819510456847,0.3396448161105495,U8,MN8014,17.522984076059416,4.000205820223968,WPG,SSPG,0.10998004170693046,0.33801268033779364,0.20007392789583506,-0.8610423231167221,5,-1.486920919518747,966.2,4.1,48.2
0.21347739740476113,0.33964373270241366,U8,MN8014,17.523013402680366,4.000205757260875,WPG,SSPG,0.10998032089867003,0.3380119970857912,0.20007392323321285,-0.8610338698318407,4,-1.4869199805842133,966.2,4.1,48.2
0.2134782762802023,0.339645102910642,U8,MN8014,17.523024153524076,4.000204645991809,WPG,SSPG,0.10997990986039684,0.33801253619643046,0.2000740913234327,-0.8610417605968939,5,-1.4869274834904829,966.2,4.1,48.2
0.21347674097779204,0.33964402811108974,U8,MN8014,17.523019420829925,4.000205615211389,WPG,SSPG,0.1099800681563286,0.33801144458143595,0.20007392399661417,-0.8610302125969262,3,-1.4869204617282357,966.2,4.1,48.2
0.21347674862142313,0.33964635449691893,U8,MN8014,17.52310134070629,4.000203895234745,WPG,SSPG,0.10997963460373061,0.33801085581748663,0.20007404885025182,-0.8610335124373334,3,-1.4869279075455157,966.2,4.1,48.2
0.2134778964214908,0.33964394262296993,U8,MN8014,17.523017427577795,4.000205382418034,WPG,SSPG,0.10998032588472854,0.3380124116661758,0.2000740761566898,-0.8610373515183889,4,-1.4869262641210668,966.2,4.1,48.2
0.21347713350762199,0.33964534253282225,U8,MN8014,17.52307681143334,4.000204588228902,WPG,SSPG,0.10997970826174788,0.3380115304490941,0.20007417464877178,-0.8610347633349593,0,-1.4869268280629324,966.2,4.1,48.2
0.21347881025838072,0.3396461897771921,U8,MN8014,17.523062840248222,4.00020389786468,WPG,SSPG,0.10998000021164189,0.3380128370438995,0.20007423590812323,-0.8610469410274596,4,-1.4869239718170864,966.2,4.1,48.2
0.21347951166345555,0.3396455438846969,U8,MN8014,17.523028085273044,4.00020461482266,WPG,SSPG,0.10997961814994364,0.3380135590059164,0.20007423714907693,-0.8610500395986247,4,-1.486923410360605,966.2,4.1,48.2
0.21347864869000877,0.33964899737604093,U8,MN8014,17.523117835024806,4.000203217133495,WPG,SSPG,0.10997914619709334,0.33801242529510445,0.20007433635804578,-0.8610526883125983,1,-1.4869226940455196,966.2,4.1,48.2
0.21347766823898595,0.33964751852661307,U8,MN8014,17.523159122547504,4.000202551404896,WPG,SSPG,0.10997917017182329,0.3380116818726549,0.20007436365875525,-0.8610434158722948,2,-1.4869240195385736,966.2,4.1,48.2
0.2134787651651997,0.339648118417809,U8,MN8014,17.523109497097373,4.000203454732243,WPG,SSPG,0.10997918262389604,0.3380127770178779,0.2000743844793191,-0.861052168201453,6,-1.486916631901888,966.2,4.1,48.2
0.21347994325965705,0.33964890960957683,U8,MN8014,17.52309237606635,4.000202962272972,WPG,SSPG,0.10997945782279442,0.3380135932383675,0.20007444000776758,-0.8610603445330876,5,-1.4869211810255933,966.2,4.1,48.2
0.2134774432047658,0.3396488454808065,U8,MN8014,17.523157978934194,4.000202938083557,WPG,SSPG,0.10997902057681817,0.33801119196744756,0.20007416628281466,-0.8610449322654345,6,-1.4869259816961264,966.2,4.1,48.2
0.21347887315092956,0.33964937737299905,U8,MN8014,17.52315431257326,4.000202205178819,WPG,SSPG,0.10997938642944399,0.3380123246314445,0.2000742853733426,-0.8610548184837006,3,-1.4869260505536026,966.2,4.1,48.2
0.21347979560875452,0.3396489533631917,U8,MN8014,17.523107481637208,4.0002030026513955,WPG,SSPG,0.10997952559321238,0.3380133960849989,0.20007434983999361,-0.86105981529833,0,-1.4869171334124545,966.2,4.1,48.2
0.213478750039125,0.33964640769804166,U8,MN8014,17.52306721225167,4.000204302275505,WPG,SSPG,0.10997984851896073,0.33801265803609926,0.20007409155457925,-0.8610465748541682,0,-1.4869167786058402,966.2,4.1,48.2
0.21347907468115998,0.3396472957017617,U8,MN8014,17.523066124296776,4.000203355893479,WPG,SSPG,0.1099799109585881,0.3380127933936411,0.20007415929812614,-0.861050756385654,5,-1.4869276835636338,966.2,4.1,48.2
0.21347850709785773,0.33964862461412987,U8,MN8014,17.52311282618016,4.000202940960159,WPG,SSPG,0.10997959334836685,0.33801208941084104,0.20007414784068178,-0.8610496118286594,5,-1.4869226392109987,966.2,4.1,48.2
0.21347882495570714,0.33964855687552686,U8,MN8014,17.523114766010096,4.000202962275126,WPG,SSPG,0.10997933311979835,0.33801239171993447,0.20007425329827247,-0.8610513832236688,0,-1.4869254992104715,966.2,4.1,48.2
0.21347834680193448,0.339646767907989,U8,MN8014,17.523116702302758,4.000203312023448,WPG,SSPG,0.1099791916433486,0.338012041466672,0.20007420625111372,-0.8610431155095897,1,-1.4869250922107735,966.2,4.1,48.2
0.21347778380133678,0.33964393718822894,U8,MN8014,17.523063063232108,4.0002050695396685,WPG,SSPG,0.1099795513290471,0.3380119557304991,0.2000740415466566,-0.8610344481627751,3,-1.486926988109479,966.2,4.1,48.2
0.21347822609158684,0.33964806640398326,U8,MN8014,17.523120554210237,4.000203237338483,WPG,SSPG,0.10997892433627982,0.3380118776331122,0.2000742615060176,-0.861045953699757,7,-1.4869304801389625,966.2,4.1,48.2
0.2134775789838395,0.3396461635399557,U8,MN8014,17.52310357637233,4.0002039026814575,WPG,SSPG,0.1099792866172577,0.33801158141046794,0.20007414435658166,-0.8610378838612877,2,-1.4869244367100425,966.2,4.1,48.2
0.21347897947102487,0.3396460498401392,U8,MN8014,17.523058791231545,4.000204123196969,WPG,SSPG,0.10997917035771645,0.3380129744056454,0.20007428632021268,-0.8610475242820527,4,-1.4869287008196306,966.2,4.1,48.2
0.21347737374561654,0.33964497910012337,U8,MN8014,17.52307654428033,4.000204558305196,WPG,SSPG,0.10997948164019308,0.3380116163919298,0.2000740631824174,-0.861035394650843,6,-1.4869273265750707,966.2,4.1,48.2
0.21347809964073877,0.33964635452776243,U8,MN8014,17.523113496908444,4.000203312322094,WPG,SSPG,0.10997948657084364,0.3380120090113743,0.20007426809294415,-0.8610419432242828,5,-1.4869294730723137,966.2,4.1,48.2
0.21347759754740508,0.3396466531820907,U8,MN8014,17.523124356921116,4.000203452764165,WPG,SSPG,0.10997931561460592,0.3380116908703105,0.20007428595597607,-0.8610402705200147,7,-1.4869251431877029,966.2,4.1,48.2
0.21347656824389605,0.33964443720727194,U8,MN8014,17.523108525874093,4.000204508527903,WPG,SSPG,0.10997936171039194,0.33801096944671444,0.20007418290623455,-0.8610281693499147,4,-1.48692936769209,966.2,4.1,48.2
0.21347724646574495,0.33964422934090616,U8,MN8014,17.523067904320463,4.000205055368842,WPG,SSPG,0.10997928679807886,0.3380115528264119,0.20007408856697514,-0.8610321115175482,3,-1.486930228949456,966.2,4.1,48.2
0.21347721328910207,0.33964452896677927,U8,MN8014,17.523078309237444,4.000204891175692,WPG,SSPG,0.10997924829782539,0.33801157077008104,0.2000741278563503,-0.8610329055534363,3,-1.4869260995854336,966.2,4.1,48.2
0.2134773511153883,0.3396456853587709,U8,MN8014,17.523093969829926,4.000204355147024,WPG,SSPG,0.10997908862815939,0.3380115548831655,0.200074229925019,-0.8610360233599569,1,-1.4869301670103123,966.2,4.1,48.2
0.21347760721137354,0.3396448979176942,U8,MN8014,17.523056539858864,4.000204958734428,WPG,SSPG,0.10997937438837821,0.33801198875618343,0.20007417031832203,-0.8610365602038134,2,-1.4869258007478763,966.2,4.1,48.2
0.213477538876369,0.33964576322269074,U8,MN8014,17.523079297526625,4.0002041787263725,WPG,SSPG,0.10997920446470909,0.33801180386657625,0.20007427919776796,-0.8610371884466299,2,-1.4869281071209404,966.2,4.1,48.2
0.21347688883776297,0.33964539770205404,U8,MN8014,17.523100595346534,4.000204742122343,WPG,SSPG,0.10997875957002579,0.338011093055813,0.20007415921461644,-0.8610316673232636,2,-1.4869290910003468,966.2,4.1,48.2
0.21347607691285933,0.33964773615185423,U8,MN8014,17.523181459576772,4.000203149108903,WPG,SSPG,0.10997837160575794,0.33801005067588663,0.2000742423483957,-0.8610311898383235,5,-1.4869272730495506,966.2,4.1,48.2
0.2134759500929579,0.3396458196842261,U8,MN8014,17.523149020842716,4.0002041042559355,WPG,SSPG,0.10997862482166285,0.338010147717704,0.20007416851744356,-0.861026416574879,0,-1.4869305560126573,966.2,4.1,48.2
0.21347670188019446,0.3396467035474259,U8,MN8014,17.523139335365265,4.0002035452088505,WPG,SSPG,0.1099786478827729,0.3380106765018169,0.20007423916975142,-0.8610322968906378,7,-1.4869315264750291,966.2,4.1,48.2
0.2134770335628009,0.33964988783966477,U8,MN8014,17.523161652108296,4.000202847765369,WPG,SSPG,0.10997822924484688,0.33801069530764494,0.20007424887526462,-0.8610426438403984,3,-1.4869291630984183,966.2,4.1,48.2
0.21347839447796518,0.33964884230068576,U8,MN8014,17.523113999609592,4.0002033115948326,WPG,SSPG,0.10997832147978562,0.33801196308946446,0.20007437161950042,-0.8610474509596697,1,-1.4869325082888416,966.2,4.1,48.2
0.2134770405659085,0.3396490577688413,U8,MN8014,17.523165591712857,4.000202868551884,WPG,SSPG,0.10997840714593836,0.33801082862149445,0.20007436624595482,-0.8610398859381961,5,-1.486926893608997,966.2,4.1,48.2
0.21347909074182325,0.3396483874122142,U8,MN8014,17.523083569820987,4.0002035355153245,WPG,SSPG,0.1099788036086186,0.33801272894713674,0.20007441184663854,-0.8610503608298817,3,-1.4869247345482908,966.2,4.1,48.2
0.21347802584454278,0.3396474721467162,U8,MN8014,17.523079552906434,4.000204174865683,WPG,SSPG,0.10997860629714987,0.33801187906665525,0.20007430208260862,-0.8610420533200507,3,-1.4869309663135315,966.2,4.1,48.2
0.21347782042741442,0.3396491410883311,U8,MN8014,17.523120335803355,4.00020334356475,WPG,SSPG,0.10997831738009983,0.33801131305448245,0.2000742438744346,-0.8610439573908971,2,-1.4869333993276914,966.2,4.1,48.2
0.21347779709855758,0.3396483097800359,U8,MN8014,17.523124281758673,4.00020346835571,WPG,SSPG,0.10997826341377857,0.3380113689578259,0.20007431103315784,-0.8610414061106582,3,-1.4869340464685177,966.2,4.1,48.2
0.21347914727535952,0.3396478937645927,U8,MN8014,17.523116096852082,4.000202928079934,WPG,SSPG,0.10997858695282445,0.3380124734466927,0.2000744377755592,-0.8610477371467845,6,-1.48693457648546,966.2,4.1,48.2
0.21347790775941625,0.33964631772942655,U8,MN8014,17.523099275671257,4.0002042859968165,WPG,SSPG,0.10997841324299226,0.33801159752912424,0.20007428844860903,-0.861036577811477,0,-1.4869352650313665,966.2,4.1,48.2
0.21347755281411837,0.33964607675995384,U8,MN8014,17.523125319881892,4.0002038773698505,WPG,SSPG,0.10997829176110732,0.3380113499725034,0.20007434928259202,-0.8610345742184251,5,-1.4869367106532128,966.2,4.1,48.2
0.21347724039469232,0.3396456275361691,U8,MN8014,17.523124086021078,4.000203904918959,WPG,SSPG,0.10997814192038605,0.3380110833994067,0.20007435872906584,-0.8610305535369354,7,-1.4869377824089778,966.2,4.1,48.2
0.21347708984776392,0.33964527528205346,U8,MN8014,17.523148531690754,4.000203444535362,WPG,SSPG,0.1099782477550843,0.3380108808276339,0.20007430421703884,-0.8610291115693973,3,-1.486936855736685,966.2,4.1,48.2
0.21347671203944393,0.33964595847250273,U8,MN8014,17.523137315724167,4.000203894086089,WPG,SSPG,0.10997803678996074,0.33801060748991596,0.20007429882130684,-0.8610286278697596,1,-1.4869369553289236,966.2,4.1,48.2
0.21347782984960129,0.33964742228139355,U8,MN8014,17.52314185641529,4.000203093918621,WPG,SSPG,0.10997787157127381,0.33801142104456317,0.20007446806122456,-0.8610379753407962,0,-1.48693557132672,966.2,4.1,48.2
0.21347728144267533,0.3396465870796749,U8,MN8014,17.52314535281228,4.000203331872076,WPG,SSPG,0.10997810742945371,0.3380111141318145,0.20007441744953883,-0.8610341280513001,2,-1.486935961600011,966.2,4.1,48.2
0.21347664125740828,0.33964471097427457,U8,MN8014,17.52311403366273,4.000204419294282,WPG,SSPG,0.10997796387279823,0.33801075346512505,0.20007432259097355,-0.8610253214620429,3,-1.486937847453369,966.2,4.1,48.2
0.2134781440672026,0.33964662482120295,U8,MN8014,17.52310467754731,4.000203497350979,WPG,SSPG,0.10997838949239128,0.3380118567770774,0.2000744037873882,-0.8610389131824996,4,-1.4869350200181337,966.2,4.1,48.2
0.21347637609759923,0.33964516902174924,U8,MN8014,17.52315041536584,4.000203605657853,WPG,SSPG,0.10997783173973241,0.33801031422333994,0.20007438494750224,-0.8610231392737984,6,-1.4869397538577473,966.2,4.1,48.2
0.2134772522295337,0.33964370555296963,U8,MN8014,17.523092881017384,4.000203952771008,WPG,SSPG,0.10997862276244795,0.3380113070658246,0.200074361244195,-0.8610257262054969,0,-1.486939778076021,966.2,4.1,48.2
0.21347709865591347,0.33964612087988466,U8,MN8014,17.52313071185842,4.000203166438387,WPG,SSPG,0.10997816405176414,0.33801086910511846,0.2000743756175484,-0.8610297990263943,4,-1.4869372673954704,966.2,4.1,48.2
0.21347755165830481,0.33964459331101005,U8,MN8014,17.523121791927895,4.000203403273525,WPG,SSPG,0.10997838832757811,0.33801131021176983,0.20007437224103325,-0.8610291102947689,1,-1.486940994398724,966.2,4.1,48.2
0.2134774118866976,0.3396469898229896,U8,MN8014,17.52317829237812,4.000202306424971,WPG,SSPG,0.10997799211624741,0.3380109388392142,0.20007449048807985,-0.861033526786606,6,-1.4869382543059224,966.2,4.1,48.2
0.21347585747240122,0.33964613414672684,U8,MN8014,17.523219109794894,4.000202507533477,WPG,SSPG,0.10997761417329514,0.33800951230707266,0.2000744347081145,-0.8610206043201243,5,-1.48694196742494,966.2,4.1,48.2
0.2134764467898298,0.3396471814949709,U8,MN8014,17.523207954402835,4.000202488404444,WPG,SSPG,0.1099774161322794,0.3380099846379824,0.20007448232304345,-0.8610266716566113,6,-1.486939505778821,966.2,4.1,48.2
0.21347576730640216,0.33964783127935083,U8,MN8014,17.52324744176682,4.0002015738526575,WPG,SSPG,0.10997714995085353,0.33800923713449216,0.2000745501489424,-0.8610226343453868,4,-1.4869414671845202,966.2,4.1,48.2
0.2134752427441864,0.3396454427094311,U8,MN8014,17.52321870102744,4.000202913995586,WPG,SSPG,0.10997708029288375,0.33800907742830616,0.2000744866266739,-0.8610137610711995,0,-1.4869407206759604,966.2,4.1,48.2
0.21347672500383044,0.339646421046769,U8,MN8014,17.523203409374077,4.000202464583765,WPG,SSPG,0.10997720339689693,0.3380102678794783,0.20007463715012505,-0.8610248711607439,4,-1.4869420992666225,966.2,4.1,48.2
0.21347444579426694,0.3396459543233303,U8,MN8014,17.523246865435,4.00020264325003,WPG,SSPG,0.10997671993270719,0.3380083135359476,0.20007449962991955,-0.8610097098010042,5,-1.486942703866708,966.2,4.1,48.2
0.21347389035624129,0.33964653999473626,U8,MN8014,17.52326346510327,4.000202388449591,WPG,SSPG,0.10997645066626081,0.33800782774413024,0.2000744515338866,-0.8610083599985656,7,-1.4869400131672705,966.2,4.1,48.2
0.21347395956613455,0.33964413483763545,U8,MN8014,17.523179636480243,4.000204002238307,WPG,SSPG,0.1099767924595493,0.3380082889070589,0.20007434345059744,-0.8610037461273452,4,-1.4869420947913543,966.2,4.1,48.2
0.2134752330993628,0.339644704441166,U8,MN8014,17.52316415347073,4.000202980611343,WPG,SSPG,0.10997735853528304,0.33800923819238565,0.2000743827283785,-0.8610124239976338,2,-1.4869430555072523,966.2,4.1,48.2
0.21347540537397292,0.33964707354371193,U8,MN8014,17.52321120341781,4.000202078289869,WPG,SSPG,0.10997689802096541,0.3380091345786067,0.20007453968512717,-0.8610179959675303,7,-1.4869393707496847,966.2,4.1,48.2
0.21347562148728091,0.3396468411231665,U8,MN8014,17.523231657963418,4.000200976558787,WPG,SSPG,0.10997713814037871,0.33800915642536883,0.200074632399487,-0.8610171654734035,4,-1.4869445632751663,966.2,4.1,48.2
0.2134756434839912,0.33964793715557595,U8,MN8014,17.5231711062551,4.000202178006339,WPG,SSPG,0.10997732525048531,0.3380094199038597,0.20007460158981236,-0.8610212464436208,4,-1.4869420930068813,966.2,4.1,48.2
0.2134737109985598,0.3396448832231855,U8,MN8014,17.5232264108095,4.000203385479429,WPG,SSPG,0.10997631034760244,0.3380075462069263,0.2000744076383199,-0.8609991219950959,2,-1.4869470075171254,966.2,4.1,48.2
0.21347624060022533,0.3396491416419994,U8,MN8014,17.523249278042933,4.000200600022303,WPG,SSPG,0.10997667999054286,0.33800933366198127,0.20007480238464298,-0.8610241118611328,4,-1.4869496731034548,966.2,4.1,48.2
0.21347565314905784,0.33964516668918027,U8,MN8014,17.523147052585006,4.000204017838622,WPG,SSPG,0.10997662276104198,0.33800928856849277,0.20007443286849394,-0.8610120929282894,5,-1.4869488152477306,966.2,4.1,48.2
0.21347392838829438,0.33964492181008815,U8,MN8014,17.523213617604682,4.0002033252754865,WPG,SSPG,0.10997659025112098,0.3380078413379745,0.2000744898143705,-0.8610010034603731,6,-1.486949371915804,966.2,4.1,48.2
0.21347544390465428,0.33964539744690836,U8,MN8014,17.523156418653556,4.000203490404298,WPG,SSPG,0.1099771199776816,0.33800941009619007,0.2000745408700431,-0.8610138919778451,3,-1.4869448890719958,966.2,4.1,48.2
0.21347745220922565,0.3396454238939556,U8,MN8014,17.52308606184764,4.00020373768764,WPG,SSPG,0.10997725296896271,0.3380110631746148,0.20007459677432352,-0.86102442574822,4,-1.4869463967311844,966.2,4.1,48.2
0.21347731264985742,0.3396466196099085,U8,MN8014,17.52309054122518,4.000203563246362,WPG,SSPG,0.1099773097301075,0.3380108191984633,0.20007453157130853,-0.8610270353398355,3,-1.4869481492191614,966.2,4.1,48.2
0.21347547761673286,0.3396472835569762,U8,MN8014,17.523168779936555,4.000203075224859,WPG,SSPG,0.10997668337828317,0.338008994365911,0.20007447652976829,-0.861015925628876,3,-1.486945956695033,966.2,4.1,48.2
0.21347722669751218,0.33964930159100026,U8,MN8014,17.523138425817805,4.000202259699936,WPG,SSPG,0.10997681028955983,0.3380104041085052,0.20007471367126528,-0.8610305977679725,1,-1.486948332917983,966.2,4.1,48.2
0.21347536916601764,0.3396470124162496,U8,MN8014,17.523182266985334,4.000202678550696,WPG,SSPG,0.1099765905197449,0.3380087357196762,0.200074548273993,-0.8610125399718341,0,-1.4869528186998497,966.2,4.1,48.2
0.21347540150317162,0.3396467385881877,U8,MN8014,17.52319916613812,4.000203134815565,WPG,SSPG,0.1099762662749324,0.33800883384363417,0.2000746550560036,-0.8610122615125813,5,-1.4869525291980015,966.2,4.1,48.2
0.21347657647571683,0.3396458824419734,U8,MN8014,17.523182118629315,4.000202854918893,WPG,SSPG,0.10997654156728265,0.338009738105272,0.20007464075928047,-0.8610167312814224,4,-1.4869543341443077,966.2,4.1,48.2
0.21347546540733953,0.3396464426071117,U8,MN8014,17.523224062819665,4.000202703852276,WPG,SSPG,0.10997610863265711,0.3380087478903132,0.2000746797852444,-0.8610111008798,4,-1.4869546032800045,966.2,4.1,48.2
0.21347515575921422,0.33964664796011534,U8,MN8014,17.52323353787422,4.0002022007584515,WPG,SSPG,0.10997600042344734,0.3380083779397242,0.20007463626966665,-0.8610092072890296,4,-1.486955999184179,966.2,4.1,48.2
0.2134753601212678,0.3396473875504996,U8,MN8014,17.523250487644063,4.000201917582914,WPG,SSPG,0.10997617707009441,0.3380084008125763,0.20007473001301423,-0.8610107698327754,5,-1.4869563405354356,966.2,4.1,48.2
0.21347539646644342,0.3396470982866474,U8,MN8014,17.523271410092953,4.000201327336312,WPG,SSPG,0.1099760785367919,0.3380083034011992,0.20007474928127297,-0.8610093698371324,3,-1.4869579545054332,966.2,4.1,48.2
0.21347733574517452,0.3396479171707011,U8,MN8014,17.523203218024893,4.0002016902876205,WPG,SSPG,0.10997664438458668,0.33801008449206765,0.20007482722703113,-0.8610243360467843,2,-1.4869582024599488,966.2,4.1,48.2
0.21347609821504418,0.33964718078989703,U8,MN8014,17.523271813509638,4.000201085954719,WPG,SSPG,0.10997594938614977,0.33800894079041904,0.20007474979641315,-0.861015751523547,7,-1.4869578237471668,966.2,4.1,48.2
0.21347565682176722,0.33964695439970216,U8,MN8014,17.52330366859616,4.000200222208463,WPG,SSPG,0.10997610297598626,0.338008446618904,0.20007483393144201,-0.8610103788168803,1,-1.4869579549372762,966.2,4.1,48.2
0.21347586390200324,0.33964832708630543,U8,MN8014,17.523317976394914,4.000200009199352,WPG,SSPG,0.10997626596042351,0.33800846173526305,0.20007486726138965,-0.8610145855207291,3,-1.4869576229649208,966.2,4.1,48.2
0.21347599807265233,0.33964782977928254,U8,MN8014,17.52329629453868,4.000200323750776,WPG,SSPG,0.10997596913095367,0.33800863541266335,0.20007484178701085,-0.8610143003950805,5,-1.486959652103721,966.2,4.1,48.2
0.21347596464974014,0.3396462635053108,U8,MN8014,17.523246415829746,4.000201344842113,WPG,SSPG,0.1099763777888014,0.33800879642807247,0.20007468974416778,-0.8610102663618809,2,-1.4869558904710836,966.2,4.1,48.2
0.21347853510174888,0.3396474640717765,U8,MN8014,17.523216383608997,4.000200088185013,WPG,SSPG,0.1099772455416125,0.3380109185685587,0.20007491211553088,-0.8610288046032719,2,-1.4869569106502016,966.2,4.1,48.2
0.21347835588497718,0.3396470171812873,U8,MN8014,17.5231601016443,4.000201869811265,WPG,SSPG,0.10997678473732589,0.33801093161250845,0.2000747367602838,-0.8610277755997741,1,-1.4869575073908425,966.2,4.1,48.2
0.2134797993766706,0.33964567904656734,U8,MN8014,17.523071736217304,4.000203083827509,WPG,SSPG,0.10997743561526156,0.338012352513259,0.20007463537904766,-0.861033881798131,6,-1.486957698251583,966.2,4.1,48.2
0.21348075128632288,0.3396454330783126,U8,MN8014,17.52303052354027,4.000202921585274,WPG,SSPG,0.10997783842528823,0.3380133820848764,0.20007477749451089,-0.8610398590245367,4,-1.4869611595363672,966.2,4.1,48.2
0.21347987036736085,0.33964648890193344,U8,MN8014,17.52305882497098,4.000203003461348,WPG,SSPG,0.1099771778811901,0.3380124002028134,0.200074649794415,-0.8610360930181417,1,-1.486957793599002,966.2,4.1,48.2
0.21348273036526244,0.3396467073535213,U8,MN8014,17.523040312680543,4.000201349157958,WPG,SSPG,0.10997815602066185,0.338014721316208,0.20007493304726687,-0.8610534276768982,1,-1.4869637590983977,966.2,4.1,48.2
0.21347974672427084,0.3396470373550838,U8,MN8014,17.523145319282598,4.000201389186508,WPG,SSPG,0.10997686293374474,0.338011982340184,0.20007490532922725,-0.8610342016557683,1,-1.486961504647308,966.2,4.1,48.2
0.2134799752164746,0.3396477688091011,U8,MN8014,17.523169754949294,4.000200590295828,WPG,SSPG,0.10997696114798222,0.33801198934223886,0.2000749918555027,-0.8610367769920679,4,-1.4869672644641536,966.2,4.1,48.2
0.21347995989431096,0.33964708733362614,U8,MN8014,17.523173607546333,4.000201002392711,WPG,SSPG,0.10997673864556477,0.3380121036627207,0.20007503029666465,-0.8610351852825164,6,-1.4869629392225043,966.2,4.1,48.2
0.21347900445240675,0.3396494047424575,U8,MN8014,17.52324948438293,4.0002001914849785,WPG,SSPG,0.10997610063166474,0.3380108012776572,0.20007497764956989,-0.8610340613230815,4,-1.4869665492905266,966.2,4.1,48.2
0.21348043105521228,0.3396488676479335,U8,MN8014,17.52313501836216,4.000201293483723,WPG,SSPG,0.1099765662673217,0.33801223377035766,0.20007485389398572,-0.861041749086098,5,-1.4869651901299328,966.2,4.1,48.2
0.21348132634490075,0.33965058805733733,U8,MN8014,17.523195895088765,4.000199731630343,WPG,SSPG,0.10997624382481674,0.33801258841979265,0.20007506164582933,-0.861049866148113,4,-1.4869698026685967,966.2,4.1,48.2
0.21348008267943785,0.33965155370451094,U8,MN8014,17.523268176810838,4.000198846947367,WPG,SSPG,0.10997591801135029,0.33801149598667446,0.20007510595256803,-0.8610453992090944,3,-1.4869640362441796,966.2,4.1,48.2
0.21348089885652277,0.33965167373072347,U8,MN8014,17.523242765753906,4.000198906212331,WPG,SSPG,0.10997587009256066,0.3380120675427484,0.20007511932336083,-0.8610496599981038,4,-1.4869693905332806,966.2,4.1,48.2
0.21348116875630796,0.33964979600399225,U8,MN8014,17.523182375738266,4.000200004310585,WPG,SSPG,0.10997610462595225,0.33801261328807086,0.2000750415249555,-0.8610473451859812,0,-1.486966994065126,966.2,4.1,48.2
0.21348116804693182,0.33964990658748656,U8,MN8014,17.52320161115881,4.000200255350115,WPG,SSPG,0.10997580119596667,0.3380125127229936,0.20007506934872055,-0.8610471561300739,7,-1.4869682549365724,966.2,4.1,48.2
0.21348231539990653,0.33964899919182673,U8,MN8014,17.52316731977457,4.000199938573341,WPG,SSPG,0.10997623893490915,0.33801359551000254,0.2000751163756938,-0.8610524279866961,2,-1.4869708985360237,966.2,4.1,48.2
0.21348148917686133,0.33965014157015583,U8,MN8014,17.523198827739137,4.000199440323175,WPG,SSPG,0.10997627556372624,0.33801277000251684,0.2000750558095786,-0.8610501284491637,0,-1.4869673998607738,966.2,4.1,48.2
0.2134832407827689,0.3396485521004299,U8,MN8014,17.523069194348526,4.000200565578607,WPG,SSPG,0.1099772125409382,0.3380147269890753,0.20007506343332138,-0.8610582961070565,5,-1.486970373865029,966.2,4.1,48.2
0.2134824519227725,0.3396487471816586,U8,MN8014,17.52313072551358,4.0001999725120205,WPG,SSPG,0.10997678744232474,0.33801396464783146,0.20007517777247122,-0.8610531424203852,7,-1.4869696475859921,966.2,4.1,48.2
0.2134836087132583,0.33965220020071374,U8,MN8014,17.523197891989142,4.0001977012864245,WPG,SSPG,0.10997698507965295,0.3380144821962687,0.20007531988864316,-0.8610680768701127,6,-1.4869645118614514,966.2,4.1,48.2
0.21348433471078207,0.3396511799846247,U8,MN8014,17.52319368309889,4.000197697121802,WPG,SSPG,0.10997681524614267,0.338014970102976,0.20007539479558287,-0.8610682949085552,0,-1.4869719422922572,966.2,4.1,48.2
0.21348455590735915,0.33965055133907984,U8,MN8014,17.523146596660947,4.000198395431447,WPG,SSPG,0.10997705478898165,0.3380155106450168,0.2000753689461645,-0.8610703680925581,5,-1.4869696594425328,966.2,4.1,48.2
0.2134841839419779,0.3396530605419959,U8,MN8014,17.5232296153563,4.000196842370992,WPG,SSPG,0.10997676608598853,0.33801472308662234,0.2000754956411668,-0.8610721035492013,4,-1.4869705465376963,966.2,4.1,48.2
0.2134856275655544,0.33965190969565934,U8,MN8014,17.52312340963934,4.000198224054634,WPG,SSPG,0.10997687483322142,0.3380161791093689,0.20007544237568164,-0.861078047809743,1,-1.4869730883219283,966.2,4.1,48.2
0.21348453001633327,0.3396521261765887,U8,MN8014,17.523182827799847,4.000197946899368,WPG,SSPG,0.10997645907753849,0.33801504192144965,0.20007534037821487,-0.8610719599334338,6,-1.4869725388669952,966.2,4.1,48.2
0.2134874534071763,0.3396526521222367,U8,MN8014,17.523124346488764,4.0001971015366795,WPG,SSPG,0.10997715083905457,0.33801754953120955,0.20007559377864,-0.8610903962882828,3,-1.486974922020627,966.2,4.1,48.2
0.2134869445175318,0.33965286666040906,U8,MN8014,17.52310480372483,4.000197868273693,WPG,SSPG,0.10997702180795751,0.33801717787467384,0.20007549021791377,-0.8610881144816206,4,-1.4869729657609714,966.2,4.1,48.2
0.21348746124102952,0.33965327553540153,U8,MN8014,17.523130949600738,4.000197133574826,WPG,SSPG,0.10997702027175119,0.3380173838288694,0.20007558306651835,-0.8610909249334384,0,-1.4869769603438066,966.2,4.1,48.2
0.2134891936172476,0.33965392251919074,U8,MN8014,17.523124019095853,4.000196286670039,WPG,SSPG,0.10997701923412428,0.33801867420485276,0.20007573429064965,-0.8611016899837548,7,-1.4869782079460823,966.2,4.1,48.2
Time taken (seconds)
2026-10-08 18:35:58
